[2026-07-06 04:02:18] system info:
    hostname: i402
    platform: Linux-6.8.0-83-generic-x86_64-with-glibc2.35
    python: 3.10.12
    torch: 2.9.1+cu128
    world_size: 8
    cuda: 12.8
    cudnn: 91002
    gpu_name: NVIDIA B200
    gpus_visible: 8
    gpu_mem_gib: 178.35
    gpu_capability: 10.0
    gpu_sm_count: 148
    nvidia_driver: 580.82.07
    cpu_affinity: 64
    cpu_cores_logical: 768
    cpu_cores_physical: 384
    ram_total_gib: 3022.95
    ram_available_gib: 2948.81
[2026-07-06 04:02:18] GPU-hour budget: 12 GPU-h on 8 ranks => wall-clock cutoff 1.500h (clock starts after step 0; checked every step).
[2026-07-06 04:03:49] step 000000 | loss 10.398465 | lrm 0.0250 | dt_ms 49837.6
[2026-07-06 04:03:51] step 000001 | loss 10.330253 | lrm 0.0500 | dt_ms 1320.1
[2026-07-06 04:03:52] step 000002 | loss 10.173653 | lrm 0.0750 | dt_ms 1097.4
[2026-07-06 04:03:53] step 000003 | loss 9.974333 | lrm 0.1000 | dt_ms 1108.1
[2026-07-06 04:03:55] step 000004 | loss 9.585333 | lrm 0.1250 | dt_ms 1132.7
[2026-07-06 04:03:56] step 000005 | loss 9.024161 | lrm 0.1500 | dt_ms 1105.3
[2026-07-06 04:03:57] step 000006 | loss 8.675430 | lrm 0.1750 | dt_ms 1117.6
[2026-07-06 04:03:58] step 000007 | loss 8.150277 | lrm 0.2000 | dt_ms 1089.6
[2026-07-06 04:03:59] step 000008 | loss 6.430276 | lrm 0.2250 | dt_ms 1093.4
[2026-07-06 04:04:00] step 000009 | loss 6.374998 | lrm 0.2500 | dt_ms 1081.6
[2026-07-06 04:04:01] step 000010 | loss 5.917222 | lrm 0.2750 | dt_ms 1085.2
[2026-07-06 04:04:02] step 000011 | loss 6.377408 | lrm 0.3000 | dt_ms 1087.0
[2026-07-06 04:04:03] step 000012 | loss 5.963888 | lrm 0.3250 | dt_ms 1081.9
[2026-07-06 04:04:04] step 000013 | loss 6.001369 | lrm 0.3500 | dt_ms 1105.5
[2026-07-06 04:04:05] step 000014 | loss 5.215083 | lrm 0.3750 | dt_ms 1076.3
[2026-07-06 04:04:07] step 000015 | loss 5.438071 | lrm 0.4000 | dt_ms 1129.1
[2026-07-06 04:04:08] step 000016 | loss 5.785074 | lrm 0.4250 | dt_ms 1065.7
[2026-07-06 04:04:09] step 000017 | loss 5.118877 | lrm 0.4500 | dt_ms 1080.3
[2026-07-06 04:04:10] step 000018 | loss 5.270179 | lrm 0.4750 | dt_ms 1097.6
[2026-07-06 04:04:11] step 000019 | loss 5.292523 | lrm 0.5000 | dt_ms 1101.8
[2026-07-06 04:04:12] step 000020 | loss 5.191119 | lrm 0.5250 | dt_ms 1148.7
[2026-07-06 04:04:13] step 000021 | loss 5.223665 | lrm 0.5500 | dt_ms 1065.0
[2026-07-06 04:04:14] step 000022 | loss 5.364150 | lrm 0.5750 | dt_ms 1090.0
[2026-07-06 04:04:15] step 000023 | loss 5.250647 | lrm 0.6000 | dt_ms 1074.6
[2026-07-06 04:04:16] step 000024 | loss 5.381004 | lrm 0.6250 | dt_ms 1086.0
[2026-07-06 04:04:18] step 000025 | loss 4.773413 | lrm 0.6500 | dt_ms 1133.9
[2026-07-06 04:04:19] step 000026 | loss 4.871949 | lrm 0.6750 | dt_ms 1091.4
[2026-07-06 04:04:20] step 000027 | loss 4.644694 | lrm 0.7000 | dt_ms 1074.7
[2026-07-06 04:04:21] step 000028 | loss 5.226706 | lrm 0.7250 | dt_ms 1076.9
[2026-07-06 04:04:22] step 000029 | loss 4.862342 | lrm 0.7500 | dt_ms 1059.0
[2026-07-06 04:04:23] step 000030 | loss 4.414321 | lrm 0.7750 | dt_ms 1058.1
[2026-07-06 04:04:24] step 000031 | loss 5.000922 | lrm 0.8000 | dt_ms 1057.9
[2026-07-06 04:04:25] step 000032 | loss 5.051270 | lrm 0.8250 | dt_ms 1060.0
[2026-07-06 04:04:26] step 000033 | loss 4.951910 | lrm 0.8500 | dt_ms 1052.8
[2026-07-06 04:04:27] step 000034 | loss 4.412136 | lrm 0.8750 | dt_ms 1065.2
[2026-07-06 04:04:28] step 000035 | loss 4.516812 | lrm 0.9000 | dt_ms 1084.3
[2026-07-06 04:04:29] step 000036 | loss 4.840117 | lrm 0.9250 | dt_ms 1048.2
[2026-07-06 04:04:30] step 000037 | loss 4.689369 | lrm 0.9500 | dt_ms 1138.7
[2026-07-06 04:04:31] step 000038 | loss 4.868618 | lrm 0.9750 | dt_ms 1046.2
[2026-07-06 04:04:33] step 000039 | loss 4.806178 | lrm 1.0000 | dt_ms 1105.3
[2026-07-06 04:04:34] step 000040 | loss 4.723543 | lrm 1.0000 | dt_ms 1109.0
[2026-07-06 04:04:35] step 000041 | loss 4.506734 | lrm 1.0000 | dt_ms 1051.1
[2026-07-06 04:04:36] step 000042 | loss 4.633347 | lrm 1.0000 | dt_ms 1079.9
[2026-07-06 04:04:37] step 000043 | loss 4.871994 | lrm 1.0000 | dt_ms 1075.8
[2026-07-06 04:04:38] step 000044 | loss 4.178389 | lrm 1.0000 | dt_ms 1046.3
[2026-07-06 04:04:39] step 000045 | loss 4.737416 | lrm 1.0000 | dt_ms 1078.3
[2026-07-06 04:04:40] step 000046 | loss 4.834153 | lrm 1.0000 | dt_ms 1036.6
[2026-07-06 04:04:41] step 000047 | loss 4.718112 | lrm 1.0000 | dt_ms 1152.2
[2026-07-06 04:04:42] step 000048 | loss 4.183704 | lrm 1.0000 | dt_ms 1050.2
[2026-07-06 04:04:43] step 000049 | loss 4.299273 | lrm 1.0000 | dt_ms 1045.6
[2026-07-06 04:04:44] step 000050 | loss 4.621423 | lrm 1.0000 | dt_ms 1069.4
[2026-07-06 04:04:45] step 000051 | loss 4.568756 | lrm 1.0000 | dt_ms 1069.6
[2026-07-06 04:04:47] step 000052 | loss 4.711309 | lrm 1.0000 | dt_ms 1108.4
[2026-07-06 04:04:48] step 000053 | loss 4.073068 | lrm 1.0000 | dt_ms 1048.6
[2026-07-06 04:04:49] step 000054 | loss 4.118064 | lrm 1.0000 | dt_ms 1042.0
[2026-07-06 04:04:50] step 000055 | loss 4.498415 | lrm 1.0000 | dt_ms 1068.8
[2026-07-06 04:04:51] step 000056 | loss 4.277945 | lrm 1.0000 | dt_ms 1072.9
[2026-07-06 04:04:52] step 000057 | loss 4.583872 | lrm 1.0000 | dt_ms 1036.0
[2026-07-06 04:04:53] step 000058 | loss 4.464606 | lrm 1.0000 | dt_ms 1037.9
[2026-07-06 04:04:54] step 000059 | loss 4.500864 | lrm 1.0000 | dt_ms 1084.4
[2026-07-06 04:04:55] step 000060 | loss 4.039207 | lrm 1.0000 | dt_ms 1045.8
[2026-07-06 04:04:56] step 000061 | loss 4.195137 | lrm 1.0000 | dt_ms 1066.8
[2026-07-06 04:04:57] step 000062 | loss 3.857802 | lrm 1.0000 | dt_ms 1107.5
[2026-07-06 04:04:58] step 000063 | loss 4.241551 | lrm 1.0000 | dt_ms 1058.9
[2026-07-06 04:04:59] step 000064 | loss 4.450727 | lrm 1.0000 | dt_ms 1068.0
[2026-07-06 04:05:00] step 000065 | loss 4.429397 | lrm 1.0000 | dt_ms 1027.9
[2026-07-06 04:05:01] step 000066 | loss 3.880711 | lrm 1.0000 | dt_ms 1034.5
[2026-07-06 04:05:02] step 000067 | loss 4.364040 | lrm 1.0000 | dt_ms 1143.9
[2026-07-06 04:05:04] step 000068 | loss 4.111622 | lrm 1.0000 | dt_ms 1049.5
[2026-07-06 04:05:05] step 000069 | loss 4.228931 | lrm 1.0000 | dt_ms 1043.7
[2026-07-06 04:05:06] step 000070 | loss 4.244793 | lrm 1.0000 | dt_ms 1038.6
[2026-07-06 04:05:07] step 000071 | loss 4.293951 | lrm 1.0000 | dt_ms 1056.6
[2026-07-06 04:05:08] step 000072 | loss 4.187014 | lrm 1.0000 | dt_ms 1125.8
[2026-07-06 04:05:09] step 000073 | loss 3.809037 | lrm 1.0000 | dt_ms 1029.0
[2026-07-06 04:05:10] step 000074 | loss 3.738259 | lrm 1.0000 | dt_ms 1087.5
[2026-07-06 04:05:11] step 000075 | loss 3.773823 | lrm 1.0000 | dt_ms 1115.9
[2026-07-06 04:05:12] step 000076 | loss 3.770681 | lrm 1.0000 | dt_ms 1030.2
[2026-07-06 04:05:13] step 000077 | loss 3.931590 | lrm 1.0000 | dt_ms 1085.5
[2026-07-06 04:05:14] step 000078 | loss 3.862387 | lrm 1.0000 | dt_ms 1046.3
[2026-07-06 04:05:15] step 000079 | loss 4.045205 | lrm 1.0000 | dt_ms 1067.3
[2026-07-06 04:05:16] step 000080 | loss 3.946489 | lrm 1.0000 | dt_ms 1086.5
[2026-07-06 04:05:17] step 000081 | loss 3.827626 | lrm 1.0000 | dt_ms 1038.1
[2026-07-06 04:05:18] step 000082 | loss 3.810167 | lrm 1.0000 | dt_ms 1068.6
[2026-07-06 04:05:20] step 000083 | loss 3.945950 | lrm 1.0000 | dt_ms 1057.5
[2026-07-06 04:05:21] step 000084 | loss 4.301190 | lrm 1.0000 | dt_ms 1051.4
[2026-07-06 04:05:22] step 000085 | loss 3.895677 | lrm 1.0000 | dt_ms 1061.9
[2026-07-06 04:05:23] step 000086 | loss 3.738410 | lrm 1.0000 | dt_ms 1020.3
[2026-07-06 04:05:24] step 000087 | loss 3.936698 | lrm 1.0000 | dt_ms 1084.9
[2026-07-06 04:05:25] step 000088 | loss 3.951391 | lrm 1.0000 | dt_ms 1054.3
[2026-07-06 04:05:26] step 000089 | loss 3.663168 | lrm 1.0000 | dt_ms 1042.6
[2026-07-06 04:05:27] step 000090 | loss 3.317454 | lrm 1.0000 | dt_ms 1028.3
[2026-07-06 04:05:28] step 000091 | loss 3.622910 | lrm 1.0000 | dt_ms 1110.5
[2026-07-06 04:05:29] step 000092 | loss 3.681683 | lrm 1.0000 | dt_ms 1088.6
[2026-07-06 04:05:30] step 000093 | loss 3.552712 | lrm 1.0000 | dt_ms 1036.7
[2026-07-06 04:05:31] step 000094 | loss 3.673477 | lrm 1.0000 | dt_ms 1020.0
[2026-07-06 04:05:32] step 000095 | loss 3.703611 | lrm 1.0000 | dt_ms 1036.3
[2026-07-06 04:05:33] step 000096 | loss 3.639197 | lrm 1.0000 | dt_ms 1025.7
[2026-07-06 04:05:34] step 000097 | loss 3.402870 | lrm 1.0000 | dt_ms 1104.5
[2026-07-06 04:05:35] step 000098 | loss 3.607932 | lrm 1.0000 | dt_ms 1049.3
[2026-07-06 04:05:36] step 000099 | loss 3.408362 | lrm 1.0000 | dt_ms 1016.1
[2026-07-06 04:05:37] step 000100 | loss 3.217848 | lrm 1.0000 | dt_ms 1058.6
[2026-07-06 04:05:38] step 000101 | loss 3.356047 | lrm 1.0000 | dt_ms 1021.6
[2026-07-06 04:05:39] step 000102 | loss 3.283308 | lrm 1.0000 | dt_ms 1037.2
[2026-07-06 04:05:41] step 000103 | loss 3.067483 | lrm 1.0000 | dt_ms 1092.7
[2026-07-06 04:05:42] step 000104 | loss 3.515337 | lrm 1.0000 | dt_ms 1039.9
[2026-07-06 04:05:43] step 000105 | loss 3.207729 | lrm 1.0000 | dt_ms 1058.4
[2026-07-06 04:05:44] step 000106 | loss 3.398795 | lrm 1.0000 | dt_ms 1057.6
[2026-07-06 04:05:45] step 000107 | loss 3.559844 | lrm 1.0000 | dt_ms 1058.8
[2026-07-06 04:05:46] step 000108 | loss 4.151404 | lrm 1.0000 | dt_ms 1078.6
[2026-07-06 04:05:47] step 000109 | loss 3.669561 | lrm 1.0000 | dt_ms 1013.1
[2026-07-06 04:05:48] step 000110 | loss 3.503342 | lrm 1.0000 | dt_ms 1031.7
[2026-07-06 04:05:49] step 000111 | loss 3.823241 | lrm 1.0000 | dt_ms 1064.0
[2026-07-06 04:05:50] step 000112 | loss 3.412724 | lrm 1.0000 | dt_ms 1072.2
[2026-07-06 04:05:51] step 000113 | loss 3.480592 | lrm 1.0000 | dt_ms 1072.8
[2026-07-06 04:05:52] step 000114 | loss 3.224668 | lrm 1.0000 | dt_ms 1049.0
[2026-07-06 04:05:53] step 000115 | loss 3.365362 | lrm 1.0000 | dt_ms 1059.4
[2026-07-06 04:05:54] step 000116 | loss 3.231037 | lrm 1.0000 | dt_ms 1056.2
[2026-07-06 04:05:55] step 000117 | loss 3.197776 | lrm 1.0000 | dt_ms 1022.2
[2026-07-06 04:05:56] step 000118 | loss 3.536699 | lrm 1.0000 | dt_ms 1065.5
[2026-07-06 04:05:57] step 000119 | loss 3.206090 | lrm 1.0000 | dt_ms 1084.2
[2026-07-06 04:05:59] step 000120 | loss 3.273097 | lrm 1.0000 | dt_ms 1112.7
[2026-07-06 04:06:00] step 000121 | loss 3.007504 | lrm 1.0000 | dt_ms 1065.6
[2026-07-06 04:06:01] step 000122 | loss 3.452735 | lrm 1.0000 | dt_ms 1058.6
[2026-07-06 04:06:02] step 000123 | loss 3.134444 | lrm 1.0000 | dt_ms 1013.6
[2026-07-06 04:06:03] step 000124 | loss 3.317146 | lrm 1.0000 | dt_ms 1027.1
[2026-07-06 04:06:04] step 000125 | loss 2.721602 | lrm 1.0000 | dt_ms 1058.0
[2026-07-06 04:06:05] step 000126 | loss 2.911275 | lrm 1.0000 | dt_ms 1072.5
[2026-07-06 04:06:06] step 000127 | loss 2.685957 | lrm 1.0000 | dt_ms 1075.4
[2026-07-06 04:06:07] step 000128 | loss 3.394215 | lrm 1.0000 | dt_ms 1084.1
[2026-07-06 04:06:08] step 000129 | loss 3.088245 | lrm 1.0000 | dt_ms 1006.7
[2026-07-06 04:06:09] step 000130 | loss 2.954106 | lrm 1.0000 | dt_ms 1037.4
[2026-07-06 04:06:10] step 000131 | loss 2.851406 | lrm 1.0000 | dt_ms 1010.5
[2026-07-06 04:06:11] step 000132 | loss 3.268104 | lrm 1.0000 | dt_ms 1082.5
[2026-07-06 04:06:12] step 000133 | loss 2.850236 | lrm 1.0000 | dt_ms 1085.7
[2026-07-06 04:06:13] step 000134 | loss 3.261004 | lrm 1.0000 | dt_ms 1071.1
[2026-07-06 04:06:14] step 000135 | loss 2.831974 | lrm 1.0000 | dt_ms 1035.4
[2026-07-06 04:06:15] step 000136 | loss 3.203821 | lrm 1.0000 | dt_ms 1023.8
[2026-07-06 04:06:16] step 000137 | loss 3.119749 | lrm 1.0000 | dt_ms 1052.3
[2026-07-06 04:06:17] step 000138 | loss 3.018822 | lrm 1.0000 | dt_ms 1023.4
[2026-07-06 04:06:19] step 000139 | loss 3.117599 | lrm 1.0000 | dt_ms 1041.1
[2026-07-06 04:06:20] step 000140 | loss 2.889130 | lrm 1.0000 | dt_ms 1144.9
[2026-07-06 04:06:21] step 000141 | loss 3.077688 | lrm 1.0000 | dt_ms 1071.7
[2026-07-06 04:06:22] step 000142 | loss 3.094540 | lrm 1.0000 | dt_ms 1041.9
[2026-07-06 04:06:23] step 000143 | loss 2.570121 | lrm 1.0000 | dt_ms 1053.0
[2026-07-06 04:06:24] step 000144 | loss 3.026053 | lrm 1.0000 | dt_ms 1057.5
[2026-07-06 04:06:25] step 000145 | loss 2.905941 | lrm 1.0000 | dt_ms 1013.9
[2026-07-06 04:06:26] step 000146 | loss 2.752206 | lrm 1.0000 | dt_ms 1021.3
[2026-07-06 04:06:27] step 000147 | loss 2.769197 | lrm 1.0000 | dt_ms 1040.0
[2026-07-06 04:06:28] step 000148 | loss 2.771233 | lrm 1.0000 | dt_ms 1094.3
[2026-07-06 04:06:29] step 000149 | loss 2.843124 | lrm 1.0000 | dt_ms 1056.4
[2026-07-06 04:06:30] step 000150 | loss 2.986508 | lrm 1.0000 | dt_ms 1065.0
[2026-07-06 04:06:31] step 000151 | loss 2.944836 | lrm 1.0000 | dt_ms 1040.2
[2026-07-06 04:06:32] step 000152 | loss 2.864720 | lrm 1.0000 | dt_ms 1035.2
[2026-07-06 04:06:33] step 000153 | loss 2.464574 | lrm 1.0000 | dt_ms 1099.7
[2026-07-06 04:06:34] step 000154 | loss 3.131392 | lrm 1.0000 | dt_ms 1012.4
[2026-07-06 04:06:35] step 000155 | loss 2.581708 | lrm 1.0000 | dt_ms 1024.4
[2026-07-06 04:06:37] step 000156 | loss 2.792025 | lrm 1.0000 | dt_ms 1144.0
[2026-07-06 04:06:38] step 000157 | loss 2.739412 | lrm 1.0000 | dt_ms 1076.4
[2026-07-06 04:06:39] step 000158 | loss 2.524124 | lrm 1.0000 | dt_ms 1076.0
[2026-07-06 04:06:40] step 000159 | loss 2.853106 | lrm 1.0000 | dt_ms 1051.8
[2026-07-06 04:06:41] step 000160 | loss 2.431617 | lrm 1.0000 | dt_ms 1010.3
[2026-07-06 04:06:42] step 000161 | loss 2.651477 | lrm 1.0000 | dt_ms 1054.6
[2026-07-06 04:06:43] step 000162 | loss 2.671398 | lrm 1.0000 | dt_ms 1058.0
[2026-07-06 04:06:44] step 000163 | loss 2.662059 | lrm 1.0000 | dt_ms 1045.5
[2026-07-06 04:06:45] step 000164 | loss 2.629253 | lrm 1.0000 | dt_ms 1033.5
[2026-07-06 04:06:46] step 000165 | loss 2.831328 | lrm 1.0000 | dt_ms 1037.6
[2026-07-06 04:06:47] step 000166 | loss 2.516665 | lrm 1.0000 | dt_ms 1033.8
[2026-07-06 04:06:48] step 000167 | loss 2.189069 | lrm 1.0000 | dt_ms 1004.5
[2026-07-06 04:06:49] step 000168 | loss 2.319890 | lrm 1.0000 | dt_ms 1047.8
[2026-07-06 04:06:50] step 000169 | loss 2.092031 | lrm 1.0000 | dt_ms 1116.5
[2026-07-06 04:06:51] step 000170 | loss 2.219298 | lrm 1.0000 | dt_ms 1055.3
[2026-07-06 04:06:52] step 000171 | loss 2.143864 | lrm 1.0000 | dt_ms 1042.1
[2026-07-06 04:06:53] step 000172 | loss 2.753627 | lrm 1.0000 | dt_ms 1024.5
[2026-07-06 04:06:54] step 000173 | loss 2.700302 | lrm 1.0000 | dt_ms 1041.9
[2026-07-06 04:06:55] step 000174 | loss 2.284853 | lrm 1.0000 | dt_ms 1006.6
[2026-07-06 04:06:56] step 000175 | loss 2.155205 | lrm 1.0000 | dt_ms 1004.4
[2026-07-06 04:06:57] step 000176 | loss 2.175347 | lrm 1.0000 | dt_ms 1082.5
[2026-07-06 04:06:58] step 000177 | loss 2.275741 | lrm 1.0000 | dt_ms 1056.0
[2026-07-06 04:07:00] step 000178 | loss 2.003410 | lrm 1.0000 | dt_ms 1054.1
[2026-07-06 04:07:01] step 000179 | loss 2.081086 | lrm 1.0000 | dt_ms 1078.4
[2026-07-06 04:07:02] step 000180 | loss 2.207830 | lrm 1.0000 | dt_ms 1064.1
[2026-07-06 04:07:03] step 000181 | loss 2.118857 | lrm 1.0000 | dt_ms 1079.9
[2026-07-06 04:07:04] step 000182 | loss 2.327748 | lrm 1.0000 | dt_ms 1045.0
[2026-07-06 04:07:05] step 000183 | loss 2.113016 | lrm 1.0000 | dt_ms 1003.1
[2026-07-06 04:07:06] step 000184 | loss 1.928389 | lrm 1.0000 | dt_ms 1089.6
[2026-07-06 04:07:07] step 000185 | loss 1.896771 | lrm 1.0000 | dt_ms 1094.1
[2026-07-06 04:07:08] step 000186 | loss 1.905216 | lrm 1.0000 | dt_ms 1018.7
[2026-07-06 04:07:09] step 000187 | loss 2.259090 | lrm 1.0000 | dt_ms 1041.3
[2026-07-06 04:07:10] step 000188 | loss 2.028001 | lrm 1.0000 | dt_ms 1033.4
[2026-07-06 04:07:11] step 000189 | loss 1.839705 | lrm 1.0000 | dt_ms 1010.9
[2026-07-06 04:07:12] step 000190 | loss 1.728488 | lrm 1.0000 | dt_ms 1094.3
[2026-07-06 04:07:13] step 000191 | loss 1.843650 | lrm 1.0000 | dt_ms 1054.1
[2026-07-06 04:07:14] step 000192 | loss 1.925680 | lrm 1.0000 | dt_ms 1025.0
[2026-07-06 04:07:15] step 000193 | loss 1.822059 | lrm 1.0000 | dt_ms 1025.8
[2026-07-06 04:07:16] step 000194 | loss 1.684060 | lrm 1.0000 | dt_ms 1040.3
[2026-07-06 04:07:17] step 000195 | loss 1.705656 | lrm 1.0000 | dt_ms 1000.4
[2026-07-06 04:07:18] step 000196 | loss 1.671750 | lrm 1.0000 | dt_ms 1086.6
[2026-07-06 04:07:20] step 000197 | loss 1.671047 | lrm 1.0000 | dt_ms 1092.9
[2026-07-06 04:07:21] step 000198 | loss 1.545563 | lrm 1.0000 | dt_ms 1031.7
[2026-07-06 04:07:22] step 000199 | loss 1.558033 | lrm 1.0000 | dt_ms 1068.8
[2026-07-06 04:07:23] step 000200 | loss 1.878208 | lrm 1.0000 | dt_ms 1037.3
[2026-07-06 04:07:24] step 000201 | loss 1.807834 | lrm 1.0000 | dt_ms 1043.7
[2026-07-06 04:07:25] step 000202 | loss 1.497445 | lrm 1.0000 | dt_ms 1025.6
[2026-07-06 04:07:26] step 000203 | loss 1.459795 | lrm 1.0000 | dt_ms 1001.7
[2026-07-06 04:07:27] step 000204 | loss 1.467387 | lrm 1.0000 | dt_ms 1108.1
[2026-07-06 04:07:28] step 000205 | loss 1.489590 | lrm 1.0000 | dt_ms 1030.1
[2026-07-06 04:07:29] step 000206 | loss 1.413166 | lrm 1.0000 | dt_ms 1085.4
[2026-07-06 04:07:30] step 000207 | loss 1.574547 | lrm 1.0000 | dt_ms 1025.7
[2026-07-06 04:07:31] step 000208 | loss 1.505275 | lrm 1.0000 | dt_ms 1017.1
[2026-07-06 04:07:32] step 000209 | loss 1.478685 | lrm 1.0000 | dt_ms 1074.8
[2026-07-06 04:07:33] step 000210 | loss 1.331248 | lrm 1.0000 | dt_ms 1034.0
[2026-07-06 04:07:34] step 000211 | loss 1.404446 | lrm 1.0000 | dt_ms 1003.0
[2026-07-06 04:07:35] step 000212 | loss 1.357285 | lrm 1.0000 | dt_ms 1072.6
[2026-07-06 04:07:36] step 000213 | loss 1.417424 | lrm 1.0000 | dt_ms 1019.7
[2026-07-06 04:07:37] step 000214 | loss 1.319341 | lrm 1.0000 | dt_ms 1094.5
[2026-07-06 04:07:38] step 000215 | loss 1.305011 | lrm 1.0000 | dt_ms 1057.8
[2026-07-06 04:07:39] step 000216 | loss 1.465369 | lrm 1.0000 | dt_ms 1041.7
[2026-07-06 04:07:40] step 000217 | loss 1.285257 | lrm 1.0000 | dt_ms 1040.8
[2026-07-06 04:07:41] step 000218 | loss 1.382128 | lrm 1.0000 | dt_ms 1030.2
[2026-07-06 04:07:43] step 000219 | loss 1.226578 | lrm 1.0000 | dt_ms 1024.1
[2026-07-06 04:07:44] step 000220 | loss 1.251616 | lrm 1.0000 | dt_ms 1126.8
[2026-07-06 04:07:45] step 000221 | loss 1.422180 | lrm 1.0000 | dt_ms 1018.4
[2026-07-06 04:07:46] step 000222 | loss 1.469516 | lrm 1.0000 | dt_ms 1071.8
[2026-07-06 04:07:47] step 000223 | loss 1.286536 | lrm 1.0000 | dt_ms 1023.4
[2026-07-06 04:07:48] step 000224 | loss 1.169833 | lrm 1.0000 | dt_ms 1017.5
[2026-07-06 04:07:49] step 000225 | loss 1.314808 | lrm 1.0000 | dt_ms 1055.0
[2026-07-06 04:07:50] step 000226 | loss 1.545115 | lrm 1.0000 | dt_ms 1041.5
[2026-07-06 04:07:51] step 000227 | loss 1.128019 | lrm 1.0000 | dt_ms 1089.2
[2026-07-06 04:07:52] step 000228 | loss 1.290798 | lrm 1.0000 | dt_ms 1005.5
[2026-07-06 04:07:53] step 000229 | loss 1.266359 | lrm 1.0000 | dt_ms 1040.9
[2026-07-06 04:07:54] step 000230 | loss 1.345465 | lrm 1.0000 | dt_ms 1017.4
[2026-07-06 04:07:55] step 000231 | loss 1.129098 | lrm 1.0000 | dt_ms 1006.9
[2026-07-06 04:07:56] step 000232 | loss 1.331900 | lrm 1.0000 | dt_ms 996.9
[2026-07-06 04:07:57] step 000233 | loss 1.202177 | lrm 1.0000 | dt_ms 1060.1
[2026-07-06 04:07:58] step 000234 | loss 1.098840 | lrm 1.0000 | dt_ms 1090.3
[2026-07-06 04:07:59] step 000235 | loss 1.136327 | lrm 1.0000 | dt_ms 1035.6
[2026-07-06 04:08:00] step 000236 | loss 1.359826 | lrm 1.0000 | dt_ms 1033.7
[2026-07-06 04:08:01] step 000237 | loss 1.156557 | lrm 1.0000 | dt_ms 1019.0
[2026-07-06 04:08:02] step 000238 | loss 1.188562 | lrm 1.0000 | dt_ms 1004.7
[2026-07-06 04:08:03] step 000239 | loss 1.146503 | lrm 1.0000 | dt_ms 1020.9
[2026-07-06 04:08:04] step 000240 | loss 1.339119 | lrm 1.0000 | dt_ms 1007.0
[2026-07-06 04:08:05] step 000241 | loss 1.120671 | lrm 1.0000 | dt_ms 1054.6
[2026-07-06 04:08:06] step 000242 | loss 1.239416 | lrm 1.0000 | dt_ms 1076.6
[2026-07-06 04:08:07] step 000243 | loss 1.177112 | lrm 1.0000 | dt_ms 1025.7
[2026-07-06 04:08:09] step 000244 | loss 1.042604 | lrm 1.0000 | dt_ms 1056.8
[2026-07-06 04:08:10] step 000245 | loss 1.106998 | lrm 1.0000 | dt_ms 1022.4
[2026-07-06 04:08:11] step 000246 | loss 1.075102 | lrm 1.0000 | dt_ms 997.3
[2026-07-06 04:08:12] step 000247 | loss 1.156280 | lrm 1.0000 | dt_ms 1020.0
[2026-07-06 04:08:13] step 000248 | loss 1.238362 | lrm 1.0000 | dt_ms 1002.8
[2026-07-06 04:08:14] step 000249 | loss 1.117079 | lrm 1.0000 | dt_ms 1032.4
[2026-07-06 04:08:15] step 000250 | loss 1.083879 | lrm 1.0000 | dt_ms 1050.0
[2026-07-06 04:08:16] step 000251 | loss 1.132889 | lrm 1.0000 | dt_ms 1046.9
[2026-07-06 04:08:17] step 000252 | loss 0.995955 | lrm 1.0000 | dt_ms 1017.7
[2026-07-06 04:08:18] step 000253 | loss 1.070895 | lrm 1.0000 | dt_ms 1063.1
[2026-07-06 04:08:19] step 000254 | loss 1.049242 | lrm 1.0000 | dt_ms 1043.2
[2026-07-06 04:08:20] step 000255 | loss 1.066832 | lrm 1.0000 | dt_ms 1047.7
[2026-07-06 04:08:21] step 000256 | loss 1.020352 | lrm 1.0000 | dt_ms 999.5
[2026-07-06 04:08:22] step 000257 | loss 1.244737 | lrm 1.0000 | dt_ms 1074.3
[2026-07-06 04:08:23] step 000258 | loss 1.170987 | lrm 1.0000 | dt_ms 997.8
[2026-07-06 04:08:24] step 000259 | loss 0.962576 | lrm 1.0000 | dt_ms 1048.9
[2026-07-06 04:08:25] step 000260 | loss 0.984950 | lrm 1.0000 | dt_ms 1026.6
[2026-07-06 04:08:26] step 000261 | loss 1.168044 | lrm 1.0000 | dt_ms 1090.0
[2026-07-06 04:08:27] step 000262 | loss 1.047414 | lrm 1.0000 | dt_ms 1064.5
[2026-07-06 04:08:28] step 000263 | loss 1.022269 | lrm 1.0000 | dt_ms 1040.8
[2026-07-06 04:08:29] step 000264 | loss 1.093758 | lrm 1.0000 | dt_ms 1030.7
[2026-07-06 04:08:30] step 000265 | loss 1.006372 | lrm 1.0000 | dt_ms 1049.8
[2026-07-06 04:08:31] step 000266 | loss 1.078551 | lrm 1.0000 | dt_ms 1006.3
[2026-07-06 04:08:32] step 000267 | loss 1.158785 | lrm 1.0000 | dt_ms 1017.1
[2026-07-06 04:08:33] step 000268 | loss 1.123207 | lrm 1.0000 | dt_ms 1005.9
[2026-07-06 04:08:34] step 000269 | loss 1.041705 | lrm 1.0000 | dt_ms 1050.3
[2026-07-06 04:08:35] step 000270 | loss 1.101816 | lrm 1.0000 | dt_ms 1056.6
[2026-07-06 04:08:36] step 000271 | loss 1.190756 | lrm 1.0000 | dt_ms 1046.8
[2026-07-06 04:08:38] step 000272 | loss 0.923189 | lrm 1.0000 | dt_ms 1041.3
[2026-07-06 04:08:39] step 000273 | loss 1.171123 | lrm 1.0000 | dt_ms 1042.8
[2026-07-06 04:08:40] step 000274 | loss 1.021942 | lrm 1.0000 | dt_ms 1015.7
[2026-07-06 04:08:41] step 000275 | loss 0.985446 | lrm 1.0000 | dt_ms 1067.8
[2026-07-06 04:08:42] step 000276 | loss 0.962641 | lrm 1.0000 | dt_ms 1042.5
[2026-07-06 04:08:43] step 000277 | loss 0.839627 | lrm 1.0000 | dt_ms 1064.2
[2026-07-06 04:08:44] step 000278 | loss 1.105960 | lrm 1.0000 | dt_ms 1027.5
[2026-07-06 04:08:45] step 000279 | loss 0.974261 | lrm 1.0000 | dt_ms 1099.1
[2026-07-06 04:08:46] step 000280 | loss 1.018948 | lrm 1.0000 | dt_ms 1075.5
[2026-07-06 04:08:47] step 000281 | loss 1.142012 | lrm 1.0000 | dt_ms 1058.8
[2026-07-06 04:08:48] step 000282 | loss 1.190976 | lrm 1.0000 | dt_ms 1018.2
[2026-07-06 04:08:49] step 000283 | loss 1.127518 | lrm 1.0000 | dt_ms 1028.8
[2026-07-06 04:08:50] step 000284 | loss 0.987618 | lrm 1.0000 | dt_ms 1004.1
[2026-07-06 04:08:51] step 000285 | loss 1.177517 | lrm 1.0000 | dt_ms 1085.5
[2026-07-06 04:08:52] step 000286 | loss 0.856001 | lrm 1.0000 | dt_ms 999.1
[2026-07-06 04:08:53] step 000287 | loss 1.076148 | lrm 1.0000 | dt_ms 1103.6
[2026-07-06 04:08:54] step 000288 | loss 0.982717 | lrm 1.0000 | dt_ms 1035.2
[2026-07-06 04:08:55] step 000289 | loss 1.033046 | lrm 1.0000 | dt_ms 1021.2
[2026-07-06 04:08:56] step 000290 | loss 1.081873 | lrm 1.0000 | dt_ms 994.9
[2026-07-06 04:08:57] step 000291 | loss 0.951043 | lrm 1.0000 | dt_ms 1060.7
[2026-07-06 04:08:58] step 000292 | loss 0.772189 | lrm 1.0000 | dt_ms 1037.9
[2026-07-06 04:08:59] step 000293 | loss 1.157349 | lrm 1.0000 | dt_ms 1063.0
[2026-07-06 04:09:01] step 000294 | loss 1.172112 | lrm 1.0000 | dt_ms 1030.3
[2026-07-06 04:09:02] step 000295 | loss 1.093421 | lrm 1.0000 | dt_ms 1042.6
[2026-07-06 04:09:03] step 000296 | loss 1.072643 | lrm 1.0000 | dt_ms 1011.4
[2026-07-06 04:09:04] step 000297 | loss 1.018235 | lrm 1.0000 | dt_ms 1067.3
[2026-07-06 04:09:05] step 000298 | loss 0.996804 | lrm 1.0000 | dt_ms 1005.0
[2026-07-06 04:09:06] step 000299 | loss 0.985685 | lrm 1.0000 | dt_ms 1083.2
[2026-07-06 04:09:07] step 000300 | loss 1.085013 | lrm 1.0000 | dt_ms 1064.2
[2026-07-06 04:09:08] step 000301 | loss 1.086286 | lrm 1.0000 | dt_ms 1038.1
[2026-07-06 04:09:09] step 000302 | loss 0.993749 | lrm 1.0000 | dt_ms 1049.7
[2026-07-06 04:09:10] step 000303 | loss 0.936038 | lrm 1.0000 | dt_ms 1013.1
[2026-07-06 04:09:11] step 000304 | loss 1.203466 | lrm 1.0000 | dt_ms 1038.8
[2026-07-06 04:09:12] step 000305 | loss 0.923306 | lrm 1.0000 | dt_ms 1024.2
[2026-07-06 04:09:13] step 000306 | loss 1.011439 | lrm 1.0000 | dt_ms 989.4
[2026-07-06 04:09:14] step 000307 | loss 1.058097 | lrm 1.0000 | dt_ms 1038.3
[2026-07-06 04:09:15] step 000308 | loss 1.047791 | lrm 1.0000 | dt_ms 1045.7
[2026-07-06 04:09:16] step 000309 | loss 1.039126 | lrm 1.0000 | dt_ms 1064.2
[2026-07-06 04:09:17] step 000310 | loss 0.981263 | lrm 1.0000 | dt_ms 1067.3
[2026-07-06 04:09:18] step 000311 | loss 1.024294 | lrm 1.0000 | dt_ms 1017.7
[2026-07-06 04:09:19] step 000312 | loss 0.911740 | lrm 1.0000 | dt_ms 994.2
[2026-07-06 04:09:20] step 000313 | loss 0.856322 | lrm 1.0000 | dt_ms 1085.1
[2026-07-06 04:09:21] step 000314 | loss 1.077244 | lrm 1.0000 | dt_ms 1018.8
[2026-07-06 04:09:22] step 000315 | loss 0.982043 | lrm 1.0000 | dt_ms 1070.7
[2026-07-06 04:09:23] step 000316 | loss 1.042726 | lrm 1.0000 | dt_ms 1012.3
[2026-07-06 04:09:24] step 000317 | loss 0.952379 | lrm 1.0000 | dt_ms 1019.7
[2026-07-06 04:09:25] step 000318 | loss 0.861395 | lrm 1.0000 | dt_ms 1006.9
[2026-07-06 04:09:26] step 000319 | loss 1.036095 | lrm 1.0000 | dt_ms 994.3
[2026-07-06 04:09:27] step 000320 | loss 1.069571 | lrm 1.0000 | dt_ms 1045.4
[2026-07-06 04:09:28] step 000321 | loss 0.985278 | lrm 1.0000 | dt_ms 1045.5
[2026-07-06 04:09:30] step 000322 | loss 0.933198 | lrm 1.0000 | dt_ms 1089.9
[2026-07-06 04:09:31] step 000323 | loss 0.818247 | lrm 1.0000 | dt_ms 986.7
[2026-07-06 04:09:32] step 000324 | loss 0.881230 | lrm 1.0000 | dt_ms 998.0
[2026-07-06 04:09:33] step 000325 | loss 0.757587 | lrm 1.0000 | dt_ms 1059.1
[2026-07-06 04:09:34] step 000326 | loss 1.023530 | lrm 1.0000 | dt_ms 999.9
[2026-07-06 04:09:35] step 000327 | loss 0.914823 | lrm 1.0000 | dt_ms 1109.1
[2026-07-06 04:09:36] step 000328 | loss 0.968183 | lrm 1.0000 | dt_ms 1055.7
[2026-07-06 04:09:37] step 000329 | loss 0.823827 | lrm 1.0000 | dt_ms 1048.5
[2026-07-06 04:09:38] step 000330 | loss 0.999862 | lrm 1.0000 | dt_ms 1100.4
[2026-07-06 04:09:39] step 000331 | loss 1.093191 | lrm 1.0000 | dt_ms 1051.7
[2026-07-06 04:09:40] step 000332 | loss 0.953261 | lrm 1.0000 | dt_ms 999.2
[2026-07-06 04:09:41] step 000333 | loss 1.122762 | lrm 1.0000 | dt_ms 1121.2
[2026-07-06 04:09:42] step 000334 | loss 0.964247 | lrm 1.0000 | dt_ms 1002.1
[2026-07-06 04:09:43] step 000335 | loss 0.973562 | lrm 1.0000 | dt_ms 1059.5
[2026-07-06 04:09:44] step 000336 | loss 0.938788 | lrm 1.0000 | dt_ms 1038.1
[2026-07-06 04:09:45] step 000337 | loss 0.952139 | lrm 1.0000 | dt_ms 1032.6
[2026-07-06 04:09:46] step 000338 | loss 0.872279 | lrm 1.0000 | dt_ms 1021.9
[2026-07-06 04:09:47] step 000339 | loss 0.926153 | lrm 1.0000 | dt_ms 1012.2
[2026-07-06 04:09:48] step 000340 | loss 0.929877 | lrm 1.0000 | dt_ms 1007.4
[2026-07-06 04:09:49] step 000341 | loss 1.141042 | lrm 1.0000 | dt_ms 1041.8
[2026-07-06 04:09:50] step 000342 | loss 0.970528 | lrm 1.0000 | dt_ms 1119.0
[2026-07-06 04:09:51] step 000343 | loss 0.869214 | lrm 1.0000 | dt_ms 1051.7
[2026-07-06 04:09:53] step 000344 | loss 0.899595 | lrm 1.0000 | dt_ms 1047.5
[2026-07-06 04:09:54] step 000345 | loss 1.088894 | lrm 1.0000 | dt_ms 1022.7
[2026-07-06 04:09:55] step 000346 | loss 1.031659 | lrm 1.0000 | dt_ms 1077.9
[2026-07-06 04:09:56] step 000347 | loss 0.948462 | lrm 1.0000 | dt_ms 1019.2
[2026-07-06 04:09:57] step 000348 | loss 0.912845 | lrm 1.0000 | dt_ms 1019.3
[2026-07-06 04:09:58] step 000349 | loss 1.013871 | lrm 1.0000 | dt_ms 1022.5
[2026-07-06 04:09:59] step 000350 | loss 0.968971 | lrm 1.0000 | dt_ms 1069.4
[2026-07-06 04:10:00] step 000351 | loss 0.918511 | lrm 1.0000 | dt_ms 1024.3
[2026-07-06 04:10:01] step 000352 | loss 0.996930 | lrm 1.0000 | dt_ms 1044.6
[2026-07-06 04:10:02] step 000353 | loss 1.048307 | lrm 1.0000 | dt_ms 1087.1
[2026-07-06 04:10:03] step 000354 | loss 0.991631 | lrm 1.0000 | dt_ms 1050.7
[2026-07-06 04:10:04] step 000355 | loss 0.930732 | lrm 1.0000 | dt_ms 1046.8
[2026-07-06 04:10:05] step 000356 | loss 0.963429 | lrm 1.0000 | dt_ms 1043.6
[2026-07-06 04:10:06] step 000357 | loss 1.021105 | lrm 1.0000 | dt_ms 1001.1
[2026-07-06 04:10:07] step 000358 | loss 0.943035 | lrm 1.0000 | dt_ms 1036.0
[2026-07-06 04:10:08] step 000359 | loss 0.841290 | lrm 1.0000 | dt_ms 999.7
[2026-07-06 04:10:09] step 000360 | loss 0.998324 | lrm 1.0000 | dt_ms 1014.7
[2026-07-06 04:10:10] step 000361 | loss 1.010995 | lrm 1.0000 | dt_ms 990.4
[2026-07-06 04:10:11] step 000362 | loss 0.912572 | lrm 1.0000 | dt_ms 1087.1
[2026-07-06 04:10:12] step 000363 | loss 0.993142 | lrm 1.0000 | dt_ms 1052.7
[2026-07-06 04:10:13] step 000364 | loss 0.938411 | lrm 1.0000 | dt_ms 1030.7
[2026-07-06 04:10:14] step 000365 | loss 1.050064 | lrm 1.0000 | dt_ms 1001.3
[2026-07-06 04:10:15] step 000366 | loss 0.984654 | lrm 1.0000 | dt_ms 1063.2
[2026-07-06 04:10:16] step 000367 | loss 0.780258 | lrm 1.0000 | dt_ms 1007.0
[2026-07-06 04:10:17] step 000368 | loss 0.906980 | lrm 1.0000 | dt_ms 1035.4
[2026-07-06 04:10:18] step 000369 | loss 1.017867 | lrm 1.0000 | dt_ms 1003.3
[2026-07-06 04:10:19] step 000370 | loss 0.939848 | lrm 1.0000 | dt_ms 1069.4
[2026-07-06 04:10:21] step 000371 | loss 0.914057 | lrm 1.0000 | dt_ms 1062.0
[2026-07-06 04:10:22] step 000372 | loss 0.961853 | lrm 1.0000 | dt_ms 1019.6
[2026-07-06 04:10:23] step 000373 | loss 0.952008 | lrm 1.0000 | dt_ms 1026.8
[2026-07-06 04:10:24] step 000374 | loss 1.118976 | lrm 1.0000 | dt_ms 1018.4
[2026-07-06 04:10:25] step 000375 | loss 0.983493 | lrm 1.0000 | dt_ms 1001.5
[2026-07-06 04:10:26] step 000376 | loss 0.906148 | lrm 1.0000 | dt_ms 1025.5
[2026-07-06 04:10:27] step 000377 | loss 0.978028 | lrm 1.0000 | dt_ms 1001.8
[2026-07-06 04:10:28] step 000378 | loss 0.892889 | lrm 1.0000 | dt_ms 1050.2
[2026-07-06 04:10:29] step 000379 | loss 0.924304 | lrm 1.0000 | dt_ms 990.9
[2026-07-06 04:10:30] step 000380 | loss 1.009899 | lrm 1.0000 | dt_ms 1022.4
[2026-07-06 04:10:31] step 000381 | loss 0.928050 | lrm 1.0000 | dt_ms 1109.6
[2026-07-06 04:10:32] step 000382 | loss 0.929496 | lrm 1.0000 | dt_ms 1034.8
[2026-07-06 04:10:33] step 000383 | loss 0.937810 | lrm 1.0000 | dt_ms 1044.3
[2026-07-06 04:10:34] step 000384 | loss 0.812233 | lrm 1.0000 | dt_ms 1042.3
[2026-07-06 04:10:35] step 000385 | loss 0.857656 | lrm 1.0000 | dt_ms 1012.3
[2026-07-06 04:10:36] step 000386 | loss 0.907841 | lrm 1.0000 | dt_ms 1023.5
[2026-07-06 04:10:37] step 000387 | loss 0.956255 | lrm 1.0000 | dt_ms 987.4
[2026-07-06 04:10:38] step 000388 | loss 0.846719 | lrm 1.0000 | dt_ms 1069.9
[2026-07-06 04:10:39] step 000389 | loss 0.852823 | lrm 1.0000 | dt_ms 1023.8
[2026-07-06 04:10:40] step 000390 | loss 0.954701 | lrm 1.0000 | dt_ms 1088.1
[2026-07-06 04:10:41] step 000391 | loss 0.947424 | lrm 1.0000 | dt_ms 1020.4
[2026-07-06 04:10:42] step 000392 | loss 0.882062 | lrm 1.0000 | dt_ms 1072.7
[2026-07-06 04:10:43] step 000393 | loss 0.939790 | lrm 1.0000 | dt_ms 1103.8
[2026-07-06 04:10:44] step 000394 | loss 0.882477 | lrm 1.0000 | dt_ms 1044.3
[2026-07-06 04:10:45] step 000395 | loss 0.901678 | lrm 1.0000 | dt_ms 1008.5
[2026-07-06 04:10:46] step 000396 | loss 0.869758 | lrm 1.0000 | dt_ms 1026.0
[2026-07-06 04:10:47] step 000397 | loss 0.822042 | lrm 1.0000 | dt_ms 1028.9
[2026-07-06 04:10:48] step 000398 | loss 0.764625 | lrm 1.0000 | dt_ms 1007.7
[2026-07-06 04:10:49] step 000399 | loss 1.039264 | lrm 1.0000 | dt_ms 1028.7
[2026-07-06 04:10:51] step 000400 | loss 0.770152 | lrm 1.0000 | dt_ms 1047.9
[2026-07-06 04:10:52] step 000401 | loss 0.789345 | lrm 1.0000 | dt_ms 1036.7
[2026-07-06 04:10:53] step 000402 | loss 0.890005 | lrm 1.0000 | dt_ms 1013.2
[2026-07-06 04:10:54] step 000403 | loss 0.974620 | lrm 1.0000 | dt_ms 1008.3
[2026-07-06 04:10:55] step 000404 | loss 0.898831 | lrm 1.0000 | dt_ms 1007.3
[2026-07-06 04:10:56] step 000405 | loss 0.957104 | lrm 1.0000 | dt_ms 998.9
[2026-07-06 04:10:57] step 000406 | loss 1.049493 | lrm 1.0000 | dt_ms 989.3
[2026-07-06 04:10:58] step 000407 | loss 0.879709 | lrm 1.0000 | dt_ms 1084.4
[2026-07-06 04:10:59] step 000408 | loss 0.901820 | lrm 1.0000 | dt_ms 1019.2
[2026-07-06 04:11:00] step 000409 | loss 1.045602 | lrm 1.0000 | dt_ms 1075.9
[2026-07-06 04:11:01] step 000410 | loss 0.921485 | lrm 1.0000 | dt_ms 1005.3
[2026-07-06 04:11:02] step 000411 | loss 0.800141 | lrm 1.0000 | dt_ms 1033.5
[2026-07-06 04:11:03] step 000412 | loss 1.060950 | lrm 1.0000 | dt_ms 1049.5
[2026-07-06 04:11:04] step 000413 | loss 1.032772 | lrm 1.0000 | dt_ms 1015.9
[2026-07-06 04:11:05] step 000414 | loss 0.965131 | lrm 1.0000 | dt_ms 1033.7
[2026-07-06 04:11:06] step 000415 | loss 1.037679 | lrm 1.0000 | dt_ms 1036.3
[2026-07-06 04:11:07] step 000416 | loss 0.849602 | lrm 1.0000 | dt_ms 1008.4
[2026-07-06 04:11:08] step 000417 | loss 0.825663 | lrm 1.0000 | dt_ms 1017.0
[2026-07-06 04:11:09] step 000418 | loss 0.961923 | lrm 1.0000 | dt_ms 1012.0
[2026-07-06 04:11:10] step 000419 | loss 0.931424 | lrm 1.0000 | dt_ms 1061.1
[2026-07-06 04:11:11] step 000420 | loss 0.882974 | lrm 1.0000 | dt_ms 1027.0
[2026-07-06 04:11:12] step 000421 | loss 0.899831 | lrm 1.0000 | dt_ms 1106.2
[2026-07-06 04:11:13] step 000422 | loss 0.766242 | lrm 1.0000 | dt_ms 1040.1
[2026-07-06 04:11:14] step 000423 | loss 1.072817 | lrm 1.0000 | dt_ms 1063.9
[2026-07-06 04:11:15] step 000424 | loss 0.806080 | lrm 1.0000 | dt_ms 1000.9
[2026-07-06 04:11:16] step 000425 | loss 0.847690 | lrm 1.0000 | dt_ms 1042.8
[2026-07-06 04:11:17] step 000426 | loss 0.786597 | lrm 1.0000 | dt_ms 1036.7
[2026-07-06 04:11:18] step 000427 | loss 0.816668 | lrm 1.0000 | dt_ms 1060.8
[2026-07-06 04:11:19] step 000428 | loss 1.016016 | lrm 1.0000 | dt_ms 1073.0
[2026-07-06 04:11:21] step 000429 | loss 0.771401 | lrm 1.0000 | dt_ms 1060.3
[2026-07-06 04:11:22] step 000430 | loss 0.992429 | lrm 1.0000 | dt_ms 1027.5
[2026-07-06 04:11:23] step 000431 | loss 0.745096 | lrm 1.0000 | dt_ms 1011.6
[2026-07-06 04:11:24] step 000432 | loss 0.792100 | lrm 1.0000 | dt_ms 986.0
[2026-07-06 04:11:25] step 000433 | loss 0.810810 | lrm 1.0000 | dt_ms 1004.8
[2026-07-06 04:11:26] step 000434 | loss 0.872185 | lrm 1.0000 | dt_ms 1100.1
[2026-07-06 04:11:27] step 000435 | loss 0.770678 | lrm 1.0000 | dt_ms 1055.9
[2026-07-06 04:11:28] step 000436 | loss 0.850070 | lrm 1.0000 | dt_ms 1038.1
[2026-07-06 04:11:29] step 000437 | loss 1.021437 | lrm 1.0000 | dt_ms 1106.6
[2026-07-06 04:11:30] step 000438 | loss 0.838741 | lrm 1.0000 | dt_ms 1048.1
[2026-07-06 04:11:31] step 000439 | loss 0.990424 | lrm 1.0000 | dt_ms 1103.5
[2026-07-06 04:11:32] step 000440 | loss 0.893692 | lrm 1.0000 | dt_ms 1009.1
[2026-07-06 04:11:33] step 000441 | loss 0.960065 | lrm 1.0000 | dt_ms 1032.0
[2026-07-06 04:11:34] step 000442 | loss 1.056410 | lrm 1.0000 | dt_ms 1013.2
[2026-07-06 04:11:35] step 000443 | loss 0.815517 | lrm 1.0000 | dt_ms 995.9
[2026-07-06 04:11:36] step 000444 | loss 0.893810 | lrm 1.0000 | dt_ms 1010.9
[2026-07-06 04:11:37] step 000445 | loss 0.817038 | lrm 1.0000 | dt_ms 1019.4
[2026-07-06 04:11:38] step 000446 | loss 0.732208 | lrm 1.0000 | dt_ms 1034.4
[2026-07-06 04:11:39] step 000447 | loss 0.843364 | lrm 1.0000 | dt_ms 1020.2
[2026-07-06 04:11:40] step 000448 | loss 0.887165 | lrm 1.0000 | dt_ms 1018.8
[2026-07-06 04:11:41] step 000449 | loss 0.800095 | lrm 1.0000 | dt_ms 1063.7
[2026-07-06 04:11:42] step 000450 | loss 0.801237 | lrm 1.0000 | dt_ms 1058.1
[2026-07-06 04:11:43] step 000451 | loss 0.844066 | lrm 1.0000 | dt_ms 1092.1
[2026-07-06 04:11:44] step 000452 | loss 1.047010 | lrm 1.0000 | dt_ms 991.6
[2026-07-06 04:11:45] step 000453 | loss 0.826322 | lrm 1.0000 | dt_ms 1024.8
[2026-07-06 04:11:46] step 000454 | loss 0.915708 | lrm 1.0000 | dt_ms 1053.2
[2026-07-06 04:11:47] step 000455 | loss 0.804484 | lrm 1.0000 | dt_ms 992.8
[2026-07-06 04:11:49] step 000456 | loss 0.745620 | lrm 1.0000 | dt_ms 1055.1
[2026-07-06 04:11:50] step 000457 | loss 0.746878 | lrm 1.0000 | dt_ms 1043.8
[2026-07-06 04:11:51] step 000458 | loss 0.967007 | lrm 1.0000 | dt_ms 1068.7
[2026-07-06 04:11:52] step 000459 | loss 0.912166 | lrm 1.0000 | dt_ms 1017.4
[2026-07-06 04:11:53] step 000460 | loss 0.935397 | lrm 1.0000 | dt_ms 1006.4
[2026-07-06 04:11:54] step 000461 | loss 0.857799 | lrm 1.0000 | dt_ms 1001.2
[2026-07-06 04:11:55] step 000462 | loss 1.077986 | lrm 1.0000 | dt_ms 1023.7
[2026-07-06 04:11:56] step 000463 | loss 0.871522 | lrm 1.0000 | dt_ms 1058.8
[2026-07-06 04:11:57] step 000464 | loss 0.963049 | lrm 1.0000 | dt_ms 1028.5
[2026-07-06 04:11:58] step 000465 | loss 0.835587 | lrm 1.0000 | dt_ms 1032.2
[2026-07-06 04:11:59] step 000466 | loss 0.830128 | lrm 1.0000 | dt_ms 1120.6
[2026-07-06 04:12:00] step 000467 | loss 0.871404 | lrm 1.0000 | dt_ms 1031.6
[2026-07-06 04:12:01] step 000468 | loss 0.798317 | lrm 1.0000 | dt_ms 1041.6
[2026-07-06 04:12:02] step 000469 | loss 0.751159 | lrm 1.0000 | dt_ms 1008.6
[2026-07-06 04:12:03] step 000470 | loss 0.837518 | lrm 1.0000 | dt_ms 1090.5
[2026-07-06 04:12:04] step 000471 | loss 0.787877 | lrm 1.0000 | dt_ms 1011.3
[2026-07-06 04:12:05] step 000472 | loss 0.979923 | lrm 1.0000 | dt_ms 1028.6
[2026-07-06 04:12:06] step 000473 | loss 0.849440 | lrm 1.0000 | dt_ms 1003.9
[2026-07-06 04:12:07] step 000474 | loss 0.815085 | lrm 1.0000 | dt_ms 1101.2
[2026-07-06 04:12:08] step 000475 | loss 0.786139 | lrm 1.0000 | dt_ms 1027.9
[2026-07-06 04:12:09] step 000476 | loss 0.909814 | lrm 1.0000 | dt_ms 1041.2
[2026-07-06 04:12:10] step 000477 | loss 0.951545 | lrm 1.0000 | dt_ms 1036.0
[2026-07-06 04:12:11] step 000478 | loss 0.930837 | lrm 1.0000 | dt_ms 1017.1
[2026-07-06 04:12:12] step 000479 | loss 0.886401 | lrm 1.0000 | dt_ms 997.2
[2026-07-06 04:12:13] step 000480 | loss 0.797023 | lrm 1.0000 | dt_ms 1011.0
[2026-07-06 04:12:14] step 000481 | loss 0.937434 | lrm 1.0000 | dt_ms 986.5
[2026-07-06 04:12:15] step 000482 | loss 0.890024 | lrm 1.0000 | dt_ms 999.3
[2026-07-06 04:12:16] step 000483 | loss 0.770133 | lrm 1.0000 | dt_ms 1092.0
[2026-07-06 04:12:18] step 000484 | loss 0.865620 | lrm 1.0000 | dt_ms 1083.1
[2026-07-06 04:12:19] step 000485 | loss 0.749803 | lrm 1.0000 | dt_ms 1016.6
[2026-07-06 04:12:20] step 000486 | loss 1.008098 | lrm 1.0000 | dt_ms 1057.1
[2026-07-06 04:12:21] step 000487 | loss 0.899582 | lrm 1.0000 | dt_ms 1017.6
[2026-07-06 04:12:22] step 000488 | loss 0.848592 | lrm 1.0000 | dt_ms 1034.5
[2026-07-06 04:12:23] step 000489 | loss 0.854949 | lrm 1.0000 | dt_ms 1011.3
[2026-07-06 04:12:24] step 000490 | loss 0.688721 | lrm 1.0000 | dt_ms 1018.1
[2026-07-06 04:12:25] step 000491 | loss 0.868785 | lrm 1.0000 | dt_ms 1033.9
[2026-07-06 04:12:26] step 000492 | loss 0.802668 | lrm 1.0000 | dt_ms 1058.6
[2026-07-06 04:12:27] step 000493 | loss 0.804051 | lrm 1.0000 | dt_ms 1052.0
[2026-07-06 04:12:28] step 000494 | loss 0.904934 | lrm 1.0000 | dt_ms 1079.5
[2026-07-06 04:12:29] step 000495 | loss 0.772925 | lrm 1.0000 | dt_ms 1005.9
[2026-07-06 04:12:30] step 000496 | loss 0.796593 | lrm 1.0000 | dt_ms 1034.0
[2026-07-06 04:12:31] step 000497 | loss 0.746275 | lrm 1.0000 | dt_ms 1027.4
[2026-07-06 04:12:32] step 000498 | loss 0.950736 | lrm 1.0000 | dt_ms 1013.5
[2026-07-06 04:12:33] step 000499 | loss 0.731680 | lrm 1.0000 | dt_ms 1022.4
[2026-07-06 04:12:34] step 000500 | loss 0.832618 | lrm 1.0000 | dt_ms 1035.8
[2026-07-06 04:12:35] step 000501 | loss 0.778292 | lrm 1.0000 | dt_ms 1016.2
[2026-07-06 04:12:36] step 000502 | loss 0.907793 | lrm 1.0000 | dt_ms 1085.2
[2026-07-06 04:12:37] step 000503 | loss 0.890973 | lrm 1.0000 | dt_ms 1008.0
[2026-07-06 04:12:38] step 000504 | loss 0.775877 | lrm 1.0000 | dt_ms 1023.7
[2026-07-06 04:12:39] step 000505 | loss 0.910680 | lrm 1.0000 | dt_ms 1010.2
[2026-07-06 04:12:40] step 000506 | loss 0.777851 | lrm 1.0000 | dt_ms 1056.0
[2026-07-06 04:12:41] step 000507 | loss 0.855276 | lrm 1.0000 | dt_ms 977.4
[2026-07-06 04:12:42] step 000508 | loss 0.761787 | lrm 1.0000 | dt_ms 1068.4
[2026-07-06 04:12:43] step 000509 | loss 0.864273 | lrm 1.0000 | dt_ms 993.3
[2026-07-06 04:12:44] step 000510 | loss 0.707288 | lrm 1.0000 | dt_ms 1033.6
[2026-07-06 04:12:45] step 000511 | loss 1.026242 | lrm 1.0000 | dt_ms 1065.1
[2026-07-06 04:12:46] step 000512 | loss 0.873006 | lrm 1.0000 | dt_ms 993.5
[2026-07-06 04:12:47] step 000513 | loss 0.873872 | lrm 1.0000 | dt_ms 1033.3
[2026-07-06 04:12:48] step 000514 | loss 0.966452 | lrm 1.0000 | dt_ms 993.8
[2026-07-06 04:12:49] step 000515 | loss 0.815548 | lrm 1.0000 | dt_ms 1030.8
[2026-07-06 04:12:50] step 000516 | loss 0.844323 | lrm 1.0000 | dt_ms 1005.9
[2026-07-06 04:12:51] step 000517 | loss 0.818524 | lrm 1.0000 | dt_ms 1023.8
[2026-07-06 04:12:52] step 000518 | loss 0.964588 | lrm 1.0000 | dt_ms 1004.3
[2026-07-06 04:12:53] step 000519 | loss 0.758993 | lrm 1.0000 | dt_ms 982.6
[2026-07-06 04:12:55] step 000520 | loss 0.674573 | lrm 1.0000 | dt_ms 1062.0
[2026-07-06 04:12:56] step 000521 | loss 0.853433 | lrm 1.0000 | dt_ms 1060.1
[2026-07-06 04:12:57] step 000522 | loss 0.878131 | lrm 1.0000 | dt_ms 1037.2
[2026-07-06 04:12:58] step 000523 | loss 0.908982 | lrm 1.0000 | dt_ms 1061.8
[2026-07-06 04:12:59] step 000524 | loss 0.877738 | lrm 1.0000 | dt_ms 1034.0
[2026-07-06 04:13:00] step 000525 | loss 0.870774 | lrm 1.0000 | dt_ms 1021.8
[2026-07-06 04:13:01] step 000526 | loss 0.863080 | lrm 1.0000 | dt_ms 1001.5
[2026-07-06 04:13:02] step 000527 | loss 0.793832 | lrm 1.0000 | dt_ms 1056.0
[2026-07-06 04:13:03] step 000528 | loss 0.789389 | lrm 1.0000 | dt_ms 1056.3
[2026-07-06 04:13:04] step 000529 | loss 0.832562 | lrm 1.0000 | dt_ms 1037.4
[2026-07-06 04:13:05] step 000530 | loss 0.912418 | lrm 1.0000 | dt_ms 1090.4
[2026-07-06 04:13:06] step 000531 | loss 0.816117 | lrm 1.0000 | dt_ms 1062.8
[2026-07-06 04:13:07] step 000532 | loss 0.875760 | lrm 1.0000 | dt_ms 1044.6
[2026-07-06 04:13:08] step 000533 | loss 0.808975 | lrm 1.0000 | dt_ms 1051.8
[2026-07-06 04:13:09] step 000534 | loss 0.829276 | lrm 1.0000 | dt_ms 1014.2
[2026-07-06 04:13:10] step 000535 | loss 0.866399 | lrm 1.0000 | dt_ms 1026.9
[2026-07-06 04:13:11] step 000536 | loss 0.708178 | lrm 1.0000 | dt_ms 987.1
[2026-07-06 04:13:12] step 000537 | loss 0.836059 | lrm 1.0000 | dt_ms 1036.3
[2026-07-06 04:13:13] step 000538 | loss 0.903429 | lrm 1.0000 | dt_ms 992.0
[2026-07-06 04:13:14] step 000539 | loss 0.720111 | lrm 1.0000 | dt_ms 1007.9
[2026-07-06 04:13:15] step 000540 | loss 0.752690 | lrm 1.0000 | dt_ms 1081.2
[2026-07-06 04:13:16] step 000541 | loss 0.836767 | lrm 1.0000 | dt_ms 1044.6
[2026-07-06 04:13:17] step 000542 | loss 0.836277 | lrm 1.0000 | dt_ms 1031.9
[2026-07-06 04:13:18] step 000543 | loss 0.763114 | lrm 1.0000 | dt_ms 1063.9
[2026-07-06 04:13:20] step 000544 | loss 0.814765 | lrm 1.0000 | dt_ms 1063.0
[2026-07-06 04:13:21] step 000545 | loss 0.785522 | lrm 1.0000 | dt_ms 997.1
[2026-07-06 04:13:22] step 000546 | loss 0.865082 | lrm 1.0000 | dt_ms 1018.3
[2026-07-06 04:13:23] step 000547 | loss 0.695784 | lrm 1.0000 | dt_ms 993.3
[2026-07-06 04:13:24] step 000548 | loss 0.719988 | lrm 1.0000 | dt_ms 993.4
[2026-07-06 04:13:25] step 000549 | loss 0.733938 | lrm 1.0000 | dt_ms 1020.7
[2026-07-06 04:13:26] step 000550 | loss 0.728692 | lrm 1.0000 | dt_ms 1061.2
[2026-07-06 04:13:27] step 000551 | loss 0.880859 | lrm 1.0000 | dt_ms 1059.6
[2026-07-06 04:13:28] step 000552 | loss 0.652161 | lrm 1.0000 | dt_ms 1049.5
[2026-07-06 04:13:29] step 000553 | loss 0.771336 | lrm 1.0000 | dt_ms 1015.9
[2026-07-06 04:13:30] step 000554 | loss 0.799973 | lrm 1.0000 | dt_ms 1040.4
[2026-07-06 04:13:31] step 000555 | loss 0.857338 | lrm 1.0000 | dt_ms 1004.8
[2026-07-06 04:13:32] step 000556 | loss 0.744749 | lrm 1.0000 | dt_ms 1020.6
[2026-07-06 04:13:33] step 000557 | loss 0.724896 | lrm 1.0000 | dt_ms 1002.0
[2026-07-06 04:13:34] step 000558 | loss 0.932878 | lrm 1.0000 | dt_ms 1044.4
[2026-07-06 04:13:35] step 000559 | loss 0.746673 | lrm 1.0000 | dt_ms 1033.5
[2026-07-06 04:13:36] step 000560 | loss 0.912430 | lrm 1.0000 | dt_ms 1030.0
[2026-07-06 04:13:37] step 000561 | loss 0.853379 | lrm 1.0000 | dt_ms 1009.2
[2026-07-06 04:13:38] step 000562 | loss 0.835144 | lrm 1.0000 | dt_ms 999.8
[2026-07-06 04:13:39] step 000563 | loss 0.838360 | lrm 1.0000 | dt_ms 981.0
[2026-07-06 04:13:40] step 000564 | loss 0.924526 | lrm 1.0000 | dt_ms 977.8
[2026-07-06 04:13:41] step 000565 | loss 0.791040 | lrm 1.0000 | dt_ms 1030.2
[2026-07-06 04:13:42] step 000566 | loss 0.715646 | lrm 1.0000 | dt_ms 998.2
[2026-07-06 04:13:43] step 000567 | loss 0.802660 | lrm 1.0000 | dt_ms 1033.7
[2026-07-06 04:13:44] step 000568 | loss 0.747994 | lrm 1.0000 | dt_ms 1065.3
[2026-07-06 04:13:45] step 000569 | loss 0.797088 | lrm 1.0000 | dt_ms 1004.5
[2026-07-06 04:13:46] step 000570 | loss 0.761618 | lrm 1.0000 | dt_ms 1023.0
[2026-07-06 04:13:47] step 000571 | loss 0.818512 | lrm 1.0000 | dt_ms 989.6
[2026-07-06 04:13:48] step 000572 | loss 0.869189 | lrm 1.0000 | dt_ms 982.9
[2026-07-06 04:13:49] step 000573 | loss 0.814074 | lrm 1.0000 | dt_ms 1014.7
[2026-07-06 04:13:50] step 000574 | loss 0.856259 | lrm 1.0000 | dt_ms 1006.2
[2026-07-06 04:13:51] step 000575 | loss 0.712285 | lrm 1.0000 | dt_ms 1042.7
[2026-07-06 04:13:52] step 000576 | loss 0.841819 | lrm 1.0000 | dt_ms 1034.0
[2026-07-06 04:13:53] step 000577 | loss 0.801842 | lrm 1.0000 | dt_ms 1002.7
[2026-07-06 04:13:54] step 000578 | loss 0.759848 | lrm 1.0000 | dt_ms 1019.1
[2026-07-06 04:13:55] step 000579 | loss 0.688465 | lrm 1.0000 | dt_ms 992.4
[2026-07-06 04:13:56] step 000580 | loss 0.772840 | lrm 1.0000 | dt_ms 1024.5
[2026-07-06 04:13:57] step 000581 | loss 1.647863 | lrm 1.0000 | dt_ms 983.1
[2026-07-06 04:13:58] step 000582 | loss 0.820561 | lrm 1.0000 | dt_ms 1007.8
[2026-07-06 04:13:59] step 000583 | loss 0.842688 | lrm 1.0000 | dt_ms 988.1
[2026-07-06 04:14:00] step 000584 | loss 0.599256 | lrm 1.0000 | dt_ms 978.1
[2026-07-06 04:14:01] step 000585 | loss 0.865969 | lrm 1.0000 | dt_ms 1046.6
[2026-07-06 04:14:02] step 000586 | loss 0.825221 | lrm 1.0000 | dt_ms 1034.6
[2026-07-06 04:14:03] step 000587 | loss 0.678601 | lrm 1.0000 | dt_ms 1009.2
[2026-07-06 04:14:04] step 000588 | loss 0.810719 | lrm 1.0000 | dt_ms 1004.5
[2026-07-06 04:14:05] step 000589 | loss 0.820651 | lrm 1.0000 | dt_ms 992.1
[2026-07-06 04:14:06] step 000590 | loss 0.732856 | lrm 1.0000 | dt_ms 1022.5
[2026-07-06 04:14:07] step 000591 | loss 0.920210 | lrm 1.0000 | dt_ms 999.7
[2026-07-06 04:14:08] step 000592 | loss 0.784783 | lrm 1.0000 | dt_ms 998.2
[2026-07-06 04:14:09] step 000593 | loss 0.728573 | lrm 1.0000 | dt_ms 1051.3
[2026-07-06 04:14:10] step 000594 | loss 0.672221 | lrm 1.0000 | dt_ms 995.2
[2026-07-06 04:14:11] step 000595 | loss 0.802657 | lrm 1.0000 | dt_ms 1063.8
[2026-07-06 04:14:12] step 000596 | loss 0.954798 | lrm 1.0000 | dt_ms 1045.4
[2026-07-06 04:14:13] step 000597 | loss 0.995906 | lrm 1.0000 | dt_ms 1007.8
[2026-07-06 04:14:14] step 000598 | loss 0.778894 | lrm 1.0000 | dt_ms 1039.3
[2026-07-06 04:14:15] step 000599 | loss 0.714635 | lrm 1.0000 | dt_ms 1003.5
[2026-07-06 04:14:16] step 000600 | loss 0.845649 | lrm 1.0000 | dt_ms 1022.6
[2026-07-06 04:14:17] step 000601 | loss 0.826774 | lrm 1.0000 | dt_ms 978.9
[2026-07-06 04:14:18] step 000602 | loss 0.782110 | lrm 1.0000 | dt_ms 1010.0
[2026-07-06 04:14:19] step 000603 | loss 0.698819 | lrm 1.0000 | dt_ms 1000.1
[2026-07-06 04:14:20] step 000604 | loss 0.812363 | lrm 1.0000 | dt_ms 1005.7
[2026-07-06 04:14:21] step 000605 | loss 0.757835 | lrm 1.0000 | dt_ms 1009.5
[2026-07-06 04:14:22] step 000606 | loss 0.816770 | lrm 1.0000 | dt_ms 1016.2
[2026-07-06 04:14:23] step 000607 | loss 0.830840 | lrm 1.0000 | dt_ms 996.3
[2026-07-06 04:14:25] step 000608 | loss 0.985368 | lrm 1.0000 | dt_ms 1055.3
[2026-07-06 04:14:26] step 000609 | loss 0.788368 | lrm 1.0000 | dt_ms 1067.2
[2026-07-06 04:14:27] step 000610 | loss 0.793002 | lrm 1.0000 | dt_ms 1041.0
[2026-07-06 04:14:28] step 000611 | loss 0.696653 | lrm 1.0000 | dt_ms 989.2
[2026-07-06 04:14:29] step 000612 | loss 0.843384 | lrm 1.0000 | dt_ms 1025.7
[2026-07-06 04:14:30] step 000613 | loss 0.659698 | lrm 1.0000 | dt_ms 1007.9
[2026-07-06 04:14:31] step 000614 | loss 0.846655 | lrm 1.0000 | dt_ms 1022.8
[2026-07-06 04:14:32] step 000615 | loss 0.683669 | lrm 1.0000 | dt_ms 1029.5
[2026-07-06 04:14:33] step 000616 | loss 0.830075 | lrm 1.0000 | dt_ms 1059.1
[2026-07-06 04:14:34] step 000617 | loss 0.863722 | lrm 1.0000 | dt_ms 1003.0
[2026-07-06 04:14:35] step 000618 | loss 0.777816 | lrm 1.0000 | dt_ms 1041.2
[2026-07-06 04:14:36] step 000619 | loss 0.770413 | lrm 1.0000 | dt_ms 1002.3
[2026-07-06 04:14:37] step 000620 | loss 0.751463 | lrm 1.0000 | dt_ms 1007.1
[2026-07-06 04:14:38] step 000621 | loss 0.827813 | lrm 1.0000 | dt_ms 969.2
[2026-07-06 04:14:39] step 000622 | loss 0.790993 | lrm 1.0000 | dt_ms 1042.0
[2026-07-06 04:14:40] step 000623 | loss 0.740923 | lrm 1.0000 | dt_ms 1010.2
[2026-07-06 04:14:41] step 000624 | loss 0.738345 | lrm 1.0000 | dt_ms 1049.7
[2026-07-06 04:14:42] step 000625 | loss 0.690104 | lrm 1.0000 | dt_ms 1034.6
[2026-07-06 04:14:43] step 000626 | loss 0.795224 | lrm 1.0000 | dt_ms 1025.6
[2026-07-06 04:14:44] step 000627 | loss 0.766754 | lrm 1.0000 | dt_ms 985.2
[2026-07-06 04:14:45] step 000628 | loss 0.741878 | lrm 1.0000 | dt_ms 999.9
[2026-07-06 04:14:46] step 000629 | loss 0.754991 | lrm 1.0000 | dt_ms 986.0
[2026-07-06 04:14:47] step 000630 | loss 0.747904 | lrm 1.0000 | dt_ms 1060.4
[2026-07-06 04:14:48] step 000631 | loss 0.755007 | lrm 1.0000 | dt_ms 1000.8
[2026-07-06 04:14:49] step 000632 | loss 0.901873 | lrm 1.0000 | dt_ms 1023.8
[2026-07-06 04:14:50] step 000633 | loss 0.744280 | lrm 1.0000 | dt_ms 1019.9
[2026-07-06 04:14:51] step 000634 | loss 0.746480 | lrm 1.0000 | dt_ms 1016.4
[2026-07-06 04:14:52] step 000635 | loss 0.759099 | lrm 1.0000 | dt_ms 1015.8
[2026-07-06 04:14:53] step 000636 | loss 0.770724 | lrm 1.0000 | dt_ms 993.1
[2026-07-06 04:14:54] step 000637 | loss 0.593113 | lrm 1.0000 | dt_ms 975.8
[2026-07-06 04:14:55] step 000638 | loss 0.852143 | lrm 1.0000 | dt_ms 1007.3
[2026-07-06 04:14:56] step 000639 | loss 0.821788 | lrm 1.0000 | dt_ms 1060.9
[2026-07-06 04:14:57] step 000640 | loss 0.776130 | lrm 1.0000 | dt_ms 1022.5
[2026-07-06 04:14:58] step 000641 | loss 0.742127 | lrm 1.0000 | dt_ms 1044.4
[2026-07-06 04:14:59] step 000642 | loss 0.826621 | lrm 1.0000 | dt_ms 1020.7
[2026-07-06 04:15:00] step 000643 | loss 0.857522 | lrm 1.0000 | dt_ms 1000.7
[2026-07-06 04:15:01] step 000644 | loss 0.854145 | lrm 1.0000 | dt_ms 1019.5
[2026-07-06 04:15:02] step 000645 | loss 0.939701 | lrm 1.0000 | dt_ms 999.3
[2026-07-06 04:15:03] step 000646 | loss 0.888595 | lrm 1.0000 | dt_ms 997.3
[2026-07-06 04:15:04] step 000647 | loss 0.770606 | lrm 1.0000 | dt_ms 1015.4
[2026-07-06 04:15:05] step 000648 | loss 0.847166 | lrm 1.0000 | dt_ms 999.5
[2026-07-06 04:15:06] step 000649 | loss 0.827622 | lrm 1.0000 | dt_ms 1016.5
[2026-07-06 04:15:07] step 000650 | loss 0.705320 | lrm 1.0000 | dt_ms 1036.8
[2026-07-06 04:15:08] step 000651 | loss 0.760109 | lrm 1.0000 | dt_ms 1038.3
[2026-07-06 04:15:09] step 000652 | loss 0.828735 | lrm 1.0000 | dt_ms 1066.9
[2026-07-06 04:15:10] step 000653 | loss 0.603102 | lrm 1.0000 | dt_ms 1071.7
[2026-07-06 04:15:12] step 000654 | loss 0.778994 | lrm 1.0000 | dt_ms 1050.6
[2026-07-06 04:15:13] step 000655 | loss 0.831584 | lrm 1.0000 | dt_ms 1010.6
[2026-07-06 04:15:14] step 000656 | loss 0.629434 | lrm 1.0000 | dt_ms 1009.5
[2026-07-06 04:15:15] step 000657 | loss 0.743492 | lrm 1.0000 | dt_ms 990.2
[2026-07-06 04:15:16] step 000658 | loss 0.900379 | lrm 1.0000 | dt_ms 1015.6
[2026-07-06 04:15:17] step 000659 | loss 0.738404 | lrm 1.0000 | dt_ms 1034.2
[2026-07-06 04:15:18] step 000660 | loss 0.748058 | lrm 1.0000 | dt_ms 1031.8
[2026-07-06 04:15:19] step 000661 | loss 0.696322 | lrm 1.0000 | dt_ms 1008.3
[2026-07-06 04:15:20] step 000662 | loss 0.778168 | lrm 1.0000 | dt_ms 1014.1
[2026-07-06 04:15:21] step 000663 | loss 0.796161 | lrm 1.0000 | dt_ms 1030.0
[2026-07-06 04:15:22] step 000664 | loss 0.758292 | lrm 1.0000 | dt_ms 1053.5
[2026-07-06 04:15:23] step 000665 | loss 0.720843 | lrm 1.0000 | dt_ms 1003.8
[2026-07-06 04:15:24] step 000666 | loss 0.879285 | lrm 1.0000 | dt_ms 1046.4
[2026-07-06 04:15:25] step 000667 | loss 0.897614 | lrm 1.0000 | dt_ms 1007.1
[2026-07-06 04:15:26] step 000668 | loss 0.865495 | lrm 1.0000 | dt_ms 1078.7
[2026-07-06 04:15:27] step 000669 | loss 0.772614 | lrm 1.0000 | dt_ms 1028.0
[2026-07-06 04:15:28] step 000670 | loss 0.778665 | lrm 1.0000 | dt_ms 1038.0
[2026-07-06 04:15:29] step 000671 | loss 0.749297 | lrm 1.0000 | dt_ms 1012.3
[2026-07-06 04:15:30] step 000672 | loss 0.853308 | lrm 1.0000 | dt_ms 1002.1
[2026-07-06 04:15:31] step 000673 | loss 0.859473 | lrm 1.0000 | dt_ms 1070.5
[2026-07-06 04:15:32] step 000674 | loss 0.700102 | lrm 1.0000 | dt_ms 1014.7
[2026-07-06 04:15:33] step 000675 | loss 0.734578 | lrm 1.0000 | dt_ms 1014.1
[2026-07-06 04:15:34] step 000676 | loss 0.682817 | lrm 1.0000 | dt_ms 1023.4
[2026-07-06 04:15:35] step 000677 | loss 0.794983 | lrm 1.0000 | dt_ms 989.8
[2026-07-06 04:15:36] step 000678 | loss 0.755327 | lrm 1.0000 | dt_ms 1040.7
[2026-07-06 04:15:37] step 000679 | loss 0.762396 | lrm 1.0000 | dt_ms 1015.9
[2026-07-06 04:15:38] step 000680 | loss 0.829806 | lrm 1.0000 | dt_ms 1037.6
[2026-07-06 04:15:39] step 000681 | loss 0.826318 | lrm 1.0000 | dt_ms 1026.7
[2026-07-06 04:15:40] step 000682 | loss 0.765587 | lrm 1.0000 | dt_ms 1026.1
[2026-07-06 04:15:41] step 000683 | loss 0.856250 | lrm 1.0000 | dt_ms 1038.7
[2026-07-06 04:15:42] step 000684 | loss 0.860534 | lrm 1.0000 | dt_ms 996.0
[2026-07-06 04:15:43] step 000685 | loss 0.712832 | lrm 1.0000 | dt_ms 986.0
[2026-07-06 04:15:44] step 000686 | loss 0.701581 | lrm 1.0000 | dt_ms 1066.1
[2026-07-06 04:15:45] step 000687 | loss 0.717938 | lrm 1.0000 | dt_ms 1041.6
[2026-07-06 04:15:46] step 000688 | loss 0.848056 | lrm 1.0000 | dt_ms 1046.0
[2026-07-06 04:15:47] step 000689 | loss 0.767545 | lrm 1.0000 | dt_ms 1020.2
[2026-07-06 04:15:48] step 000690 | loss 0.783482 | lrm 1.0000 | dt_ms 1020.8
[2026-07-06 04:15:49] step 000691 | loss 0.698422 | lrm 1.0000 | dt_ms 1033.5
[2026-07-06 04:15:50] step 000692 | loss 0.727897 | lrm 1.0000 | dt_ms 996.8
[2026-07-06 04:15:51] step 000693 | loss 0.775654 | lrm 1.0000 | dt_ms 1017.7
[2026-07-06 04:15:52] step 000694 | loss 0.727884 | lrm 1.0000 | dt_ms 1012.2
[2026-07-06 04:15:53] step 000695 | loss 0.693607 | lrm 1.0000 | dt_ms 1016.6
[2026-07-06 04:15:55] step 000696 | loss 0.959889 | lrm 1.0000 | dt_ms 1018.5
[2026-07-06 04:15:56] step 000697 | loss 0.622548 | lrm 1.0000 | dt_ms 1045.3
[2026-07-06 04:15:57] step 000698 | loss 0.768640 | lrm 1.0000 | dt_ms 1026.5
[2026-07-06 04:15:58] step 000699 | loss 0.692593 | lrm 1.0000 | dt_ms 1017.9
[2026-07-06 04:15:59] step 000700 | loss 0.822020 | lrm 1.0000 | dt_ms 1007.8
[2026-07-06 04:16:00] step 000701 | loss 0.739997 | lrm 1.0000 | dt_ms 1009.7
[2026-07-06 04:16:01] step 000702 | loss 0.731862 | lrm 1.0000 | dt_ms 971.0
[2026-07-06 04:16:02] step 000703 | loss 0.815937 | lrm 1.0000 | dt_ms 1036.6
[2026-07-06 04:16:03] step 000704 | loss 0.637958 | lrm 1.0000 | dt_ms 999.2
[2026-07-06 04:16:04] step 000705 | loss 0.836077 | lrm 1.0000 | dt_ms 1071.7
[2026-07-06 04:16:05] step 000706 | loss 0.709854 | lrm 1.0000 | dt_ms 1022.6
[2026-07-06 04:16:06] step 000707 | loss 0.712295 | lrm 1.0000 | dt_ms 1034.1
[2026-07-06 04:16:07] step 000708 | loss 0.922172 | lrm 1.0000 | dt_ms 1031.5
[2026-07-06 04:16:08] step 000709 | loss 0.831440 | lrm 1.0000 | dt_ms 1035.0
[2026-07-06 04:16:09] step 000710 | loss 0.786969 | lrm 1.0000 | dt_ms 1024.7
[2026-07-06 04:16:10] step 000711 | loss 0.819941 | lrm 1.0000 | dt_ms 995.4
[2026-07-06 04:16:11] step 000712 | loss 0.725536 | lrm 1.0000 | dt_ms 1010.1
[2026-07-06 04:16:12] step 000713 | loss 0.734281 | lrm 1.0000 | dt_ms 1011.6
[2026-07-06 04:16:13] step 000714 | loss 0.806652 | lrm 1.0000 | dt_ms 1041.3
[2026-07-06 04:16:14] step 000715 | loss 0.806922 | lrm 1.0000 | dt_ms 1023.7
[2026-07-06 04:16:15] step 000716 | loss 0.766313 | lrm 1.0000 | dt_ms 1072.2
[2026-07-06 04:16:16] step 000717 | loss 0.850762 | lrm 1.0000 | dt_ms 1038.6
[2026-07-06 04:16:17] step 000718 | loss 0.707751 | lrm 1.0000 | dt_ms 1062.7
[2026-07-06 04:16:18] step 000719 | loss 0.805705 | lrm 1.0000 | dt_ms 1034.4
[2026-07-06 04:16:19] step 000720 | loss 0.854225 | lrm 1.0000 | dt_ms 989.1
[2026-07-06 04:16:20] step 000721 | loss 0.709337 | lrm 1.0000 | dt_ms 1009.6
[2026-07-06 04:16:21] step 000722 | loss 0.685429 | lrm 1.0000 | dt_ms 973.3
[2026-07-06 04:16:22] step 000723 | loss 0.785492 | lrm 1.0000 | dt_ms 1037.3
[2026-07-06 04:16:23] step 000724 | loss 0.726880 | lrm 1.0000 | dt_ms 999.4
[2026-07-06 04:16:24] step 000725 | loss 0.778604 | lrm 1.0000 | dt_ms 1019.8
[2026-07-06 04:16:25] step 000726 | loss 0.885555 | lrm 1.0000 | dt_ms 1081.7
[2026-07-06 04:16:26] step 000727 | loss 0.690571 | lrm 1.0000 | dt_ms 1037.5
[2026-07-06 04:16:27] step 000728 | loss 0.750259 | lrm 1.0000 | dt_ms 1022.8
[2026-07-06 04:16:28] step 000729 | loss 0.670187 | lrm 1.0000 | dt_ms 996.6
[2026-07-06 04:16:29] step 000730 | loss 0.865836 | lrm 1.0000 | dt_ms 1040.9
[2026-07-06 04:16:30] step 000731 | loss 0.755456 | lrm 1.0000 | dt_ms 981.1
[2026-07-06 04:16:31] step 000732 | loss 0.702782 | lrm 1.0000 | dt_ms 995.4
[2026-07-06 04:16:32] step 000733 | loss 0.779192 | lrm 1.0000 | dt_ms 1030.1
[2026-07-06 04:16:33] step 000734 | loss 0.787857 | lrm 1.0000 | dt_ms 999.8
[2026-07-06 04:16:34] step 000735 | loss 0.743335 | lrm 1.0000 | dt_ms 1032.4
[2026-07-06 04:16:35] step 000736 | loss 0.797102 | lrm 1.0000 | dt_ms 1015.7
[2026-07-06 04:16:36] step 000737 | loss 0.735276 | lrm 1.0000 | dt_ms 1030.0
[2026-07-06 04:16:37] step 000738 | loss 0.754228 | lrm 1.0000 | dt_ms 1021.6
[2026-07-06 04:16:38] step 000739 | loss 0.862801 | lrm 1.0000 | dt_ms 981.8
[2026-07-06 04:16:39] step 000740 | loss 0.685673 | lrm 1.0000 | dt_ms 1004.8
[2026-07-06 04:16:40] step 000741 | loss 0.812777 | lrm 1.0000 | dt_ms 991.6
[2026-07-06 04:16:41] step 000742 | loss 0.684128 | lrm 1.0000 | dt_ms 1032.5
[2026-07-06 04:16:43] step 000743 | loss 0.779635 | lrm 1.0000 | dt_ms 1028.8
[2026-07-06 04:16:44] step 000744 | loss 0.769636 | lrm 1.0000 | dt_ms 1013.8
[2026-07-06 04:16:45] step 000745 | loss 0.692269 | lrm 1.0000 | dt_ms 1053.0
[2026-07-06 04:16:46] step 000746 | loss 0.809914 | lrm 1.0000 | dt_ms 1004.3
[2026-07-06 04:16:47] step 000747 | loss 0.763248 | lrm 1.0000 | dt_ms 1007.0
[2026-07-06 04:16:48] step 000748 | loss 0.764802 | lrm 1.0000 | dt_ms 1017.1
[2026-07-06 04:16:49] step 000749 | loss 0.809881 | lrm 1.0000 | dt_ms 1000.8
[2026-07-06 04:16:50] step 000750 | loss 0.666276 | lrm 1.0000 | dt_ms 979.3
[2026-07-06 04:16:51] step 000751 | loss 0.774200 | lrm 1.0000 | dt_ms 1017.8
[2026-07-06 04:16:52] step 000752 | loss 0.606694 | lrm 1.0000 | dt_ms 1010.1
[2026-07-06 04:16:53] step 000753 | loss 0.739941 | lrm 1.0000 | dt_ms 1041.0
[2026-07-06 04:16:54] step 000754 | loss 0.689827 | lrm 1.0000 | dt_ms 1091.8
[2026-07-06 04:16:55] step 000755 | loss 0.814170 | lrm 1.0000 | dt_ms 989.8
[2026-07-06 04:16:56] step 000756 | loss 0.652201 | lrm 1.0000 | dt_ms 1038.1
[2026-07-06 04:16:57] step 000757 | loss 0.768429 | lrm 1.0000 | dt_ms 1000.1
[2026-07-06 04:16:58] step 000758 | loss 0.591562 | lrm 1.0000 | dt_ms 1005.7
[2026-07-06 04:16:59] step 000759 | loss 0.814943 | lrm 1.0000 | dt_ms 1041.7
[2026-07-06 04:17:00] step 000760 | loss 0.701922 | lrm 1.0000 | dt_ms 1050.7
[2026-07-06 04:17:01] step 000761 | loss 0.674486 | lrm 1.0000 | dt_ms 1064.2
[2026-07-06 04:17:02] step 000762 | loss 0.789196 | lrm 1.0000 | dt_ms 1014.9
[2026-07-06 04:17:03] step 000763 | loss 0.756967 | lrm 1.0000 | dt_ms 995.4
[2026-07-06 04:17:04] step 000764 | loss 0.801866 | lrm 1.0000 | dt_ms 1044.2
[2026-07-06 04:17:05] step 000765 | loss 0.606145 | lrm 1.0000 | dt_ms 1029.8
[2026-07-06 04:17:06] step 000766 | loss 0.637051 | lrm 1.0000 | dt_ms 999.4
[2026-07-06 04:17:07] step 000767 | loss 0.772479 | lrm 1.0000 | dt_ms 1053.3
[2026-07-06 04:17:08] step 000768 | loss 0.667509 | lrm 1.0000 | dt_ms 997.5
[2026-07-06 04:17:09] step 000769 | loss 0.818755 | lrm 1.0000 | dt_ms 1033.3
[2026-07-06 04:17:10] step 000770 | loss 0.782338 | lrm 1.0000 | dt_ms 1053.2
[2026-07-06 04:17:11] step 000771 | loss 0.749640 | lrm 1.0000 | dt_ms 966.9
[2026-07-06 04:17:12] step 000772 | loss 0.734173 | lrm 1.0000 | dt_ms 1042.3
[2026-07-06 04:17:13] step 000773 | loss 0.771192 | lrm 1.0000 | dt_ms 1030.6
[2026-07-06 04:17:14] step 000774 | loss 0.874328 | lrm 1.0000 | dt_ms 1013.3
[2026-07-06 04:17:15] step 000775 | loss 0.671290 | lrm 1.0000 | dt_ms 1015.8
[2026-07-06 04:17:16] step 000776 | loss 0.668371 | lrm 1.0000 | dt_ms 1012.9
[2026-07-06 04:17:17] step 000777 | loss 0.672053 | lrm 1.0000 | dt_ms 986.7
[2026-07-06 04:17:18] step 000778 | loss 0.690312 | lrm 1.0000 | dt_ms 1058.9
[2026-07-06 04:17:19] step 000779 | loss 0.732307 | lrm 1.0000 | dt_ms 996.8
[2026-07-06 04:17:20] step 000780 | loss 0.795582 | lrm 1.0000 | dt_ms 1001.1
[2026-07-06 04:17:21] step 000781 | loss 0.741716 | lrm 1.0000 | dt_ms 1036.7
[2026-07-06 04:17:22] step 000782 | loss 0.792189 | lrm 1.0000 | dt_ms 1070.0
[2026-07-06 04:17:23] step 000783 | loss 0.750412 | lrm 1.0000 | dt_ms 1052.1
[2026-07-06 04:17:24] step 000784 | loss 0.778664 | lrm 1.0000 | dt_ms 1046.9
[2026-07-06 04:17:26] step 000785 | loss 0.622149 | lrm 1.0000 | dt_ms 1022.8
[2026-07-06 04:17:27] step 000786 | loss 0.781830 | lrm 1.0000 | dt_ms 996.3
[2026-07-06 04:17:27] step 000787 | loss 0.621651 | lrm 1.0000 | dt_ms 975.5
[2026-07-06 04:17:29] step 000788 | loss 0.746758 | lrm 1.0000 | dt_ms 1012.5
[2026-07-06 04:17:30] step 000789 | loss 0.693183 | lrm 1.0000 | dt_ms 1019.8
[2026-07-06 04:17:31] step 000790 | loss 0.905703 | lrm 1.0000 | dt_ms 1025.7
[2026-07-06 04:17:32] step 000791 | loss 0.772094 | lrm 1.0000 | dt_ms 1011.0
[2026-07-06 04:17:33] step 000792 | loss 0.704412 | lrm 1.0000 | dt_ms 1014.8
[2026-07-06 04:17:34] step 000793 | loss 0.770896 | lrm 1.0000 | dt_ms 1050.0
[2026-07-06 04:17:35] step 000794 | loss 0.826271 | lrm 1.0000 | dt_ms 989.9
[2026-07-06 04:17:36] step 000795 | loss 0.853899 | lrm 1.0000 | dt_ms 981.8
[2026-07-06 04:17:37] step 000796 | loss 0.739205 | lrm 1.0000 | dt_ms 1004.7
[2026-07-06 04:17:38] step 000797 | loss 0.799428 | lrm 1.0000 | dt_ms 1025.7
[2026-07-06 04:17:39] step 000798 | loss 0.745244 | lrm 1.0000 | dt_ms 1004.4
[2026-07-06 04:17:40] step 000799 | loss 0.640674 | lrm 1.0000 | dt_ms 1019.3
[2026-07-06 04:17:41] step 000800 | loss 0.659422 | lrm 1.0000 | dt_ms 1036.8
[2026-07-06 04:17:42] step 000801 | loss 0.737541 | lrm 1.0000 | dt_ms 1035.0
[2026-07-06 04:17:43] step 000802 | loss 0.742352 | lrm 1.0000 | dt_ms 999.4
[2026-07-06 04:17:44] step 000803 | loss 0.721208 | lrm 1.0000 | dt_ms 987.4
[2026-07-06 04:17:45] step 000804 | loss 0.816419 | lrm 1.0000 | dt_ms 1008.4
[2026-07-06 04:17:46] step 000805 | loss 0.747807 | lrm 1.0000 | dt_ms 999.3
[2026-07-06 04:17:47] step 000806 | loss 0.723877 | lrm 1.0000 | dt_ms 991.8
[2026-07-06 04:17:48] step 000807 | loss 0.709091 | lrm 1.0000 | dt_ms 1003.7
[2026-07-06 04:17:49] step 000808 | loss 0.710516 | lrm 1.0000 | dt_ms 1032.7
[2026-07-06 04:17:50] step 000809 | loss 0.783013 | lrm 1.0000 | dt_ms 1039.3
[2026-07-06 04:17:51] step 000810 | loss 0.733510 | lrm 1.0000 | dt_ms 1021.0
[2026-07-06 04:17:52] step 000811 | loss 0.570747 | lrm 1.0000 | dt_ms 1027.1
[2026-07-06 04:17:53] step 000812 | loss 0.834786 | lrm 1.0000 | dt_ms 999.2
[2026-07-06 04:17:54] step 000813 | loss 0.723534 | lrm 1.0000 | dt_ms 1051.8
[2026-07-06 04:17:55] step 000814 | loss 0.624406 | lrm 1.0000 | dt_ms 1008.7
[2026-07-06 04:17:56] step 000815 | loss 0.657094 | lrm 1.0000 | dt_ms 1011.0
[2026-07-06 04:17:57] step 000816 | loss 0.740369 | lrm 1.0000 | dt_ms 1017.8
[2026-07-06 04:17:58] step 000817 | loss 0.819390 | lrm 1.0000 | dt_ms 1020.4
[2026-07-06 04:17:59] step 000818 | loss 0.604698 | lrm 1.0000 | dt_ms 1015.3
[2026-07-06 04:18:00] step 000819 | loss 0.748850 | lrm 1.0000 | dt_ms 1074.5
[2026-07-06 04:18:01] step 000820 | loss 0.693409 | lrm 1.0000 | dt_ms 1030.5
[2026-07-06 04:18:02] step 000821 | loss 0.604102 | lrm 1.0000 | dt_ms 1008.9
[2026-07-06 04:18:03] step 000822 | loss 0.657937 | lrm 1.0000 | dt_ms 1003.2
[2026-07-06 04:18:04] step 000823 | loss 0.713057 | lrm 1.0000 | dt_ms 1017.7
[2026-07-06 04:18:05] step 000824 | loss 0.668841 | lrm 1.0000 | dt_ms 988.4
[2026-07-06 04:18:06] step 000825 | loss 0.772397 | lrm 1.0000 | dt_ms 1023.7
[2026-07-06 04:18:07] step 000826 | loss 0.773780 | lrm 1.0000 | dt_ms 1004.7
[2026-07-06 04:18:08] step 000827 | loss 0.651609 | lrm 1.0000 | dt_ms 1008.5
[2026-07-06 04:18:09] step 000828 | loss 0.674025 | lrm 1.0000 | dt_ms 1020.5
[2026-07-06 04:18:10] step 000829 | loss 0.744977 | lrm 1.0000 | dt_ms 1046.0
[2026-07-06 04:18:11] step 000830 | loss 0.784502 | lrm 1.0000 | dt_ms 1039.3
[2026-07-06 04:18:12] step 000831 | loss 0.699841 | lrm 1.0000 | dt_ms 1011.7
[2026-07-06 04:18:13] step 000832 | loss 0.691876 | lrm 1.0000 | dt_ms 990.9
[2026-07-06 04:18:14] step 000833 | loss 0.756791 | lrm 1.0000 | dt_ms 991.5
[2026-07-06 04:18:15] step 000834 | loss 0.860918 | lrm 1.0000 | dt_ms 1043.7
[2026-07-06 04:18:16] step 000835 | loss 0.832893 | lrm 1.0000 | dt_ms 978.7
[2026-07-06 04:18:17] step 000836 | loss 0.714204 | lrm 1.0000 | dt_ms 1030.6
[2026-07-06 04:18:18] step 000837 | loss 0.676931 | lrm 1.0000 | dt_ms 1021.2
[2026-07-06 04:18:19] step 000838 | loss 0.681473 | lrm 1.0000 | dt_ms 1055.7
[2026-07-06 04:18:20] step 000839 | loss 0.657712 | lrm 1.0000 | dt_ms 1027.4
[2026-07-06 04:18:21] step 000840 | loss 0.752234 | lrm 1.0000 | dt_ms 1032.5
[2026-07-06 04:18:22] step 000841 | loss 0.796592 | lrm 1.0000 | dt_ms 1039.1
[2026-07-06 04:18:23] step 000842 | loss 0.729863 | lrm 1.0000 | dt_ms 986.6
[2026-07-06 04:18:24] step 000843 | loss 0.641809 | lrm 1.0000 | dt_ms 1045.6
[2026-07-06 04:18:25] step 000844 | loss 0.700562 | lrm 1.0000 | dt_ms 999.2
[2026-07-06 04:18:27] step 000845 | loss 0.866218 | lrm 1.0000 | dt_ms 1010.8
[2026-07-06 04:18:28] step 000846 | loss 0.787306 | lrm 1.0000 | dt_ms 1060.4
[2026-07-06 04:18:29] step 000847 | loss 0.765593 | lrm 1.0000 | dt_ms 1016.2
[2026-07-06 04:18:30] step 000848 | loss 0.757358 | lrm 1.0000 | dt_ms 999.4
[2026-07-06 04:18:31] step 000849 | loss 0.772388 | lrm 1.0000 | dt_ms 999.9
[2026-07-06 04:18:32] step 000850 | loss 0.713896 | lrm 1.0000 | dt_ms 1012.1
[2026-07-06 04:18:33] step 000851 | loss 0.708851 | lrm 1.0000 | dt_ms 1029.4
[2026-07-06 04:18:34] step 000852 | loss 0.681877 | lrm 1.0000 | dt_ms 1011.0
[2026-07-06 04:18:35] step 000853 | loss 0.736152 | lrm 1.0000 | dt_ms 1026.9
[2026-07-06 04:18:36] step 000854 | loss 0.742457 | lrm 1.0000 | dt_ms 992.4
[2026-07-06 04:18:37] step 000855 | loss 0.782099 | lrm 1.0000 | dt_ms 1073.1
[2026-07-06 04:18:38] step 000856 | loss 0.747454 | lrm 1.0000 | dt_ms 1025.2
[2026-07-06 04:18:39] step 000857 | loss 0.676072 | lrm 1.0000 | dt_ms 997.1
[2026-07-06 04:18:40] step 000858 | loss 0.670941 | lrm 1.0000 | dt_ms 1023.7
[2026-07-06 04:18:41] step 000859 | loss 0.747290 | lrm 1.0000 | dt_ms 998.1
[2026-07-06 04:18:42] step 000860 | loss 0.745836 | lrm 1.0000 | dt_ms 1005.9
[2026-07-06 04:18:43] step 000861 | loss 0.751892 | lrm 1.0000 | dt_ms 993.5
[2026-07-06 04:18:44] step 000862 | loss 0.698601 | lrm 1.0000 | dt_ms 1004.4
[2026-07-06 04:18:45] step 000863 | loss 0.654833 | lrm 1.0000 | dt_ms 982.5
[2026-07-06 04:18:46] step 000864 | loss 0.769707 | lrm 1.0000 | dt_ms 1018.8
[2026-07-06 04:18:47] step 000865 | loss 0.649030 | lrm 1.0000 | dt_ms 1010.2
[2026-07-06 04:18:48] step 000866 | loss 0.706532 | lrm 1.0000 | dt_ms 1041.2
[2026-07-06 04:18:49] step 000867 | loss 0.744006 | lrm 1.0000 | dt_ms 1008.9
[2026-07-06 04:18:50] step 000868 | loss 0.693948 | lrm 1.0000 | dt_ms 1016.9
[2026-07-06 04:18:51] step 000869 | loss 0.731247 | lrm 1.0000 | dt_ms 1017.8
[2026-07-06 04:18:52] step 000870 | loss 0.694975 | lrm 1.0000 | dt_ms 988.6
[2026-07-06 04:18:53] step 000871 | loss 0.801952 | lrm 1.0000 | dt_ms 1008.7
[2026-07-06 04:18:54] step 000872 | loss 0.719999 | lrm 1.0000 | dt_ms 1048.3
[2026-07-06 04:18:55] step 000873 | loss 0.825378 | lrm 1.0000 | dt_ms 1017.9
[2026-07-06 04:18:56] step 000874 | loss 0.769485 | lrm 1.0000 | dt_ms 1012.1
[2026-07-06 04:18:57] step 000875 | loss 0.645096 | lrm 1.0000 | dt_ms 1063.7
[2026-07-06 04:18:58] step 000876 | loss 0.730488 | lrm 1.0000 | dt_ms 999.8
[2026-07-06 04:18:59] step 000877 | loss 0.591851 | lrm 1.0000 | dt_ms 1012.8
[2026-07-06 04:19:00] step 000878 | loss 0.847636 | lrm 1.0000 | dt_ms 1034.5
[2026-07-06 04:19:01] step 000879 | loss 0.768437 | lrm 1.0000 | dt_ms 987.7
[2026-07-06 04:19:02] step 000880 | loss 0.726537 | lrm 1.0000 | dt_ms 993.6
[2026-07-06 04:19:03] step 000881 | loss 0.759980 | lrm 1.0000 | dt_ms 1003.8
[2026-07-06 04:19:04] step 000882 | loss 0.711923 | lrm 1.0000 | dt_ms 1061.2
[2026-07-06 04:19:05] step 000883 | loss 0.672458 | lrm 1.0000 | dt_ms 1038.9
[2026-07-06 04:19:06] step 000884 | loss 0.763480 | lrm 1.0000 | dt_ms 1023.4
[2026-07-06 04:19:07] step 000885 | loss 0.757414 | lrm 1.0000 | dt_ms 992.5
[2026-07-06 04:19:08] step 000886 | loss 0.735032 | lrm 1.0000 | dt_ms 1029.6
[2026-07-06 04:19:09] step 000887 | loss 0.705170 | lrm 1.0000 | dt_ms 1003.8
[2026-07-06 04:19:10] step 000888 | loss 0.653594 | lrm 1.0000 | dt_ms 1016.2
[2026-07-06 04:19:11] step 000889 | loss 0.635094 | lrm 1.0000 | dt_ms 1009.6
[2026-07-06 04:19:12] step 000890 | loss 0.674627 | lrm 1.0000 | dt_ms 1020.4
[2026-07-06 04:19:13] step 000891 | loss 0.708388 | lrm 1.0000 | dt_ms 1003.2
[2026-07-06 04:19:14] step 000892 | loss 0.591295 | lrm 1.0000 | dt_ms 1011.6
[2026-07-06 04:19:15] step 000893 | loss 0.819327 | lrm 1.0000 | dt_ms 1004.9
[2026-07-06 04:19:16] step 000894 | loss 0.825258 | lrm 1.0000 | dt_ms 1072.4
[2026-07-06 04:19:17] step 000895 | loss 0.705306 | lrm 1.0000 | dt_ms 1079.3
[2026-07-06 04:19:18] step 000896 | loss 0.644829 | lrm 1.0000 | dt_ms 1012.2
[2026-07-06 04:19:19] step 000897 | loss 0.616615 | lrm 1.0000 | dt_ms 1024.5
[2026-07-06 04:19:20] step 000898 | loss 0.691305 | lrm 1.0000 | dt_ms 1001.7
[2026-07-06 04:19:21] step 000899 | loss 0.613544 | lrm 1.0000 | dt_ms 972.5
[2026-07-06 04:19:22] step 000900 | loss 0.698517 | lrm 1.0000 | dt_ms 1012.6
[2026-07-06 04:19:23] step 000901 | loss 0.749296 | lrm 1.0000 | dt_ms 980.0
[2026-07-06 04:19:24] step 000902 | loss 0.724926 | lrm 1.0000 | dt_ms 1031.1
[2026-07-06 04:19:26] step 000903 | loss 0.642727 | lrm 1.0000 | dt_ms 1035.6
[2026-07-06 04:19:26] step 000904 | loss 0.804470 | lrm 1.0000 | dt_ms 980.7
[2026-07-06 04:19:28] step 000905 | loss 0.786137 | lrm 1.0000 | dt_ms 1066.2
[2026-07-06 04:19:29] step 000906 | loss 0.696063 | lrm 1.0000 | dt_ms 1006.2
[2026-07-06 04:19:30] step 000907 | loss 0.745377 | lrm 1.0000 | dt_ms 996.2
[2026-07-06 04:19:31] step 000908 | loss 0.634400 | lrm 1.0000 | dt_ms 1019.8
[2026-07-06 04:19:32] step 000909 | loss 0.775657 | lrm 1.0000 | dt_ms 984.8
[2026-07-06 04:19:33] step 000910 | loss 0.718440 | lrm 1.0000 | dt_ms 1071.7
[2026-07-06 04:19:34] step 000911 | loss 0.593030 | lrm 1.0000 | dt_ms 1022.9
[2026-07-06 04:19:35] step 000912 | loss 0.708363 | lrm 1.0000 | dt_ms 998.7
[2026-07-06 04:19:36] step 000913 | loss 0.693468 | lrm 1.0000 | dt_ms 998.9
[2026-07-06 04:19:37] step 000914 | loss 0.672481 | lrm 1.0000 | dt_ms 1006.3
[2026-07-06 04:19:38] step 000915 | loss 0.784428 | lrm 1.0000 | dt_ms 1004.3
[2026-07-06 04:19:39] step 000916 | loss 0.719616 | lrm 1.0000 | dt_ms 1021.6
[2026-07-06 04:19:40] step 000917 | loss 0.778270 | lrm 1.0000 | dt_ms 1060.0
[2026-07-06 04:19:41] step 000918 | loss 0.671645 | lrm 1.0000 | dt_ms 1038.4
[2026-07-06 04:19:42] step 000919 | loss 0.727995 | lrm 1.0000 | dt_ms 997.5
[2026-07-06 04:19:43] step 000920 | loss 0.767815 | lrm 1.0000 | dt_ms 994.5
[2026-07-06 04:19:44] step 000921 | loss 0.742266 | lrm 1.0000 | dt_ms 1045.5
[2026-07-06 04:19:45] step 000922 | loss 0.683115 | lrm 1.0000 | dt_ms 1000.9
[2026-07-06 04:19:46] step 000923 | loss 0.671871 | lrm 1.0000 | dt_ms 1009.2
[2026-07-06 04:19:47] step 000924 | loss 0.704365 | lrm 1.0000 | dt_ms 1013.4
[2026-07-06 04:19:48] step 000925 | loss 0.799775 | lrm 1.0000 | dt_ms 1004.5
[2026-07-06 04:19:49] step 000926 | loss 0.804853 | lrm 1.0000 | dt_ms 1057.8
[2026-07-06 04:19:50] step 000927 | loss 0.647114 | lrm 1.0000 | dt_ms 1042.7
[2026-07-06 04:19:51] step 000928 | loss 0.691322 | lrm 1.0000 | dt_ms 968.3
[2026-07-06 04:19:52] step 000929 | loss 0.665065 | lrm 1.0000 | dt_ms 1063.1
[2026-07-06 04:19:53] step 000930 | loss 0.729324 | lrm 1.0000 | dt_ms 1022.0
[2026-07-06 04:19:54] step 000931 | loss 0.700323 | lrm 1.0000 | dt_ms 1042.5
[2026-07-06 04:19:55] step 000932 | loss 0.722699 | lrm 1.0000 | dt_ms 1004.5
[2026-07-06 04:19:56] step 000933 | loss 0.624898 | lrm 1.0000 | dt_ms 994.0
[2026-07-06 04:19:57] step 000934 | loss 0.709182 | lrm 1.0000 | dt_ms 990.9
[2026-07-06 04:19:58] step 000935 | loss 0.755852 | lrm 1.0000 | dt_ms 997.7
[2026-07-06 04:19:59] step 000936 | loss 0.697410 | lrm 1.0000 | dt_ms 1006.9
[2026-07-06 04:20:00] step 000937 | loss 0.798218 | lrm 1.0000 | dt_ms 1028.6
[2026-07-06 04:20:01] step 000938 | loss 0.745629 | lrm 1.0000 | dt_ms 1018.0
[2026-07-06 04:20:02] step 000939 | loss 0.587217 | lrm 1.0000 | dt_ms 1057.3
[2026-07-06 04:20:03] step 000940 | loss 0.716528 | lrm 1.0000 | dt_ms 1016.6
[2026-07-06 04:20:04] step 000941 | loss 0.699946 | lrm 1.0000 | dt_ms 1016.4
[2026-07-06 04:20:05] step 000942 | loss 0.724978 | lrm 1.0000 | dt_ms 1012.6
[2026-07-06 04:20:06] step 000943 | loss 0.705780 | lrm 1.0000 | dt_ms 1033.1
[2026-07-06 04:20:07] step 000944 | loss 0.584962 | lrm 1.0000 | dt_ms 1003.2
[2026-07-06 04:20:08] step 000945 | loss 0.727903 | lrm 1.0000 | dt_ms 1001.6
[2026-07-06 04:20:09] step 000946 | loss 0.686716 | lrm 1.0000 | dt_ms 1037.6
[2026-07-06 04:20:10] step 000947 | loss 0.740729 | lrm 1.0000 | dt_ms 1030.3
[2026-07-06 04:20:11] step 000948 | loss 0.812315 | lrm 1.0000 | dt_ms 1002.5
[2026-07-06 04:20:12] step 000949 | loss 0.729585 | lrm 1.0000 | dt_ms 1022.3
[2026-07-06 04:20:13] step 000950 | loss 0.646202 | lrm 1.0000 | dt_ms 1007.0
[2026-07-06 04:20:14] step 000951 | loss 0.660538 | lrm 1.0000 | dt_ms 1047.6
[2026-07-06 04:20:15] step 000952 | loss 0.619196 | lrm 1.0000 | dt_ms 1023.8
[2026-07-06 04:20:16] step 000953 | loss 0.681820 | lrm 1.0000 | dt_ms 1005.9
[2026-07-06 04:20:17] step 000954 | loss 0.673292 | lrm 1.0000 | dt_ms 1035.6
[2026-07-06 04:20:18] step 000955 | loss 0.635863 | lrm 1.0000 | dt_ms 1001.6
[2026-07-06 04:20:19] step 000956 | loss 0.753109 | lrm 1.0000 | dt_ms 1006.4
[2026-07-06 04:20:20] step 000957 | loss 0.725796 | lrm 1.0000 | dt_ms 984.3
[2026-07-06 04:20:21] step 000958 | loss 0.814587 | lrm 1.0000 | dt_ms 1029.4
[2026-07-06 04:20:23] step 000959 | loss 0.616922 | lrm 1.0000 | dt_ms 1032.5
[2026-07-06 04:20:24] step 000960 | loss 0.737724 | lrm 1.0000 | dt_ms 1001.1
[2026-07-06 04:20:25] step 000961 | loss 0.791772 | lrm 1.0000 | dt_ms 1024.1
[2026-07-06 04:20:26] step 000962 | loss 0.636552 | lrm 1.0000 | dt_ms 984.8
[2026-07-06 04:20:27] step 000963 | loss 0.702525 | lrm 1.0000 | dt_ms 1021.1
[2026-07-06 04:20:28] step 000964 | loss 0.732982 | lrm 1.0000 | dt_ms 1015.5
[2026-07-06 04:20:29] step 000965 | loss 0.582592 | lrm 1.0000 | dt_ms 1005.1
[2026-07-06 04:20:30] step 000966 | loss 0.565937 | lrm 1.0000 | dt_ms 1041.4
[2026-07-06 04:20:31] step 000967 | loss 0.680919 | lrm 1.0000 | dt_ms 1014.1
[2026-07-06 04:20:32] step 000968 | loss 0.696583 | lrm 1.0000 | dt_ms 1028.0
[2026-07-06 04:20:33] step 000969 | loss 0.685541 | lrm 1.0000 | dt_ms 1028.5
[2026-07-06 04:20:34] step 000970 | loss 0.803657 | lrm 1.0000 | dt_ms 998.2
[2026-07-06 04:20:35] step 000971 | loss 0.772421 | lrm 1.0000 | dt_ms 1050.4
[2026-07-06 04:20:36] step 000972 | loss 0.650985 | lrm 1.0000 | dt_ms 994.4
[2026-07-06 04:20:37] step 000973 | loss 0.652976 | lrm 1.0000 | dt_ms 1063.0
[2026-07-06 04:20:38] step 000974 | loss 0.707753 | lrm 1.0000 | dt_ms 1025.6
[2026-07-06 04:20:39] step 000975 | loss 0.736595 | lrm 1.0000 | dt_ms 1066.7
[2026-07-06 04:20:40] step 000976 | loss 0.748954 | lrm 1.0000 | dt_ms 1035.7
[2026-07-06 04:20:41] step 000977 | loss 0.806125 | lrm 1.0000 | dt_ms 1054.2
[2026-07-06 04:20:42] step 000978 | loss 0.703471 | lrm 1.0000 | dt_ms 991.9
[2026-07-06 04:20:43] step 000979 | loss 0.715786 | lrm 1.0000 | dt_ms 1071.8
[2026-07-06 04:20:44] step 000980 | loss 0.776446 | lrm 1.0000 | dt_ms 1001.0
[2026-07-06 04:20:45] step 000981 | loss 0.745519 | lrm 1.0000 | dt_ms 1014.1
[2026-07-06 04:20:46] step 000982 | loss 0.748857 | lrm 1.0000 | dt_ms 984.9
[2026-07-06 04:20:47] step 000983 | loss 0.643576 | lrm 1.0000 | dt_ms 1038.5
[2026-07-06 04:20:48] step 000984 | loss 0.636441 | lrm 1.0000 | dt_ms 993.0
[2026-07-06 04:20:49] step 000985 | loss 0.636331 | lrm 1.0000 | dt_ms 1009.0
[2026-07-06 04:20:50] step 000986 | loss 0.702313 | lrm 1.0000 | dt_ms 1055.7
[2026-07-06 04:20:51] step 000987 | loss 0.663155 | lrm 1.0000 | dt_ms 1027.7
[2026-07-06 04:20:52] step 000988 | loss 0.717301 | lrm 1.0000 | dt_ms 996.3
[2026-07-06 04:20:53] step 000989 | loss 0.699665 | lrm 1.0000 | dt_ms 1054.0
[2026-07-06 04:20:54] step 000990 | loss 0.706300 | lrm 1.0000 | dt_ms 1000.8
[2026-07-06 04:20:55] step 000991 | loss 0.601623 | lrm 1.0000 | dt_ms 1026.6
[2026-07-06 04:20:56] step 000992 | loss 0.680504 | lrm 1.0000 | dt_ms 1008.4
[2026-07-06 04:20:57] step 000993 | loss 0.669104 | lrm 1.0000 | dt_ms 990.8
[2026-07-06 04:20:58] step 000994 | loss 0.692627 | lrm 1.0000 | dt_ms 1019.3
[2026-07-06 04:20:59] step 000995 | loss 0.708265 | lrm 1.0000 | dt_ms 1012.4
[2026-07-06 04:21:00] step 000996 | loss 0.694053 | lrm 1.0000 | dt_ms 1075.7
[2026-07-06 04:21:01] step 000997 | loss 0.825618 | lrm 1.0000 | dt_ms 994.9
[2026-07-06 04:21:02] step 000998 | loss 0.841314 | lrm 1.0000 | dt_ms 977.7
[2026-07-06 04:21:03] step 000999 | loss 0.531857 | lrm 1.0000 | dt_ms 1000.5
[2026-07-06 04:21:04] step 001000 | loss 0.695298 | lrm 1.0000 | dt_ms 978.3
[2026-07-06 04:21:05] step 001001 | loss 0.609691 | lrm 1.0000 | dt_ms 1011.5
[2026-07-06 04:21:06] step 001002 | loss 0.613333 | lrm 1.0000 | dt_ms 1026.9
[2026-07-06 04:21:07] step 001003 | loss 0.710421 | lrm 1.0000 | dt_ms 1073.2
[2026-07-06 04:21:08] step 001004 | loss 0.714319 | lrm 1.0000 | dt_ms 1009.9
[2026-07-06 04:21:09] step 001005 | loss 0.763735 | lrm 1.0000 | dt_ms 1033.0
[2026-07-06 04:21:10] step 001006 | loss 0.658325 | lrm 1.0000 | dt_ms 1042.0
[2026-07-06 04:21:12] step 001007 | loss 0.655797 | lrm 1.0000 | dt_ms 1012.2
[2026-07-06 04:21:13] step 001008 | loss 0.632223 | lrm 1.0000 | dt_ms 1012.0
[2026-07-06 04:21:14] step 001009 | loss 0.724179 | lrm 1.0000 | dt_ms 995.4
[2026-07-06 04:21:15] step 001010 | loss 0.693810 | lrm 1.0000 | dt_ms 1028.0
[2026-07-06 04:21:16] step 001011 | loss 0.739552 | lrm 1.0000 | dt_ms 1021.7
[2026-07-06 04:21:17] step 001012 | loss 0.830071 | lrm 1.0000 | dt_ms 1031.8
[2026-07-06 04:21:18] step 001013 | loss 0.683907 | lrm 1.0000 | dt_ms 1001.4
[2026-07-06 04:21:19] step 001014 | loss 0.685213 | lrm 1.0000 | dt_ms 1016.7
[2026-07-06 04:21:20] step 001015 | loss 0.676332 | lrm 1.0000 | dt_ms 995.2
[2026-07-06 04:21:21] step 001016 | loss 0.732720 | lrm 1.0000 | dt_ms 1035.5
[2026-07-06 04:21:22] step 001017 | loss 0.645131 | lrm 1.0000 | dt_ms 1006.3
[2026-07-06 04:21:23] step 001018 | loss 0.740400 | lrm 1.0000 | dt_ms 983.2
[2026-07-06 04:21:24] step 001019 | loss 0.661644 | lrm 1.0000 | dt_ms 1044.5
[2026-07-06 04:21:25] step 001020 | loss 0.669449 | lrm 1.0000 | dt_ms 1012.7
[2026-07-06 04:21:26] step 001021 | loss 0.646137 | lrm 1.0000 | dt_ms 991.6
[2026-07-06 04:21:27] step 001022 | loss 0.691840 | lrm 1.0000 | dt_ms 990.4
[2026-07-06 04:21:28] step 001023 | loss 0.718151 | lrm 1.0000 | dt_ms 1003.8
[2026-07-06 04:21:29] step 001024 | loss 0.688450 | lrm 1.0000 | dt_ms 1001.1
[2026-07-06 04:21:30] step 001025 | loss 0.627210 | lrm 1.0000 | dt_ms 1035.8
[2026-07-06 04:21:31] step 001026 | loss 0.662855 | lrm 1.0000 | dt_ms 990.1
[2026-07-06 04:21:32] step 001027 | loss 0.755391 | lrm 1.0000 | dt_ms 1011.9
[2026-07-06 04:21:33] step 001028 | loss 0.899072 | lrm 1.0000 | dt_ms 989.3
[2026-07-06 04:21:34] step 001029 | loss 0.781203 | lrm 1.0000 | dt_ms 1027.4
[2026-07-06 04:21:35] step 001030 | loss 0.740738 | lrm 1.0000 | dt_ms 987.6
[2026-07-06 04:21:36] step 001031 | loss 0.618666 | lrm 1.0000 | dt_ms 1004.7
[2026-07-06 04:21:37] step 001032 | loss 0.719969 | lrm 1.0000 | dt_ms 1042.4
[2026-07-06 04:21:38] step 001033 | loss 0.666843 | lrm 1.0000 | dt_ms 973.8
[2026-07-06 04:21:39] step 001034 | loss 0.651871 | lrm 1.0000 | dt_ms 1003.9
[2026-07-06 04:21:40] step 001035 | loss 0.765868 | lrm 1.0000 | dt_ms 1015.7
[2026-07-06 04:21:41] step 001036 | loss 0.728714 | lrm 1.0000 | dt_ms 1025.2
[2026-07-06 04:21:42] step 001037 | loss 0.645201 | lrm 1.0000 | dt_ms 1024.0
[2026-07-06 04:21:43] step 001038 | loss 0.586302 | lrm 1.0000 | dt_ms 1019.1
[2026-07-06 04:21:44] step 001039 | loss 0.747736 | lrm 1.0000 | dt_ms 1018.0
[2026-07-06 04:21:45] step 001040 | loss 0.722531 | lrm 1.0000 | dt_ms 1065.0
[2026-07-06 04:21:46] step 001041 | loss 0.623133 | lrm 1.0000 | dt_ms 1008.8
[2026-07-06 04:21:47] step 001042 | loss 0.662024 | lrm 1.0000 | dt_ms 994.9
[2026-07-06 04:21:48] step 001043 | loss 0.660398 | lrm 1.0000 | dt_ms 991.2
[2026-07-06 04:21:49] step 001044 | loss 0.720774 | lrm 1.0000 | dt_ms 1071.6
[2026-07-06 04:21:50] step 001045 | loss 0.623266 | lrm 1.0000 | dt_ms 1000.3
[2026-07-06 04:21:51] step 001046 | loss 0.759267 | lrm 1.0000 | dt_ms 1019.0
[2026-07-06 04:21:52] step 001047 | loss 0.605670 | lrm 1.0000 | dt_ms 993.5
[2026-07-06 04:21:53] step 001048 | loss 0.691588 | lrm 1.0000 | dt_ms 1066.0
[2026-07-06 04:21:54] step 001049 | loss 0.566997 | lrm 1.0000 | dt_ms 1001.9
[2026-07-06 04:21:55] step 001050 | loss 0.857108 | lrm 1.0000 | dt_ms 994.8
[2026-07-06 04:21:56] step 001051 | loss 0.695084 | lrm 1.0000 | dt_ms 1018.2
[2026-07-06 04:21:57] step 001052 | loss 0.746476 | lrm 1.0000 | dt_ms 1051.3
[2026-07-06 04:21:58] step 001053 | loss 0.765020 | lrm 1.0000 | dt_ms 1037.2
[2026-07-06 04:21:59] step 001054 | loss 0.756748 | lrm 1.0000 | dt_ms 1065.2
[2026-07-06 04:22:00] step 001055 | loss 0.691566 | lrm 1.0000 | dt_ms 973.6
[2026-07-06 04:22:01] step 001056 | loss 0.756578 | lrm 1.0000 | dt_ms 1039.7
[2026-07-06 04:22:02] step 001057 | loss 0.645641 | lrm 1.0000 | dt_ms 1005.5
[2026-07-06 04:22:03] step 001058 | loss 0.650711 | lrm 1.0000 | dt_ms 988.0
[2026-07-06 04:22:04] step 001059 | loss 0.602384 | lrm 1.0000 | dt_ms 1079.7
[2026-07-06 04:22:05] step 001060 | loss 0.687285 | lrm 1.0000 | dt_ms 1023.8
[2026-07-06 04:22:06] step 001061 | loss 0.704064 | lrm 1.0000 | dt_ms 1024.9
[2026-07-06 04:22:07] step 001062 | loss 0.676399 | lrm 1.0000 | dt_ms 1015.8
[2026-07-06 04:22:08] step 001063 | loss 0.737270 | lrm 1.0000 | dt_ms 998.1
[2026-07-06 04:22:09] step 001064 | loss 0.641317 | lrm 1.0000 | dt_ms 1007.9
[2026-07-06 04:22:10] step 001065 | loss 0.663337 | lrm 1.0000 | dt_ms 1032.6
[2026-07-06 04:22:11] step 001066 | loss 0.716179 | lrm 1.0000 | dt_ms 998.4
[2026-07-06 04:22:12] step 001067 | loss 0.645586 | lrm 1.0000 | dt_ms 1029.1
[2026-07-06 04:22:14] step 001068 | loss 0.701362 | lrm 1.0000 | dt_ms 1049.6
[2026-07-06 04:22:15] step 001069 | loss 0.637702 | lrm 1.0000 | dt_ms 1004.1
[2026-07-06 04:22:16] step 001070 | loss 0.673989 | lrm 1.0000 | dt_ms 1024.1
[2026-07-06 04:22:17] step 001071 | loss 0.683209 | lrm 1.0000 | dt_ms 1073.8
[2026-07-06 04:22:18] step 001072 | loss 0.696617 | lrm 1.0000 | dt_ms 1011.7
[2026-07-06 04:22:19] step 001073 | loss 0.808588 | lrm 1.0000 | dt_ms 1029.7
[2026-07-06 04:22:20] step 001074 | loss 0.680807 | lrm 1.0000 | dt_ms 1033.9
[2026-07-06 04:22:21] step 001075 | loss 0.722366 | lrm 1.0000 | dt_ms 993.4
[2026-07-06 04:22:22] step 001076 | loss 0.764486 | lrm 1.0000 | dt_ms 1064.2
[2026-07-06 04:22:23] step 001077 | loss 0.606537 | lrm 1.0000 | dt_ms 1002.1
[2026-07-06 04:22:24] step 001078 | loss 0.686605 | lrm 1.0000 | dt_ms 1016.9
[2026-07-06 04:22:25] step 001079 | loss 0.626135 | lrm 1.0000 | dt_ms 1006.3
[2026-07-06 04:22:26] step 001080 | loss 0.644260 | lrm 1.0000 | dt_ms 1013.0
[2026-07-06 04:22:27] step 001081 | loss 0.576655 | lrm 1.0000 | dt_ms 1045.5
[2026-07-06 04:22:28] step 001082 | loss 0.698788 | lrm 1.0000 | dt_ms 1004.0
[2026-07-06 04:22:29] step 001083 | loss 0.648788 | lrm 1.0000 | dt_ms 1026.1
[2026-07-06 04:22:30] step 001084 | loss 0.618323 | lrm 1.0000 | dt_ms 1018.4
[2026-07-06 04:22:31] step 001085 | loss 0.695306 | lrm 1.0000 | dt_ms 1027.4
[2026-07-06 04:22:32] step 001086 | loss 0.825550 | lrm 1.0000 | dt_ms 985.5
[2026-07-06 04:22:33] step 001087 | loss 0.673469 | lrm 1.0000 | dt_ms 1019.3
[2026-07-06 04:22:34] step 001088 | loss 0.609176 | lrm 1.0000 | dt_ms 1032.5
[2026-07-06 04:22:35] step 001089 | loss 0.654178 | lrm 1.0000 | dt_ms 1024.1
[2026-07-06 04:22:36] step 001090 | loss 0.742681 | lrm 1.0000 | dt_ms 1002.1
[2026-07-06 04:22:37] step 001091 | loss 0.788751 | lrm 1.0000 | dt_ms 1018.3
[2026-07-06 04:22:38] step 001092 | loss 0.599827 | lrm 1.0000 | dt_ms 991.9
[2026-07-06 04:22:39] step 001093 | loss 0.626281 | lrm 1.0000 | dt_ms 995.9
[2026-07-06 04:22:40] step 001094 | loss 0.882418 | lrm 1.0000 | dt_ms 997.2
[2026-07-06 04:22:41] step 001095 | loss 0.645640 | lrm 1.0000 | dt_ms 1031.3
[2026-07-06 04:22:42] step 001096 | loss 0.727903 | lrm 1.0000 | dt_ms 1046.7
[2026-07-06 04:22:43] step 001097 | loss 0.570411 | lrm 1.0000 | dt_ms 1017.2
[2026-07-06 04:22:44] step 001098 | loss 0.655753 | lrm 1.0000 | dt_ms 1043.6
[2026-07-06 04:22:45] step 001099 | loss 0.806794 | lrm 1.0000 | dt_ms 998.0
[2026-07-06 04:22:46] step 001100 | loss 0.646557 | lrm 1.0000 | dt_ms 1027.8
[2026-07-06 04:22:47] step 001101 | loss 0.684009 | lrm 1.0000 | dt_ms 1028.2
[2026-07-06 04:22:48] step 001102 | loss 0.586100 | lrm 1.0000 | dt_ms 990.9
[2026-07-06 04:22:49] step 001103 | loss 0.685711 | lrm 1.0000 | dt_ms 1032.8
[2026-07-06 04:22:50] step 001104 | loss 0.838140 | lrm 1.0000 | dt_ms 1020.1
[2026-07-06 04:22:51] step 001105 | loss 0.684842 | lrm 1.0000 | dt_ms 1010.6
[2026-07-06 04:22:52] step 001106 | loss 0.639455 | lrm 1.0000 | dt_ms 1024.7
[2026-07-06 04:22:53] step 001107 | loss 0.669001 | lrm 1.0000 | dt_ms 976.6
[2026-07-06 04:22:54] step 001108 | loss 0.636351 | lrm 1.0000 | dt_ms 996.1
[2026-07-06 04:22:55] step 001109 | loss 0.814772 | lrm 1.0000 | dt_ms 1011.9
[2026-07-06 04:22:56] step 001110 | loss 0.770690 | lrm 1.0000 | dt_ms 993.3
[2026-07-06 04:22:57] step 001111 | loss 0.648691 | lrm 1.0000 | dt_ms 994.3
[2026-07-06 04:22:58] step 001112 | loss 0.667106 | lrm 1.0000 | dt_ms 1045.4
[2026-07-06 04:22:59] step 001113 | loss 0.732447 | lrm 1.0000 | dt_ms 1032.9
[2026-07-06 04:23:00] step 001114 | loss 0.702094 | lrm 1.0000 | dt_ms 1007.3
[2026-07-06 04:23:01] step 001115 | loss 0.737249 | lrm 1.0000 | dt_ms 1010.2
[2026-07-06 04:23:02] step 001116 | loss 0.809427 | lrm 1.0000 | dt_ms 1003.1
[2026-07-06 04:23:03] step 001117 | loss 0.647751 | lrm 1.0000 | dt_ms 1032.3
[2026-07-06 04:23:04] step 001118 | loss 0.723518 | lrm 1.0000 | dt_ms 1029.0
[2026-07-06 04:23:05] step 001119 | loss 0.624609 | lrm 1.0000 | dt_ms 1065.5
[2026-07-06 04:23:06] step 001120 | loss 0.661501 | lrm 1.0000 | dt_ms 1014.8
[2026-07-06 04:23:08] step 001121 | loss 0.588775 | lrm 1.0000 | dt_ms 1036.8
[2026-07-06 04:23:09] step 001122 | loss 0.576622 | lrm 1.0000 | dt_ms 988.5
[2026-07-06 04:23:09] step 001123 | loss 0.678889 | lrm 1.0000 | dt_ms 977.3
[2026-07-06 04:23:11] step 001124 | loss 0.532186 | lrm 1.0000 | dt_ms 1025.0
[2026-07-06 04:23:12] step 001125 | loss 0.710700 | lrm 1.0000 | dt_ms 1003.6
[2026-07-06 04:23:13] step 001126 | loss 0.586962 | lrm 1.0000 | dt_ms 1018.1
[2026-07-06 04:23:14] step 001127 | loss 0.852169 | lrm 1.0000 | dt_ms 1025.0
[2026-07-06 04:23:15] step 001128 | loss 0.739255 | lrm 1.0000 | dt_ms 1003.3
[2026-07-06 04:23:16] step 001129 | loss 0.713901 | lrm 1.0000 | dt_ms 1011.0
[2026-07-06 04:23:17] step 001130 | loss 0.676583 | lrm 1.0000 | dt_ms 1011.1
[2026-07-06 04:23:18] step 001131 | loss 0.659036 | lrm 1.0000 | dt_ms 1012.8
[2026-07-06 04:23:19] step 001132 | loss 0.759926 | lrm 1.0000 | dt_ms 996.5
[2026-07-06 04:23:20] step 001133 | loss 0.512326 | lrm 1.0000 | dt_ms 1038.1
[2026-07-06 04:23:21] step 001134 | loss 0.710172 | lrm 1.0000 | dt_ms 1002.2
[2026-07-06 04:23:22] step 001135 | loss 0.642906 | lrm 1.0000 | dt_ms 1040.6
[2026-07-06 04:23:23] step 001136 | loss 0.668958 | lrm 1.0000 | dt_ms 968.9
[2026-07-06 04:23:24] step 001137 | loss 0.693411 | lrm 1.0000 | dt_ms 1040.3
[2026-07-06 04:23:25] step 001138 | loss 0.757388 | lrm 1.0000 | dt_ms 998.1
[2026-07-06 04:23:26] step 001139 | loss 0.595182 | lrm 1.0000 | dt_ms 1027.0
[2026-07-06 04:23:27] step 001140 | loss 0.637292 | lrm 1.0000 | dt_ms 995.4
[2026-07-06 04:23:28] step 001141 | loss 0.715788 | lrm 1.0000 | dt_ms 1019.6
[2026-07-06 04:23:29] step 001142 | loss 0.616686 | lrm 1.0000 | dt_ms 999.7
[2026-07-06 04:23:30] step 001143 | loss 0.736571 | lrm 1.0000 | dt_ms 998.2
[2026-07-06 04:23:31] step 001144 | loss 0.690518 | lrm 1.0000 | dt_ms 992.4
[2026-07-06 04:23:32] step 001145 | loss 0.709865 | lrm 1.0000 | dt_ms 1022.8
[2026-07-06 04:23:33] step 001146 | loss 0.701246 | lrm 1.0000 | dt_ms 1038.4
[2026-07-06 04:23:34] step 001147 | loss 0.704849 | lrm 1.0000 | dt_ms 1044.1
[2026-07-06 04:23:35] step 001148 | loss 0.650652 | lrm 1.0000 | dt_ms 992.2
[2026-07-06 04:23:36] step 001149 | loss 0.668739 | lrm 1.0000 | dt_ms 1007.7
[2026-07-06 04:23:37] step 001150 | loss 0.771916 | lrm 1.0000 | dt_ms 1020.9
[2026-07-06 04:23:38] step 001151 | loss 0.595824 | lrm 1.0000 | dt_ms 993.0
[2026-07-06 04:23:39] step 001152 | loss 0.739944 | lrm 1.0000 | dt_ms 1000.7
[2026-07-06 04:23:40] step 001153 | loss 0.591703 | lrm 1.0000 | dt_ms 1016.5
[2026-07-06 04:23:41] step 001154 | loss 0.715845 | lrm 1.0000 | dt_ms 1032.6
[2026-07-06 04:23:42] step 001155 | loss 0.645879 | lrm 1.0000 | dt_ms 993.1
[2026-07-06 04:23:43] step 001156 | loss 0.616909 | lrm 1.0000 | dt_ms 975.2
[2026-07-06 04:23:44] step 001157 | loss 0.568190 | lrm 1.0000 | dt_ms 980.7
[2026-07-06 04:23:45] step 001158 | loss 0.784945 | lrm 1.0000 | dt_ms 973.8
[2026-07-06 04:23:46] step 001159 | loss 0.603165 | lrm 1.0000 | dt_ms 1023.9
[2026-07-06 04:23:47] step 001160 | loss 0.664615 | lrm 1.0000 | dt_ms 1000.6
[2026-07-06 04:23:48] step 001161 | loss 0.724188 | lrm 1.0000 | dt_ms 1089.9
[2026-07-06 04:23:49] step 001162 | loss 0.694836 | lrm 1.0000 | dt_ms 1031.4
[2026-07-06 04:23:50] step 001163 | loss 0.640472 | lrm 1.0000 | dt_ms 990.4
[2026-07-06 04:23:51] step 001164 | loss 0.702104 | lrm 1.0000 | dt_ms 1008.3
[2026-07-06 04:23:52] step 001165 | loss 0.737671 | lrm 1.0000 | dt_ms 1042.9
[2026-07-06 04:23:53] step 001166 | loss 0.535126 | lrm 1.0000 | dt_ms 1012.4
[2026-07-06 04:23:54] step 001167 | loss 0.650724 | lrm 1.0000 | dt_ms 993.6
[2026-07-06 04:23:55] step 001168 | loss 0.651428 | lrm 1.0000 | dt_ms 1023.9
[2026-07-06 04:23:56] step 001169 | loss 0.767902 | lrm 1.0000 | dt_ms 1053.7
[2026-07-06 04:23:57] step 001170 | loss 0.714715 | lrm 1.0000 | dt_ms 1007.1
[2026-07-06 04:23:58] step 001171 | loss 0.554560 | lrm 1.0000 | dt_ms 993.0
[2026-07-06 04:23:59] step 001172 | loss 0.701231 | lrm 1.0000 | dt_ms 1047.4
[2026-07-06 04:24:00] step 001173 | loss 0.702818 | lrm 1.0000 | dt_ms 1056.7
[2026-07-06 04:24:01] step 001174 | loss 0.666667 | lrm 1.0000 | dt_ms 1027.4
[2026-07-06 04:24:02] step 001175 | loss 0.687754 | lrm 1.0000 | dt_ms 1087.2
[2026-07-06 04:24:03] step 001176 | loss 0.786695 | lrm 1.0000 | dt_ms 1017.1
[2026-07-06 04:24:04] step 001177 | loss 0.631261 | lrm 1.0000 | dt_ms 1028.2
[2026-07-06 04:24:05] step 001178 | loss 0.659531 | lrm 1.0000 | dt_ms 1008.8
[2026-07-06 04:24:06] step 001179 | loss 0.618462 | lrm 1.0000 | dt_ms 1007.5
[2026-07-06 04:24:07] step 001180 | loss 0.733374 | lrm 1.0000 | dt_ms 1023.1
[2026-07-06 04:24:08] step 001181 | loss 0.640268 | lrm 1.0000 | dt_ms 1023.3
[2026-07-06 04:24:09] step 001182 | loss 0.704516 | lrm 1.0000 | dt_ms 1014.2
[2026-07-06 04:24:10] step 001183 | loss 0.642634 | lrm 1.0000 | dt_ms 1004.3
[2026-07-06 04:24:11] step 001184 | loss 0.713074 | lrm 1.0000 | dt_ms 1018.8
[2026-07-06 04:24:12] step 001185 | loss 0.675829 | lrm 1.0000 | dt_ms 1012.3
[2026-07-06 04:24:13] step 001186 | loss 0.633920 | lrm 1.0000 | dt_ms 1007.5
[2026-07-06 04:24:14] step 001187 | loss 0.707937 | lrm 1.0000 | dt_ms 975.4
[2026-07-06 04:24:15] step 001188 | loss 0.643431 | lrm 1.0000 | dt_ms 1001.1
[2026-07-06 04:24:16] step 001189 | loss 0.617978 | lrm 1.0000 | dt_ms 1011.4
[2026-07-06 04:24:18] step 001190 | loss 0.630563 | lrm 1.0000 | dt_ms 1047.8
[2026-07-06 04:24:19] step 001191 | loss 0.659101 | lrm 1.0000 | dt_ms 1009.6
[2026-07-06 04:24:20] step 001192 | loss 0.807893 | lrm 1.0000 | dt_ms 1019.4
[2026-07-06 04:24:21] step 001193 | loss 0.590679 | lrm 1.0000 | dt_ms 992.5
[2026-07-06 04:24:22] step 001194 | loss 0.557324 | lrm 1.0000 | dt_ms 1006.9
[2026-07-06 04:24:23] step 001195 | loss 0.599556 | lrm 1.0000 | dt_ms 1051.7
[2026-07-06 04:24:24] step 001196 | loss 0.549920 | lrm 1.0000 | dt_ms 1038.8
[2026-07-06 04:24:25] step 001197 | loss 0.653546 | lrm 1.0000 | dt_ms 1029.6
[2026-07-06 04:24:26] step 001198 | loss 0.693590 | lrm 1.0000 | dt_ms 1025.3
[2026-07-06 04:24:27] step 001199 | loss 0.645549 | lrm 1.0000 | dt_ms 999.8
[2026-07-06 04:24:28] step 001200 | loss 0.635417 | lrm 1.0000 | dt_ms 1017.0
[2026-07-06 04:24:29] step 001201 | loss 0.641915 | lrm 1.0000 | dt_ms 1067.1
[2026-07-06 04:24:30] step 001202 | loss 0.667458 | lrm 1.0000 | dt_ms 1004.3
[2026-07-06 04:24:31] step 001203 | loss 0.651888 | lrm 1.0000 | dt_ms 999.3
[2026-07-06 04:24:32] step 001204 | loss 0.629845 | lrm 1.0000 | dt_ms 1045.1
[2026-07-06 04:24:33] step 001205 | loss 0.616564 | lrm 1.0000 | dt_ms 1040.3
[2026-07-06 04:24:35] step 001206 | loss 0.695633 | lrm 1.0000 | dt_ms 2160.6
[2026-07-06 04:24:36] step 001207 | loss 0.869965 | lrm 1.0000 | dt_ms 1007.7
[2026-07-06 04:24:37] step 001208 | loss 0.654942 | lrm 1.0000 | dt_ms 991.4
[2026-07-06 04:24:38] step 001209 | loss 0.808107 | lrm 1.0000 | dt_ms 1021.3
[2026-07-06 04:24:39] step 001210 | loss 0.676339 | lrm 1.0000 | dt_ms 1001.5
[2026-07-06 04:24:40] step 001211 | loss 0.732370 | lrm 1.0000 | dt_ms 1007.5
[2026-07-06 04:24:41] step 001212 | loss 0.714286 | lrm 1.0000 | dt_ms 1032.6
[2026-07-06 04:24:42] step 001213 | loss 0.774897 | lrm 1.0000 | dt_ms 1008.2
[2026-07-06 04:24:43] step 001214 | loss 0.675763 | lrm 1.0000 | dt_ms 1010.7
[2026-07-06 04:24:44] step 001215 | loss 0.700496 | lrm 1.0000 | dt_ms 1021.0
[2026-07-06 04:24:45] step 001216 | loss 0.692306 | lrm 1.0000 | dt_ms 1017.8
[2026-07-06 04:24:46] step 001217 | loss 0.694938 | lrm 1.0000 | dt_ms 1059.1
[2026-07-06 04:24:47] step 001218 | loss 0.683308 | lrm 1.0000 | dt_ms 1045.6
[2026-07-06 04:24:48] step 001219 | loss 0.897646 | lrm 1.0000 | dt_ms 1015.8
[2026-07-06 04:24:49] step 001220 | loss 0.725571 | lrm 1.0000 | dt_ms 996.1
[2026-07-06 04:24:50] step 001221 | loss 0.603366 | lrm 1.0000 | dt_ms 995.4
[2026-07-06 04:24:51] step 001222 | loss 0.631678 | lrm 1.0000 | dt_ms 985.5
[2026-07-06 04:24:52] step 001223 | loss 0.621144 | lrm 1.0000 | dt_ms 995.6
[2026-07-06 04:24:53] step 001224 | loss 0.557423 | lrm 1.0000 | dt_ms 1008.3
[2026-07-06 04:24:54] step 001225 | loss 0.591699 | lrm 1.0000 | dt_ms 1021.9
[2026-07-06 04:24:55] step 001226 | loss 0.670551 | lrm 1.0000 | dt_ms 1065.4
[2026-07-06 04:24:56] step 001227 | loss 0.711353 | lrm 1.0000 | dt_ms 991.2
[2026-07-06 04:24:57] step 001228 | loss 0.640735 | lrm 1.0000 | dt_ms 976.9
[2026-07-06 04:24:58] step 001229 | loss 0.779975 | lrm 1.0000 | dt_ms 1095.3
[2026-07-06 04:24:59] step 001230 | loss 0.623313 | lrm 1.0000 | dt_ms 1015.8
[2026-07-06 04:25:00] step 001231 | loss 0.803385 | lrm 1.0000 | dt_ms 1003.9
[2026-07-06 04:25:01] step 001232 | loss 0.648009 | lrm 1.0000 | dt_ms 1027.0
[2026-07-06 04:25:02] step 001233 | loss 0.550294 | lrm 1.0000 | dt_ms 1014.3
[2026-07-06 04:25:03] step 001234 | loss 0.730586 | lrm 1.0000 | dt_ms 1013.1
[2026-07-06 04:25:05] step 001235 | loss 0.711064 | lrm 1.0000 | dt_ms 1015.8
[2026-07-06 04:25:06] step 001236 | loss 0.775752 | lrm 1.0000 | dt_ms 1036.3
[2026-07-06 04:25:07] step 001237 | loss 0.603097 | lrm 1.0000 | dt_ms 1032.2
[2026-07-06 04:25:08] step 001238 | loss 0.694112 | lrm 1.0000 | dt_ms 1020.7
[2026-07-06 04:25:09] step 001239 | loss 0.646917 | lrm 1.0000 | dt_ms 1014.4
[2026-07-06 04:25:10] step 001240 | loss 0.729491 | lrm 1.0000 | dt_ms 1021.2
[2026-07-06 04:25:11] step 001241 | loss 0.703928 | lrm 1.0000 | dt_ms 1038.1
[2026-07-06 04:25:12] step 001242 | loss 0.744440 | lrm 1.0000 | dt_ms 1018.8
[2026-07-06 04:25:13] step 001243 | loss 0.661900 | lrm 1.0000 | dt_ms 1017.5
[2026-07-06 04:25:14] step 001244 | loss 0.705184 | lrm 1.0000 | dt_ms 978.2
[2026-07-06 04:25:15] step 001245 | loss 0.690155 | lrm 1.0000 | dt_ms 997.7
[2026-07-06 04:25:16] step 001246 | loss 0.631798 | lrm 1.0000 | dt_ms 1006.0
[2026-07-06 04:25:17] step 001247 | loss 0.730590 | lrm 1.0000 | dt_ms 1012.2
[2026-07-06 04:25:18] step 001248 | loss 0.572630 | lrm 1.0000 | dt_ms 989.7
[2026-07-06 04:25:19] step 001249 | loss 0.630710 | lrm 1.0000 | dt_ms 1027.4
[2026-07-06 04:25:20] step 001250 | loss 0.740445 | lrm 1.0000 | dt_ms 1034.8
[2026-07-06 04:25:21] step 001251 | loss 0.732668 | lrm 1.0000 | dt_ms 1034.4
[2026-07-06 04:25:22] step 001252 | loss 0.679814 | lrm 1.0000 | dt_ms 978.2
[2026-07-06 04:25:23] step 001253 | loss 0.596730 | lrm 1.0000 | dt_ms 1078.6
[2026-07-06 04:25:24] step 001254 | loss 0.741155 | lrm 1.0000 | dt_ms 1021.5
[2026-07-06 04:25:25] step 001255 | loss 0.686469 | lrm 1.0000 | dt_ms 1013.0
[2026-07-06 04:25:26] step 001256 | loss 0.861259 | lrm 1.0000 | dt_ms 1017.5
[2026-07-06 04:25:27] step 001257 | loss 0.697735 | lrm 1.0000 | dt_ms 1002.0
[2026-07-06 04:25:28] step 001258 | loss 0.700072 | lrm 1.0000 | dt_ms 1055.4
[2026-07-06 04:25:29] step 001259 | loss 0.618703 | lrm 1.0000 | dt_ms 1008.1
[2026-07-06 04:25:30] step 001260 | loss 0.648074 | lrm 1.0000 | dt_ms 992.3
[2026-07-06 04:25:31] step 001261 | loss 0.649889 | lrm 1.0000 | dt_ms 1032.3
[2026-07-06 04:25:32] step 001262 | loss 0.594756 | lrm 1.0000 | dt_ms 1004.7
[2026-07-06 04:25:33] step 001263 | loss 0.680822 | lrm 1.0000 | dt_ms 992.5
[2026-07-06 04:25:34] step 001264 | loss 0.723716 | lrm 1.0000 | dt_ms 1075.7
[2026-07-06 04:25:35] step 001265 | loss 0.779101 | lrm 1.0000 | dt_ms 1003.5
[2026-07-06 04:25:36] step 001266 | loss 0.687272 | lrm 1.0000 | dt_ms 1019.9
[2026-07-06 04:25:37] step 001267 | loss 0.723972 | lrm 1.0000 | dt_ms 1027.1
[2026-07-06 04:25:38] step 001268 | loss 0.603203 | lrm 1.0000 | dt_ms 1005.8
[2026-07-06 04:25:39] step 001269 | loss 0.637260 | lrm 1.0000 | dt_ms 988.9
[2026-07-06 04:25:40] step 001270 | loss 0.687506 | lrm 1.0000 | dt_ms 1028.2
[2026-07-06 04:25:41] step 001271 | loss 0.681863 | lrm 1.0000 | dt_ms 989.1
[2026-07-06 04:25:42] step 001272 | loss 0.598155 | lrm 1.0000 | dt_ms 982.9
[2026-07-06 04:25:43] step 001273 | loss 0.648763 | lrm 1.0000 | dt_ms 1064.4
[2026-07-06 04:25:44] step 001274 | loss 0.773294 | lrm 1.0000 | dt_ms 1053.9
[2026-07-06 04:25:45] step 001275 | loss 0.754719 | lrm 1.0000 | dt_ms 1041.2
[2026-07-06 04:25:46] step 001276 | loss 0.772568 | lrm 1.0000 | dt_ms 1015.7
[2026-07-06 04:25:47] step 001277 | loss 0.676610 | lrm 1.0000 | dt_ms 1043.0
[2026-07-06 04:25:48] step 001278 | loss 0.655994 | lrm 1.0000 | dt_ms 1006.6
[2026-07-06 04:25:49] step 001279 | loss 0.694420 | lrm 1.0000 | dt_ms 1053.6
[2026-07-06 04:25:50] step 001280 | loss 0.661355 | lrm 1.0000 | dt_ms 998.3
[2026-07-06 04:25:51] step 001281 | loss 0.775751 | lrm 1.0000 | dt_ms 986.9
[2026-07-06 04:25:52] step 001282 | loss 0.592470 | lrm 1.0000 | dt_ms 995.0
[2026-07-06 04:25:53] step 001283 | loss 0.695152 | lrm 1.0000 | dt_ms 1046.7
[2026-07-06 04:25:54] step 001284 | loss 0.635875 | lrm 1.0000 | dt_ms 1010.3
[2026-07-06 04:25:55] step 001285 | loss 0.634116 | lrm 1.0000 | dt_ms 994.0
[2026-07-06 04:25:56] step 001286 | loss 0.678826 | lrm 1.0000 | dt_ms 1018.1
[2026-07-06 04:25:57] step 001287 | loss 0.591512 | lrm 1.0000 | dt_ms 1006.9
[2026-07-06 04:25:58] step 001288 | loss 0.725059 | lrm 1.0000 | dt_ms 987.8
[2026-07-06 04:25:59] step 001289 | loss 0.751175 | lrm 1.0000 | dt_ms 1016.8
[2026-07-06 04:26:00] step 001290 | loss 0.623622 | lrm 1.0000 | dt_ms 1004.6
[2026-07-06 04:26:01] step 001291 | loss 0.626188 | lrm 1.0000 | dt_ms 989.0
[2026-07-06 04:26:02] step 001292 | loss 0.693651 | lrm 1.0000 | dt_ms 986.5
[2026-07-06 04:26:03] step 001293 | loss 0.662312 | lrm 1.0000 | dt_ms 1014.0
[2026-07-06 04:26:04] step 001294 | loss 0.603762 | lrm 1.0000 | dt_ms 1020.5
[2026-07-06 04:26:06] step 001295 | loss 0.715341 | lrm 1.0000 | dt_ms 1067.3
[2026-07-06 04:26:07] step 001296 | loss 0.583873 | lrm 1.0000 | dt_ms 1046.4
[2026-07-06 04:26:08] step 001297 | loss 0.613092 | lrm 1.0000 | dt_ms 980.9
[2026-07-06 04:26:09] step 001298 | loss 0.626771 | lrm 1.0000 | dt_ms 996.3
[2026-07-06 04:26:10] step 001299 | loss 0.672883 | lrm 1.0000 | dt_ms 992.9
[2026-07-06 04:26:11] step 001300 | loss 0.687913 | lrm 1.0000 | dt_ms 994.1
[2026-07-06 04:26:12] step 001301 | loss 0.655372 | lrm 1.0000 | dt_ms 1047.8
[2026-07-06 04:26:13] step 001302 | loss 0.761974 | lrm 1.0000 | dt_ms 1017.3
[2026-07-06 04:26:14] step 001303 | loss 0.594545 | lrm 1.0000 | dt_ms 1037.1
[2026-07-06 04:26:15] step 001304 | loss 0.651721 | lrm 1.0000 | dt_ms 1020.1
[2026-07-06 04:26:16] step 001305 | loss 0.731661 | lrm 1.0000 | dt_ms 1025.7
[2026-07-06 04:26:17] step 001306 | loss 0.670576 | lrm 1.0000 | dt_ms 1006.0
[2026-07-06 04:26:18] step 001307 | loss 0.712187 | lrm 1.0000 | dt_ms 1026.8
[2026-07-06 04:26:19] step 001308 | loss 0.713182 | lrm 1.0000 | dt_ms 983.9
[2026-07-06 04:26:20] step 001309 | loss 0.751877 | lrm 1.0000 | dt_ms 979.1
[2026-07-06 04:26:21] step 001310 | loss 0.631803 | lrm 1.0000 | dt_ms 1016.8
[2026-07-06 04:26:22] step 001311 | loss 0.583455 | lrm 1.0000 | dt_ms 1024.0
[2026-07-06 04:26:23] step 001312 | loss 0.727770 | lrm 1.0000 | dt_ms 1012.5
[2026-07-06 04:26:24] step 001313 | loss 0.663320 | lrm 1.0000 | dt_ms 1007.1
[2026-07-06 04:26:25] step 001314 | loss 0.670360 | lrm 1.0000 | dt_ms 1002.2
[2026-07-06 04:26:26] step 001315 | loss 0.682307 | lrm 1.0000 | dt_ms 1005.8
[2026-07-06 04:26:27] step 001316 | loss 0.695135 | lrm 1.0000 | dt_ms 1008.4
[2026-07-06 04:26:28] step 001317 | loss 0.602887 | lrm 1.0000 | dt_ms 1000.3
[2026-07-06 04:26:29] step 001318 | loss 0.722604 | lrm 1.0000 | dt_ms 999.5
[2026-07-06 04:26:30] step 001319 | loss 0.698137 | lrm 1.0000 | dt_ms 1017.8
[2026-07-06 04:26:31] step 001320 | loss 0.704616 | lrm 1.0000 | dt_ms 1037.6
[2026-07-06 04:26:32] step 001321 | loss 0.707473 | lrm 1.0000 | dt_ms 1015.9
[2026-07-06 04:26:33] step 001322 | loss 0.760665 | lrm 1.0000 | dt_ms 990.9
[2026-07-06 04:26:34] step 001323 | loss 0.717324 | lrm 1.0000 | dt_ms 1098.4
[2026-07-06 04:26:35] step 001324 | loss 0.733704 | lrm 1.0000 | dt_ms 1027.6
[2026-07-06 04:26:36] step 001325 | loss 0.700095 | lrm 1.0000 | dt_ms 1038.9
[2026-07-06 04:26:37] step 001326 | loss 0.804183 | lrm 1.0000 | dt_ms 1016.2
[2026-07-06 04:26:38] step 001327 | loss 0.591370 | lrm 1.0000 | dt_ms 1035.4
[2026-07-06 04:26:39] step 001328 | loss 0.637514 | lrm 1.0000 | dt_ms 1020.4
[2026-07-06 04:26:40] step 001329 | loss 0.616311 | lrm 1.0000 | dt_ms 1003.1
[2026-07-06 04:26:41] step 001330 | loss 0.600809 | lrm 1.0000 | dt_ms 1012.8
[2026-07-06 04:26:42] step 001331 | loss 0.701837 | lrm 1.0000 | dt_ms 996.0
[2026-07-06 04:26:43] step 001332 | loss 0.661162 | lrm 1.0000 | dt_ms 1016.4
[2026-07-06 04:26:44] step 001333 | loss 0.592365 | lrm 1.0000 | dt_ms 1007.4
[2026-07-06 04:26:45] step 001334 | loss 0.663314 | lrm 1.0000 | dt_ms 1007.6
[2026-07-06 04:26:46] step 001335 | loss 0.569246 | lrm 1.0000 | dt_ms 1018.3
[2026-07-06 04:26:47] step 001336 | loss 0.590303 | lrm 1.0000 | dt_ms 993.9
[2026-07-06 04:26:48] step 001337 | loss 0.684799 | lrm 1.0000 | dt_ms 991.9
[2026-07-06 04:26:49] step 001338 | loss 0.623980 | lrm 1.0000 | dt_ms 1051.9
[2026-07-06 04:26:50] step 001339 | loss 0.663850 | lrm 1.0000 | dt_ms 1026.6
[2026-07-06 04:26:51] step 001340 | loss 0.601088 | lrm 1.0000 | dt_ms 976.5
[2026-07-06 04:26:52] step 001341 | loss 0.629351 | lrm 1.0000 | dt_ms 1037.5
[2026-07-06 04:26:53] step 001342 | loss 0.689665 | lrm 1.0000 | dt_ms 1038.1
[2026-07-06 04:26:54] step 001343 | loss 0.659004 | lrm 1.0000 | dt_ms 1047.0
[2026-07-06 04:26:55] step 001344 | loss 0.694763 | lrm 1.0000 | dt_ms 1024.3
[2026-07-06 04:26:56] step 001345 | loss 0.554902 | lrm 1.0000 | dt_ms 1034.8
[2026-07-06 04:26:57] step 001346 | loss 0.719364 | lrm 1.0000 | dt_ms 1029.0
[2026-07-06 04:26:58] step 001347 | loss 0.665782 | lrm 1.0000 | dt_ms 1000.3
[2026-07-06 04:26:59] step 001348 | loss 0.743579 | lrm 1.0000 | dt_ms 994.5
[2026-07-06 04:27:00] step 001349 | loss 0.592203 | lrm 1.0000 | dt_ms 995.4
[2026-07-06 04:27:01] step 001350 | loss 0.535906 | lrm 1.0000 | dt_ms 1001.2
[2026-07-06 04:27:02] step 001351 | loss 0.636162 | lrm 1.0000 | dt_ms 992.8
[2026-07-06 04:27:03] step 001352 | loss 0.678234 | lrm 1.0000 | dt_ms 996.8
[2026-07-06 04:27:04] step 001353 | loss 0.676905 | lrm 1.0000 | dt_ms 1073.6
[2026-07-06 04:27:05] step 001354 | loss 0.683521 | lrm 1.0000 | dt_ms 1027.6
[2026-07-06 04:27:07] step 001355 | loss 0.699705 | lrm 1.0000 | dt_ms 1047.0
[2026-07-06 04:27:08] step 001356 | loss 0.657994 | lrm 1.0000 | dt_ms 1010.8
[2026-07-06 04:27:09] step 001357 | loss 0.615270 | lrm 1.0000 | dt_ms 983.0
[2026-07-06 04:27:10] step 001358 | loss 0.651514 | lrm 1.0000 | dt_ms 1052.3
[2026-07-06 04:27:11] step 001359 | loss 0.705330 | lrm 1.0000 | dt_ms 982.5
[2026-07-06 04:27:12] step 001360 | loss 0.637302 | lrm 1.0000 | dt_ms 1034.2
[2026-07-06 04:27:13] step 001361 | loss 0.753600 | lrm 1.0000 | dt_ms 988.4
[2026-07-06 04:27:14] step 001362 | loss 0.536151 | lrm 1.0000 | dt_ms 1018.3
[2026-07-06 04:27:15] step 001363 | loss 0.730669 | lrm 1.0000 | dt_ms 1041.3
[2026-07-06 04:27:16] step 001364 | loss 0.713729 | lrm 1.0000 | dt_ms 1068.4
[2026-07-06 04:27:17] step 001365 | loss 0.606542 | lrm 1.0000 | dt_ms 1008.9
[2026-07-06 04:27:18] step 001366 | loss 0.692402 | lrm 1.0000 | dt_ms 1006.1
[2026-07-06 04:27:19] step 001367 | loss 0.578115 | lrm 1.0000 | dt_ms 1018.6
[2026-07-06 04:27:20] step 001368 | loss 0.677630 | lrm 1.0000 | dt_ms 1009.8
[2026-07-06 04:27:21] step 001369 | loss 0.810094 | lrm 1.0000 | dt_ms 1038.3
[2026-07-06 04:27:22] step 001370 | loss 0.640081 | lrm 1.0000 | dt_ms 1001.9
[2026-07-06 04:27:23] step 001371 | loss 0.699401 | lrm 1.0000 | dt_ms 1008.6
[2026-07-06 04:27:24] step 001372 | loss 0.635583 | lrm 1.0000 | dt_ms 1026.4
[2026-07-06 04:27:25] step 001373 | loss 0.660697 | lrm 1.0000 | dt_ms 1042.9
[2026-07-06 04:27:26] step 001374 | loss 0.649679 | lrm 1.0000 | dt_ms 975.7
[2026-07-06 04:27:27] step 001375 | loss 0.637132 | lrm 1.0000 | dt_ms 984.8
[2026-07-06 04:27:28] step 001376 | loss 0.666180 | lrm 1.0000 | dt_ms 1072.5
[2026-07-06 04:27:29] step 001377 | loss 0.614281 | lrm 1.0000 | dt_ms 1016.3
[2026-07-06 04:27:30] step 001378 | loss 0.581184 | lrm 1.0000 | dt_ms 993.6
[2026-07-06 04:27:31] step 001379 | loss 0.680337 | lrm 1.0000 | dt_ms 1036.2
[2026-07-06 04:27:32] step 001380 | loss 0.642380 | lrm 1.0000 | dt_ms 1005.7
[2026-07-06 04:27:33] step 001381 | loss 0.582677 | lrm 1.0000 | dt_ms 988.6
[2026-07-06 04:27:34] step 001382 | loss 0.757766 | lrm 1.0000 | dt_ms 1001.0
[2026-07-06 04:27:35] step 001383 | loss 0.591147 | lrm 1.0000 | dt_ms 1008.1
[2026-07-06 04:27:36] step 001384 | loss 0.675471 | lrm 1.0000 | dt_ms 1005.6
[2026-07-06 04:27:37] step 001385 | loss 0.753810 | lrm 1.0000 | dt_ms 1007.6
[2026-07-06 04:27:38] step 001386 | loss 0.689618 | lrm 1.0000 | dt_ms 976.8
[2026-07-06 04:27:39] step 001387 | loss 0.684203 | lrm 1.0000 | dt_ms 1030.0
[2026-07-06 04:27:40] step 001388 | loss 0.733954 | lrm 1.0000 | dt_ms 1031.2
[2026-07-06 04:27:41] step 001389 | loss 0.676407 | lrm 1.0000 | dt_ms 1013.8
[2026-07-06 04:27:42] step 001390 | loss 0.694459 | lrm 1.0000 | dt_ms 984.9
[2026-07-06 04:27:43] step 001391 | loss 0.531194 | lrm 1.0000 | dt_ms 1018.8
[2026-07-06 04:27:44] step 001392 | loss 0.666340 | lrm 1.0000 | dt_ms 1024.4
[2026-07-06 04:27:45] step 001393 | loss 0.689483 | lrm 1.0000 | dt_ms 1000.3
[2026-07-06 04:27:46] step 001394 | loss 0.570478 | lrm 1.0000 | dt_ms 1019.2
[2026-07-06 04:27:47] step 001395 | loss 0.546646 | lrm 1.0000 | dt_ms 1032.3
[2026-07-06 04:27:48] step 001396 | loss 0.675460 | lrm 1.0000 | dt_ms 1038.4
[2026-07-06 04:27:49] step 001397 | loss 0.575481 | lrm 1.0000 | dt_ms 1050.0
[2026-07-06 04:27:50] step 001398 | loss 0.650739 | lrm 1.0000 | dt_ms 1008.5
[2026-07-06 04:27:51] step 001399 | loss 0.645233 | lrm 1.0000 | dt_ms 1008.1
[2026-07-06 04:27:52] step 001400 | loss 0.586955 | lrm 1.0000 | dt_ms 995.3
[2026-07-06 04:27:53] step 001401 | loss 0.683750 | lrm 1.0000 | dt_ms 981.9
[2026-07-06 04:27:54] step 001402 | loss 0.671599 | lrm 1.0000 | dt_ms 1044.8
[2026-07-06 04:27:55] step 001403 | loss 0.666681 | lrm 1.0000 | dt_ms 1042.3
[2026-07-06 04:27:56] step 001404 | loss 0.601654 | lrm 1.0000 | dt_ms 999.7
[2026-07-06 04:27:57] step 001405 | loss 0.643368 | lrm 1.0000 | dt_ms 1060.6
[2026-07-06 04:27:58] step 001406 | loss 0.569363 | lrm 1.0000 | dt_ms 996.1
[2026-07-06 04:27:59] step 001407 | loss 0.634697 | lrm 1.0000 | dt_ms 1068.5
[2026-07-06 04:28:00] step 001408 | loss 0.624079 | lrm 1.0000 | dt_ms 1025.0
[2026-07-06 04:28:01] step 001409 | loss 0.633921 | lrm 1.0000 | dt_ms 1015.3
[2026-07-06 04:28:02] step 001410 | loss 0.650268 | lrm 1.0000 | dt_ms 990.0
[2026-07-06 04:28:03] step 001411 | loss 0.574840 | lrm 1.0000 | dt_ms 995.2
[2026-07-06 04:28:04] step 001412 | loss 0.637372 | lrm 1.0000 | dt_ms 980.6
[2026-07-06 04:28:05] step 001413 | loss 0.597527 | lrm 1.0000 | dt_ms 1007.8
[2026-07-06 04:28:06] step 001414 | loss 0.665033 | lrm 1.0000 | dt_ms 998.3
[2026-07-06 04:28:07] step 001415 | loss 0.583304 | lrm 1.0000 | dt_ms 984.0
[2026-07-06 04:28:08] step 001416 | loss 0.653298 | lrm 1.0000 | dt_ms 1009.5
[2026-07-06 04:28:09] step 001417 | loss 0.641650 | lrm 1.0000 | dt_ms 1039.1
[2026-07-06 04:28:10] step 001418 | loss 0.658823 | lrm 1.0000 | dt_ms 1006.3
[2026-07-06 04:28:12] step 001419 | loss 0.799706 | lrm 1.0000 | dt_ms 1034.9
[2026-07-06 04:28:13] step 001420 | loss 0.712381 | lrm 1.0000 | dt_ms 1024.5
[2026-07-06 04:28:14] step 001421 | loss 0.736679 | lrm 1.0000 | dt_ms 983.8
[2026-07-06 04:28:15] step 001422 | loss 0.790056 | lrm 1.0000 | dt_ms 990.7
[2026-07-06 04:28:16] step 001423 | loss 0.655149 | lrm 1.0000 | dt_ms 1101.6
[2026-07-06 04:28:17] step 001424 | loss 0.608933 | lrm 1.0000 | dt_ms 1001.0
[2026-07-06 04:28:18] step 001425 | loss 0.707227 | lrm 1.0000 | dt_ms 1038.9
[2026-07-06 04:28:19] step 001426 | loss 0.689311 | lrm 1.0000 | dt_ms 1000.3
[2026-07-06 04:28:20] step 001427 | loss 0.683339 | lrm 1.0000 | dt_ms 1011.0
[2026-07-06 04:28:21] step 001428 | loss 0.692132 | lrm 1.0000 | dt_ms 985.2
[2026-07-06 04:28:22] step 001429 | loss 0.641939 | lrm 1.0000 | dt_ms 1001.8
[2026-07-06 04:28:23] step 001430 | loss 0.630926 | lrm 1.0000 | dt_ms 1001.2
[2026-07-06 04:28:24] step 001431 | loss 0.669621 | lrm 1.0000 | dt_ms 1060.2
[2026-07-06 04:28:25] step 001432 | loss 0.621356 | lrm 1.0000 | dt_ms 991.3
[2026-07-06 04:28:26] step 001433 | loss 0.551630 | lrm 1.0000 | dt_ms 1039.9
[2026-07-06 04:28:27] step 001434 | loss 0.645849 | lrm 1.0000 | dt_ms 1046.1
[2026-07-06 04:28:28] step 001435 | loss 0.513341 | lrm 1.0000 | dt_ms 984.6
[2026-07-06 04:28:29] step 001436 | loss 0.674841 | lrm 1.0000 | dt_ms 1013.6
[2026-07-06 04:28:30] step 001437 | loss 0.668001 | lrm 1.0000 | dt_ms 1001.6
[2026-07-06 04:28:31] step 001438 | loss 0.661898 | lrm 1.0000 | dt_ms 995.3
[2026-07-06 04:28:32] step 001439 | loss 0.664051 | lrm 1.0000 | dt_ms 1052.5
[2026-07-06 04:28:35] step 001440 | loss 0.631045 | lrm 1.0000 | dt_ms 3564.0
[2026-07-06 04:28:36] step 001441 | loss 0.657715 | lrm 1.0000 | dt_ms 1029.2
[2026-07-06 04:28:37] step 001442 | loss 0.600198 | lrm 1.0000 | dt_ms 995.5
[2026-07-06 04:28:38] step 001443 | loss 0.613286 | lrm 1.0000 | dt_ms 1027.3
[2026-07-06 04:28:39] step 001444 | loss 0.612996 | lrm 1.0000 | dt_ms 1009.9
[2026-07-06 04:28:41] step 001445 | loss 0.617018 | lrm 1.0000 | dt_ms 1040.3
[2026-07-06 04:28:42] step 001446 | loss 0.643583 | lrm 1.0000 | dt_ms 1032.2
[2026-07-06 04:28:43] step 001447 | loss 0.677335 | lrm 1.0000 | dt_ms 985.8
[2026-07-06 04:28:44] step 001448 | loss 0.692526 | lrm 1.0000 | dt_ms 991.6
[2026-07-06 04:28:45] step 001449 | loss 0.674451 | lrm 1.0000 | dt_ms 1024.1
[2026-07-06 04:28:46] step 001450 | loss 0.753315 | lrm 1.0000 | dt_ms 1003.9
[2026-07-06 04:28:47] step 001451 | loss 0.626271 | lrm 1.0000 | dt_ms 979.9
[2026-07-06 04:28:48] step 001452 | loss 0.718260 | lrm 1.0000 | dt_ms 1041.6
[2026-07-06 04:28:49] step 001453 | loss 0.710523 | lrm 1.0000 | dt_ms 1045.9
[2026-07-06 04:28:50] step 001454 | loss 0.690475 | lrm 1.0000 | dt_ms 1006.7
[2026-07-06 04:28:51] step 001455 | loss 0.737000 | lrm 1.0000 | dt_ms 989.1
[2026-07-06 04:28:52] step 001456 | loss 0.644413 | lrm 1.0000 | dt_ms 1047.0
[2026-07-06 04:28:53] step 001457 | loss 0.561608 | lrm 1.0000 | dt_ms 1058.7
[2026-07-06 04:28:54] step 001458 | loss 0.664966 | lrm 1.0000 | dt_ms 987.4
[2026-07-06 04:28:55] step 001459 | loss 0.581425 | lrm 1.0000 | dt_ms 1052.9
[2026-07-06 04:28:56] step 001460 | loss 0.668818 | lrm 1.0000 | dt_ms 1060.1
[2026-07-06 04:28:57] step 001461 | loss 0.749020 | lrm 1.0000 | dt_ms 1024.2
[2026-07-06 04:28:58] step 001462 | loss 0.663468 | lrm 1.0000 | dt_ms 996.9
[2026-07-06 04:28:59] step 001463 | loss 0.661270 | lrm 1.0000 | dt_ms 1004.9
[2026-07-06 04:29:00] step 001464 | loss 0.642468 | lrm 1.0000 | dt_ms 997.2
[2026-07-06 04:29:01] step 001465 | loss 0.589964 | lrm 1.0000 | dt_ms 1006.0
[2026-07-06 04:29:02] step 001466 | loss 0.731793 | lrm 1.0000 | dt_ms 987.1
[2026-07-06 04:29:03] step 001467 | loss 0.688320 | lrm 1.0000 | dt_ms 1046.5
[2026-07-06 04:29:04] step 001468 | loss 0.599660 | lrm 1.0000 | dt_ms 1029.8
[2026-07-06 04:29:05] step 001469 | loss 0.627248 | lrm 1.0000 | dt_ms 1026.5
[2026-07-06 04:29:06] step 001470 | loss 0.683701 | lrm 1.0000 | dt_ms 1028.7
[2026-07-06 04:29:07] step 001471 | loss 0.732548 | lrm 1.0000 | dt_ms 987.9
[2026-07-06 04:29:08] step 001472 | loss 0.692601 | lrm 1.0000 | dt_ms 1027.5
[2026-07-06 04:29:09] step 001473 | loss 0.625220 | lrm 1.0000 | dt_ms 1022.4
[2026-07-06 04:29:10] step 001474 | loss 0.566837 | lrm 1.0000 | dt_ms 1044.8
[2026-07-06 04:29:11] step 001475 | loss 0.582245 | lrm 1.0000 | dt_ms 995.1
[2026-07-06 04:29:12] step 001476 | loss 0.801032 | lrm 1.0000 | dt_ms 1024.4
[2026-07-06 04:29:16] step 001477 | loss 0.612216 | lrm 1.0000 | dt_ms 3473.6
[2026-07-06 04:29:17] step 001478 | loss 0.628973 | lrm 1.0000 | dt_ms 1025.5
[2026-07-06 04:29:18] step 001479 | loss 0.762283 | lrm 1.0000 | dt_ms 1015.2
[2026-07-06 04:29:19] step 001480 | loss 0.705642 | lrm 1.0000 | dt_ms 981.0
[2026-07-06 04:29:20] step 001481 | loss 0.565785 | lrm 1.0000 | dt_ms 1038.5
[2026-07-06 04:29:21] step 001482 | loss 0.583299 | lrm 1.0000 | dt_ms 1044.4
[2026-07-06 04:29:22] step 001483 | loss 0.543426 | lrm 1.0000 | dt_ms 994.9
[2026-07-06 04:29:23] step 001484 | loss 0.664293 | lrm 1.0000 | dt_ms 1012.4
[2026-07-06 04:29:24] step 001485 | loss 0.644142 | lrm 1.0000 | dt_ms 1000.7
[2026-07-06 04:29:25] step 001486 | loss 0.691473 | lrm 1.0000 | dt_ms 1013.2
[2026-07-06 04:29:26] step 001487 | loss 0.596240 | lrm 1.0000 | dt_ms 991.8
[2026-07-06 04:29:27] step 001488 | loss 0.661259 | lrm 1.0000 | dt_ms 1068.3
[2026-07-06 04:29:28] step 001489 | loss 0.709836 | lrm 1.0000 | dt_ms 1005.7
[2026-07-06 04:29:29] step 001490 | loss 0.639478 | lrm 1.0000 | dt_ms 1062.6
[2026-07-06 04:29:30] step 001491 | loss 0.711441 | lrm 1.0000 | dt_ms 1035.4
[2026-07-06 04:29:31] step 001492 | loss 0.636045 | lrm 1.0000 | dt_ms 1010.9
[2026-07-06 04:29:32] step 001493 | loss 0.629762 | lrm 1.0000 | dt_ms 1010.1
[2026-07-06 04:29:33] step 001494 | loss 0.792477 | lrm 1.0000 | dt_ms 1014.8
[2026-07-06 04:29:34] step 001495 | loss 0.762654 | lrm 1.0000 | dt_ms 987.5
[2026-07-06 04:29:35] step 001496 | loss 0.571665 | lrm 1.0000 | dt_ms 970.2
[2026-07-06 04:29:36] step 001497 | loss 0.640684 | lrm 1.0000 | dt_ms 1035.9
[2026-07-06 04:29:37] step 001498 | loss 0.625107 | lrm 1.0000 | dt_ms 1008.6
[2026-07-06 04:29:38] step 001499 | loss 0.600864 | lrm 1.0000 | dt_ms 1038.7
[2026-07-06 04:29:39] step 001500 | loss 0.563553 | lrm 1.0000 | dt_ms 1007.2
[2026-07-06 04:29:40] step 001501 | loss 0.628662 | lrm 1.0000 | dt_ms 976.7
[2026-07-06 04:29:41] step 001502 | loss 0.689094 | lrm 1.0000 | dt_ms 1024.6
[2026-07-06 04:29:42] step 001503 | loss 0.648183 | lrm 1.0000 | dt_ms 1013.3
[2026-07-06 04:29:43] step 001504 | loss 0.724502 | lrm 1.0000 | dt_ms 1004.1
[2026-07-06 04:29:44] step 001505 | loss 0.682175 | lrm 1.0000 | dt_ms 1005.5
[2026-07-06 04:29:45] step 001506 | loss 0.617720 | lrm 1.0000 | dt_ms 1008.3
[2026-07-06 04:29:46] step 001507 | loss 0.608475 | lrm 1.0000 | dt_ms 1031.5
[2026-07-06 04:29:47] step 001508 | loss 0.587569 | lrm 1.0000 | dt_ms 987.9
[2026-07-06 04:29:48] step 001509 | loss 0.643301 | lrm 1.0000 | dt_ms 994.2
[2026-07-06 04:29:49] step 001510 | loss 0.583980 | lrm 1.0000 | dt_ms 1085.1
[2026-07-06 04:29:50] step 001511 | loss 0.733248 | lrm 1.0000 | dt_ms 1002.4
[2026-07-06 04:29:51] step 001512 | loss 0.548375 | lrm 1.0000 | dt_ms 1014.1
[2026-07-06 04:29:52] step 001513 | loss 0.732845 | lrm 1.0000 | dt_ms 1036.1
[2026-07-06 04:29:53] step 001514 | loss 0.664095 | lrm 1.0000 | dt_ms 1011.2
[2026-07-06 04:29:54] step 001515 | loss 0.652515 | lrm 1.0000 | dt_ms 975.6
[2026-07-06 04:29:55] step 001516 | loss 0.609250 | lrm 1.0000 | dt_ms 1024.4
[2026-07-06 04:29:56] step 001517 | loss 0.674392 | lrm 1.0000 | dt_ms 1016.4
[2026-07-06 04:29:57] step 001518 | loss 0.718184 | lrm 1.0000 | dt_ms 1020.5
[2026-07-06 04:29:58] step 001519 | loss 0.685588 | lrm 1.0000 | dt_ms 1015.9
[2026-07-06 04:29:59] step 001520 | loss 0.591392 | lrm 1.0000 | dt_ms 1014.1
[2026-07-06 04:30:00] step 001521 | loss 0.694238 | lrm 1.0000 | dt_ms 995.7
[2026-07-06 04:30:01] step 001522 | loss 0.607767 | lrm 1.0000 | dt_ms 998.4
[2026-07-06 04:30:02] step 001523 | loss 0.589341 | lrm 1.0000 | dt_ms 1012.4
[2026-07-06 04:30:03] step 001524 | loss 0.708753 | lrm 1.0000 | dt_ms 994.7
[2026-07-06 04:30:04] step 001525 | loss 0.600443 | lrm 1.0000 | dt_ms 1082.2
[2026-07-06 04:30:05] step 001526 | loss 0.737575 | lrm 1.0000 | dt_ms 1052.3
[2026-07-06 04:30:06] step 001527 | loss 0.565871 | lrm 1.0000 | dt_ms 1059.7
[2026-07-06 04:30:07] step 001528 | loss 0.703654 | lrm 1.0000 | dt_ms 997.0
[2026-07-06 04:30:08] step 001529 | loss 0.702143 | lrm 1.0000 | dt_ms 1009.6
[2026-07-06 04:30:09] step 001530 | loss 0.579364 | lrm 1.0000 | dt_ms 1047.4
[2026-07-06 04:30:10] step 001531 | loss 0.550139 | lrm 1.0000 | dt_ms 1017.5
[2026-07-06 04:30:11] step 001532 | loss 0.571445 | lrm 1.0000 | dt_ms 1015.7
[2026-07-06 04:30:13] step 001533 | loss 0.712836 | lrm 1.0000 | dt_ms 1076.3
[2026-07-06 04:30:14] step 001534 | loss 0.536793 | lrm 1.0000 | dt_ms 1009.1
[2026-07-06 04:30:15] step 001535 | loss 0.625379 | lrm 1.0000 | dt_ms 1023.5
[2026-07-06 04:30:16] step 001536 | loss 0.774744 | lrm 1.0000 | dt_ms 1003.5
[2026-07-06 04:30:17] step 001537 | loss 0.662326 | lrm 1.0000 | dt_ms 1043.1
[2026-07-06 04:30:18] step 001538 | loss 0.591821 | lrm 1.0000 | dt_ms 998.1
[2026-07-06 04:30:19] step 001539 | loss 0.678120 | lrm 1.0000 | dt_ms 995.1
[2026-07-06 04:30:20] step 001540 | loss 0.618999 | lrm 1.0000 | dt_ms 1018.8
[2026-07-06 04:30:21] step 001541 | loss 0.650653 | lrm 1.0000 | dt_ms 1012.6
[2026-07-06 04:30:22] step 001542 | loss 0.723653 | lrm 1.0000 | dt_ms 989.2
[2026-07-06 04:30:23] step 001543 | loss 0.608593 | lrm 1.0000 | dt_ms 1041.9
[2026-07-06 04:30:24] step 001544 | loss 0.644437 | lrm 1.0000 | dt_ms 982.7
[2026-07-06 04:30:25] step 001545 | loss 0.579922 | lrm 1.0000 | dt_ms 1046.8
[2026-07-06 04:30:26] step 001546 | loss 0.624327 | lrm 1.0000 | dt_ms 1018.7
[2026-07-06 04:30:27] step 001547 | loss 0.563618 | lrm 1.0000 | dt_ms 997.8
[2026-07-06 04:30:28] step 001548 | loss 0.636062 | lrm 1.0000 | dt_ms 984.1
[2026-07-06 04:30:29] step 001549 | loss 0.669958 | lrm 1.0000 | dt_ms 999.6
[2026-07-06 04:30:30] step 001550 | loss 0.702052 | lrm 1.0000 | dt_ms 1027.4
[2026-07-06 04:30:31] step 001551 | loss 0.850492 | lrm 1.0000 | dt_ms 982.8
[2026-07-06 04:30:32] step 001552 | loss 0.619541 | lrm 1.0000 | dt_ms 964.7
[2026-07-06 04:30:33] step 001553 | loss 0.673289 | lrm 1.0000 | dt_ms 1000.9
[2026-07-06 04:30:34] step 001554 | loss 0.554198 | lrm 1.0000 | dt_ms 1014.9
[2026-07-06 04:30:35] step 001555 | loss 0.571630 | lrm 1.0000 | dt_ms 1017.3
[2026-07-06 04:30:36] step 001556 | loss 0.678364 | lrm 1.0000 | dt_ms 1001.0
[2026-07-06 04:30:37] step 001557 | loss 0.584379 | lrm 1.0000 | dt_ms 977.4
[2026-07-06 04:30:38] step 001558 | loss 0.691588 | lrm 1.0000 | dt_ms 1004.4
[2026-07-06 04:30:39] step 001559 | loss 0.668747 | lrm 1.0000 | dt_ms 976.2
[2026-07-06 04:30:40] step 001560 | loss 0.712299 | lrm 1.0000 | dt_ms 997.6
[2026-07-06 04:30:41] step 001561 | loss 0.660047 | lrm 1.0000 | dt_ms 1056.3
[2026-07-06 04:30:42] step 001562 | loss 0.789721 | lrm 1.0000 | dt_ms 1012.6
[2026-07-06 04:30:43] step 001563 | loss 0.559053 | lrm 1.0000 | dt_ms 1043.8
[2026-07-06 04:30:44] step 001564 | loss 0.551273 | lrm 1.0000 | dt_ms 1039.7
[2026-07-06 04:30:45] step 001565 | loss 0.660944 | lrm 1.0000 | dt_ms 1021.5
[2026-07-06 04:30:46] step 001566 | loss 0.692974 | lrm 1.0000 | dt_ms 986.9
[2026-07-06 04:30:47] step 001567 | loss 0.647685 | lrm 1.0000 | dt_ms 1009.5
[2026-07-06 04:30:48] step 001568 | loss 0.732148 | lrm 1.0000 | dt_ms 991.1
[2026-07-06 04:30:49] step 001569 | loss 0.537667 | lrm 1.0000 | dt_ms 1031.6
[2026-07-06 04:30:50] step 001570 | loss 0.619579 | lrm 1.0000 | dt_ms 982.8
[2026-07-06 04:30:51] step 001571 | loss 0.596770 | lrm 1.0000 | dt_ms 1041.5
[2026-07-06 04:30:52] step 001572 | loss 0.674014 | lrm 1.0000 | dt_ms 1032.0
[2026-07-06 04:30:53] step 001573 | loss 0.597945 | lrm 1.0000 | dt_ms 1008.3
[2026-07-06 04:30:54] step 001574 | loss 0.620617 | lrm 1.0000 | dt_ms 999.6
[2026-07-06 04:30:55] step 001575 | loss 0.681712 | lrm 1.0000 | dt_ms 990.5
[2026-07-06 04:30:56] step 001576 | loss 0.748556 | lrm 1.0000 | dt_ms 1008.0
[2026-07-06 04:30:57] step 001577 | loss 0.560714 | lrm 1.0000 | dt_ms 984.7
[2026-07-06 04:30:58] step 001578 | loss 0.809603 | lrm 1.0000 | dt_ms 1043.9
[2026-07-06 04:30:59] step 001579 | loss 0.583582 | lrm 1.0000 | dt_ms 995.9
[2026-07-06 04:31:00] step 001580 | loss 0.582430 | lrm 1.0000 | dt_ms 1067.1
[2026-07-06 04:31:01] step 001581 | loss 0.617684 | lrm 1.0000 | dt_ms 1078.5
[2026-07-06 04:31:02] step 001582 | loss 0.615091 | lrm 1.0000 | dt_ms 1001.9
[2026-07-06 04:31:03] step 001583 | loss 0.652900 | lrm 1.0000 | dt_ms 1060.2
[2026-07-06 04:31:04] step 001584 | loss 0.508234 | lrm 1.0000 | dt_ms 1003.3
[2026-07-06 04:31:05] step 001585 | loss 0.676067 | lrm 1.0000 | dt_ms 1029.1
[2026-07-06 04:31:06] step 001586 | loss 0.680128 | lrm 1.0000 | dt_ms 1035.0
[2026-07-06 04:31:07] step 001587 | loss 0.648493 | lrm 1.0000 | dt_ms 1021.9
[2026-07-06 04:31:08] step 001588 | loss 0.702245 | lrm 1.0000 | dt_ms 997.6
[2026-07-06 04:31:09] step 001589 | loss 0.717878 | lrm 1.0000 | dt_ms 1039.0
[2026-07-06 04:31:10] step 001590 | loss 0.611632 | lrm 1.0000 | dt_ms 983.2
[2026-07-06 04:31:11] step 001591 | loss 0.571586 | lrm 1.0000 | dt_ms 1021.6
[2026-07-06 04:31:12] step 001592 | loss 0.598020 | lrm 1.0000 | dt_ms 1025.0
[2026-07-06 04:31:13] step 001593 | loss 0.679577 | lrm 1.0000 | dt_ms 1021.1
[2026-07-06 04:31:14] step 001594 | loss 0.689689 | lrm 1.0000 | dt_ms 1054.6
[2026-07-06 04:31:15] step 001595 | loss 0.596215 | lrm 1.0000 | dt_ms 1024.2
[2026-07-06 04:31:16] step 001596 | loss 0.644659 | lrm 1.0000 | dt_ms 1002.7
[2026-07-06 04:31:18] step 001597 | loss 0.663030 | lrm 1.0000 | dt_ms 1054.6
[2026-07-06 04:31:19] step 001598 | loss 0.722941 | lrm 1.0000 | dt_ms 1024.6
[2026-07-06 04:31:20] step 001599 | loss 0.676057 | lrm 1.0000 | dt_ms 1040.7
[2026-07-06 04:31:21] step 001600 | loss 0.623785 | lrm 1.0000 | dt_ms 1002.3
[2026-07-06 04:31:22] step 001601 | loss 0.738152 | lrm 1.0000 | dt_ms 1025.6
[2026-07-06 04:31:23] step 001602 | loss 0.671049 | lrm 1.0000 | dt_ms 1027.1
[2026-07-06 04:31:24] step 001603 | loss 0.666670 | lrm 1.0000 | dt_ms 983.7
[2026-07-06 04:31:25] step 001604 | loss 0.592704 | lrm 1.0000 | dt_ms 1035.1
[2026-07-06 04:31:26] step 001605 | loss 0.581141 | lrm 1.0000 | dt_ms 1017.9
[2026-07-06 04:31:27] step 001606 | loss 0.584271 | lrm 1.0000 | dt_ms 1036.7
[2026-07-06 04:31:28] step 001607 | loss 0.673682 | lrm 1.0000 | dt_ms 1013.5
[2026-07-06 04:31:29] step 001608 | loss 0.602814 | lrm 1.0000 | dt_ms 1015.8
[2026-07-06 04:31:30] step 001609 | loss 0.609215 | lrm 1.0000 | dt_ms 983.7
[2026-07-06 04:31:31] step 001610 | loss 0.729522 | lrm 1.0000 | dt_ms 997.9
[2026-07-06 04:31:32] step 001611 | loss 0.678855 | lrm 1.0000 | dt_ms 1027.5
[2026-07-06 04:31:33] step 001612 | loss 0.604347 | lrm 1.0000 | dt_ms 1022.7
[2026-07-06 04:31:34] step 001613 | loss 0.632354 | lrm 1.0000 | dt_ms 1039.2
[2026-07-06 04:31:35] step 001614 | loss 0.601359 | lrm 1.0000 | dt_ms 1029.6
[2026-07-06 04:31:36] step 001615 | loss 0.530448 | lrm 1.0000 | dt_ms 1030.0
[2026-07-06 04:31:37] step 001616 | loss 0.651491 | lrm 1.0000 | dt_ms 1015.3
[2026-07-06 04:31:38] step 001617 | loss 0.576958 | lrm 1.0000 | dt_ms 999.3
[2026-07-06 04:31:39] step 001618 | loss 0.670922 | lrm 1.0000 | dt_ms 1004.8
[2026-07-06 04:31:40] step 001619 | loss 0.661110 | lrm 1.0000 | dt_ms 1020.8
[2026-07-06 04:31:41] step 001620 | loss 0.754627 | lrm 1.0000 | dt_ms 989.7
[2026-07-06 04:31:42] step 001621 | loss 0.630243 | lrm 1.0000 | dt_ms 983.0
[2026-07-06 04:31:43] step 001622 | loss 0.580657 | lrm 1.0000 | dt_ms 988.3
[2026-07-06 04:31:44] step 001623 | loss 0.666900 | lrm 1.0000 | dt_ms 1019.9
[2026-07-06 04:31:45] step 001624 | loss 0.664225 | lrm 1.0000 | dt_ms 1031.1
[2026-07-06 04:31:46] step 001625 | loss 0.685159 | lrm 1.0000 | dt_ms 1018.2
[2026-07-06 04:31:47] step 001626 | loss 0.681793 | lrm 1.0000 | dt_ms 1110.9
[2026-07-06 04:31:48] step 001627 | loss 0.645471 | lrm 1.0000 | dt_ms 1029.7
[2026-07-06 04:31:49] step 001628 | loss 0.669936 | lrm 1.0000 | dt_ms 1017.0
[2026-07-06 04:31:50] step 001629 | loss 0.696768 | lrm 1.0000 | dt_ms 993.2
[2026-07-06 04:31:51] step 001630 | loss 0.705471 | lrm 1.0000 | dt_ms 1015.8
[2026-07-06 04:31:52] step 001631 | loss 0.608262 | lrm 1.0000 | dt_ms 1002.8
[2026-07-06 04:31:53] step 001632 | loss 0.623928 | lrm 1.0000 | dt_ms 993.3
[2026-07-06 04:31:54] step 001633 | loss 0.615804 | lrm 1.0000 | dt_ms 1012.8
[2026-07-06 04:31:58] step 001634 | loss 0.572359 | lrm 1.0000 | dt_ms 3662.3
[2026-07-06 04:31:59] step 001635 | loss 0.541571 | lrm 1.0000 | dt_ms 1007.5
[2026-07-06 04:32:00] step 001636 | loss 0.682741 | lrm 1.0000 | dt_ms 998.4
[2026-07-06 04:32:01] step 001637 | loss 0.520679 | lrm 1.0000 | dt_ms 1043.1
[2026-07-06 04:32:02] step 001638 | loss 0.714649 | lrm 1.0000 | dt_ms 1021.4
[2026-07-06 04:32:03] step 001639 | loss 0.801904 | lrm 1.0000 | dt_ms 971.2
[2026-07-06 04:32:04] step 001640 | loss 0.657049 | lrm 1.0000 | dt_ms 1022.9
[2026-07-06 04:32:07] step 001641 | loss 0.614336 | lrm 1.0000 | dt_ms 3570.4
[2026-07-06 04:32:08] step 001642 | loss 0.765279 | lrm 1.0000 | dt_ms 981.9
[2026-07-06 04:32:09] step 001643 | loss 0.714752 | lrm 1.0000 | dt_ms 1000.5
[2026-07-06 04:32:10] step 001644 | loss 0.599514 | lrm 1.0000 | dt_ms 998.2
[2026-07-06 04:32:12] step 001645 | loss 0.677902 | lrm 1.0000 | dt_ms 1095.5
[2026-07-06 04:32:13] step 001646 | loss 0.707475 | lrm 1.0000 | dt_ms 1001.8
[2026-07-06 04:32:14] step 001647 | loss 0.695992 | lrm 1.0000 | dt_ms 1011.1
[2026-07-06 04:32:15] step 001648 | loss 0.604350 | lrm 1.0000 | dt_ms 1023.7
[2026-07-06 04:32:16] step 001649 | loss 0.659442 | lrm 1.0000 | dt_ms 999.3
[2026-07-06 04:32:17] step 001650 | loss 0.713452 | lrm 1.0000 | dt_ms 996.7
[2026-07-06 04:32:18] step 001651 | loss 0.600926 | lrm 1.0000 | dt_ms 991.7
[2026-07-06 04:32:19] step 001652 | loss 0.629478 | lrm 1.0000 | dt_ms 1065.6
[2026-07-06 04:32:20] step 001653 | loss 0.652415 | lrm 1.0000 | dt_ms 1039.8
[2026-07-06 04:32:21] step 001654 | loss 0.674161 | lrm 1.0000 | dt_ms 1010.2
[2026-07-06 04:32:22] step 001655 | loss 0.675010 | lrm 1.0000 | dt_ms 1067.5
[2026-07-06 04:32:23] step 001656 | loss 0.634111 | lrm 1.0000 | dt_ms 1030.0
[2026-07-06 04:32:24] step 001657 | loss 0.625920 | lrm 1.0000 | dt_ms 1002.9
[2026-07-06 04:32:25] step 001658 | loss 0.586960 | lrm 1.0000 | dt_ms 1067.6
[2026-07-06 04:32:26] step 001659 | loss 0.605656 | lrm 1.0000 | dt_ms 1023.0
[2026-07-06 04:32:27] step 001660 | loss 0.567320 | lrm 1.0000 | dt_ms 1010.3
[2026-07-06 04:32:28] step 001661 | loss 0.643237 | lrm 1.0000 | dt_ms 990.3
[2026-07-06 04:32:29] step 001662 | loss 0.678381 | lrm 1.0000 | dt_ms 1030.8
[2026-07-06 04:32:30] step 001663 | loss 0.584947 | lrm 1.0000 | dt_ms 1062.5
[2026-07-06 04:32:31] step 001664 | loss 0.624887 | lrm 1.0000 | dt_ms 1040.8
[2026-07-06 04:32:32] step 001665 | loss 0.831154 | lrm 1.0000 | dt_ms 1007.9
[2026-07-06 04:32:33] step 001666 | loss 0.666440 | lrm 1.0000 | dt_ms 1041.3
[2026-07-06 04:32:34] step 001667 | loss 0.687378 | lrm 1.0000 | dt_ms 1033.9
[2026-07-06 04:32:35] step 001668 | loss 0.516030 | lrm 1.0000 | dt_ms 1011.9
[2026-07-06 04:32:36] step 001669 | loss 0.618591 | lrm 1.0000 | dt_ms 1038.6
[2026-07-06 04:32:37] step 001670 | loss 0.528653 | lrm 1.0000 | dt_ms 1051.0
[2026-07-06 04:32:38] step 001671 | loss 0.723930 | lrm 1.0000 | dt_ms 1071.8
[2026-07-06 04:32:39] step 001672 | loss 0.706597 | lrm 1.0000 | dt_ms 1004.2
[2026-07-06 04:32:40] step 001673 | loss 0.611358 | lrm 1.0000 | dt_ms 1022.3
[2026-07-06 04:32:41] step 001674 | loss 0.696716 | lrm 1.0000 | dt_ms 991.8
[2026-07-06 04:32:42] step 001675 | loss 0.713642 | lrm 1.0000 | dt_ms 1038.4
[2026-07-06 04:32:43] step 001676 | loss 0.670181 | lrm 1.0000 | dt_ms 996.6
[2026-07-06 04:32:44] step 001677 | loss 0.676055 | lrm 1.0000 | dt_ms 1023.3
[2026-07-06 04:32:48] step 001678 | loss 0.601612 | lrm 1.0000 | dt_ms 3733.8
[2026-07-06 04:32:49] step 001679 | loss 0.660789 | lrm 1.0000 | dt_ms 978.8
[2026-07-06 04:32:50] step 001680 | loss 0.661242 | lrm 1.0000 | dt_ms 963.9
[2026-07-06 04:32:51] step 001681 | loss 0.604606 | lrm 1.0000 | dt_ms 976.0
[2026-07-06 04:32:55] step 001682 | loss 0.763220 | lrm 1.0000 | dt_ms 3674.7
[2026-07-06 04:32:56] step 001683 | loss 0.659926 | lrm 1.0000 | dt_ms 1092.5
[2026-07-06 04:32:57] step 001684 | loss 0.622729 | lrm 1.0000 | dt_ms 1018.7
[2026-07-06 04:32:58] step 001685 | loss 0.557376 | lrm 1.0000 | dt_ms 1015.8
[2026-07-06 04:32:59] step 001686 | loss 0.604797 | lrm 1.0000 | dt_ms 989.5
[2026-07-06 04:33:00] step 001687 | loss 0.683655 | lrm 1.0000 | dt_ms 1009.1
[2026-07-06 04:33:01] step 001688 | loss 0.627182 | lrm 1.0000 | dt_ms 990.4
[2026-07-06 04:33:02] step 001689 | loss 0.598603 | lrm 1.0000 | dt_ms 1004.9
[2026-07-06 04:33:03] step 001690 | loss 0.718505 | lrm 1.0000 | dt_ms 1019.5
[2026-07-06 04:33:04] step 001691 | loss 0.714788 | lrm 1.0000 | dt_ms 1008.7
[2026-07-06 04:33:05] step 001692 | loss 0.542516 | lrm 1.0000 | dt_ms 1012.5
[2026-07-06 04:33:06] step 001693 | loss 0.635007 | lrm 1.0000 | dt_ms 996.7
[2026-07-06 04:33:07] step 001694 | loss 0.629129 | lrm 1.0000 | dt_ms 1050.8
[2026-07-06 04:33:08] step 001695 | loss 0.609533 | lrm 1.0000 | dt_ms 1005.6
[2026-07-06 04:33:09] step 001696 | loss 0.744655 | lrm 1.0000 | dt_ms 1000.1
[2026-07-06 04:33:10] step 001697 | loss 0.720980 | lrm 1.0000 | dt_ms 1081.6
[2026-07-06 04:33:11] step 001698 | loss 0.660547 | lrm 1.0000 | dt_ms 1018.9
[2026-07-06 04:33:12] step 001699 | loss 0.584619 | lrm 1.0000 | dt_ms 1046.7
[2026-07-06 04:33:13] step 001700 | loss 0.694989 | lrm 1.0000 | dt_ms 1025.4
[2026-07-06 04:33:14] step 001701 | loss 0.708407 | lrm 1.0000 | dt_ms 1030.0
[2026-07-06 04:33:15] step 001702 | loss 0.619031 | lrm 1.0000 | dt_ms 1011.7
[2026-07-06 04:33:16] step 001703 | loss 0.597778 | lrm 1.0000 | dt_ms 1030.9
[2026-07-06 04:33:17] step 001704 | loss 0.607938 | lrm 1.0000 | dt_ms 1000.1
[2026-07-06 04:33:18] step 001705 | loss 0.668058 | lrm 1.0000 | dt_ms 1028.5
[2026-07-06 04:33:19] step 001706 | loss 0.593375 | lrm 1.0000 | dt_ms 979.9
[2026-07-06 04:33:20] step 001707 | loss 0.579338 | lrm 1.0000 | dt_ms 1016.7
[2026-07-06 04:33:21] step 001708 | loss 0.671319 | lrm 1.0000 | dt_ms 1033.8
[2026-07-06 04:33:22] step 001709 | loss 0.562491 | lrm 1.0000 | dt_ms 1013.4
[2026-07-06 04:33:23] step 001710 | loss 0.728943 | lrm 1.0000 | dt_ms 1024.8
[2026-07-06 04:33:27] step 001711 | loss 0.706129 | lrm 1.0000 | dt_ms 3652.9
[2026-07-06 04:33:28] step 001712 | loss 0.645481 | lrm 1.0000 | dt_ms 1037.6
[2026-07-06 04:33:29] step 001713 | loss 0.696478 | lrm 1.0000 | dt_ms 995.9
[2026-07-06 04:33:30] step 001714 | loss 0.617179 | lrm 1.0000 | dt_ms 1044.9
[2026-07-06 04:33:31] step 001715 | loss 0.615603 | lrm 1.0000 | dt_ms 1014.8
[2026-07-06 04:33:32] step 001716 | loss 0.603506 | lrm 1.0000 | dt_ms 999.8
[2026-07-06 04:33:33] step 001717 | loss 0.670757 | lrm 1.0000 | dt_ms 1067.8
[2026-07-06 04:33:34] step 001718 | loss 0.634595 | lrm 1.0000 | dt_ms 1006.0
[2026-07-06 04:33:35] step 001719 | loss 0.560208 | lrm 1.0000 | dt_ms 1054.9
[2026-07-06 04:33:36] step 001720 | loss 0.565496 | lrm 1.0000 | dt_ms 1002.0
[2026-07-06 04:33:37] step 001721 | loss 0.748232 | lrm 1.0000 | dt_ms 1024.1
[2026-07-06 04:33:38] step 001722 | loss 0.815685 | lrm 1.0000 | dt_ms 1033.9
[2026-07-06 04:33:39] step 001723 | loss 0.685341 | lrm 1.0000 | dt_ms 997.8
[2026-07-06 04:33:40] step 001724 | loss 0.640874 | lrm 1.0000 | dt_ms 1046.3
[2026-07-06 04:33:41] step 001725 | loss 0.627552 | lrm 1.0000 | dt_ms 1087.4
[2026-07-06 04:33:42] step 001726 | loss 0.599573 | lrm 1.0000 | dt_ms 1055.3
[2026-07-06 04:33:43] step 001727 | loss 0.562461 | lrm 1.0000 | dt_ms 1015.2
[2026-07-06 04:33:44] step 001728 | loss 0.698355 | lrm 1.0000 | dt_ms 1022.8
[2026-07-06 04:33:45] step 001729 | loss 0.827507 | lrm 1.0000 | dt_ms 996.3
[2026-07-06 04:33:49] step 001730 | loss 0.674248 | lrm 1.0000 | dt_ms 3679.7
[2026-07-06 04:33:50] step 001731 | loss 0.657503 | lrm 1.0000 | dt_ms 972.2
[2026-07-06 04:33:51] step 001732 | loss 0.624795 | lrm 1.0000 | dt_ms 1042.0
[2026-07-06 04:33:52] step 001733 | loss 0.659611 | lrm 1.0000 | dt_ms 998.4
[2026-07-06 04:33:53] step 001734 | loss 0.646773 | lrm 1.0000 | dt_ms 996.3
[2026-07-06 04:33:54] step 001735 | loss 0.598448 | lrm 1.0000 | dt_ms 1005.3
[2026-07-06 04:33:55] step 001736 | loss 0.576065 | lrm 1.0000 | dt_ms 1007.6
[2026-07-06 04:33:56] step 001737 | loss 0.761444 | lrm 1.0000 | dt_ms 1033.8
[2026-07-06 04:33:57] step 001738 | loss 0.599561 | lrm 1.0000 | dt_ms 1015.9
[2026-07-06 04:33:58] step 001739 | loss 0.625223 | lrm 1.0000 | dt_ms 986.4
[2026-07-06 04:33:59] step 001740 | loss 0.551145 | lrm 1.0000 | dt_ms 982.4
[2026-07-06 04:34:00] step 001741 | loss 0.572190 | lrm 1.0000 | dt_ms 993.3
[2026-07-06 04:34:01] step 001742 | loss 0.710184 | lrm 1.0000 | dt_ms 1019.9
[2026-07-06 04:34:02] step 001743 | loss 0.558420 | lrm 1.0000 | dt_ms 1021.1
[2026-07-06 04:34:03] step 001744 | loss 0.745138 | lrm 1.0000 | dt_ms 1114.9
[2026-07-06 04:34:04] step 001745 | loss 0.648880 | lrm 1.0000 | dt_ms 1003.9
[2026-07-06 04:34:05] step 001746 | loss 0.813284 | lrm 1.0000 | dt_ms 1104.6
[2026-07-06 04:34:06] step 001747 | loss 0.666417 | lrm 1.0000 | dt_ms 994.0
[2026-07-06 04:34:07] step 001748 | loss 0.550329 | lrm 1.0000 | dt_ms 1035.7
[2026-07-06 04:34:08] step 001749 | loss 0.692416 | lrm 1.0000 | dt_ms 1000.1
[2026-07-06 04:34:09] step 001750 | loss 0.579388 | lrm 1.0000 | dt_ms 1009.7
[2026-07-06 04:34:10] step 001751 | loss 0.585223 | lrm 1.0000 | dt_ms 1004.4
[2026-07-06 04:34:11] step 001752 | loss 0.742220 | lrm 1.0000 | dt_ms 1017.1
[2026-07-06 04:34:12] step 001753 | loss 0.598319 | lrm 1.0000 | dt_ms 1004.8
[2026-07-06 04:34:14] step 001754 | loss 0.644458 | lrm 1.0000 | dt_ms 1105.0
[2026-07-06 04:34:15] step 001755 | loss 0.639503 | lrm 1.0000 | dt_ms 1041.6
[2026-07-06 04:34:16] step 001756 | loss 0.720537 | lrm 1.0000 | dt_ms 1008.1
[2026-07-06 04:34:17] step 001757 | loss 0.678748 | lrm 1.0000 | dt_ms 1049.0
[2026-07-06 04:34:18] step 001758 | loss 0.666308 | lrm 1.0000 | dt_ms 1021.9
[2026-07-06 04:34:19] step 001759 | loss 0.759575 | lrm 1.0000 | dt_ms 989.0
[2026-07-06 04:34:20] step 001760 | loss 0.659715 | lrm 1.0000 | dt_ms 1048.8
[2026-07-06 04:34:21] step 001761 | loss 0.684949 | lrm 1.0000 | dt_ms 1009.3
[2026-07-06 04:34:22] step 001762 | loss 0.564617 | lrm 1.0000 | dt_ms 1057.2
[2026-07-06 04:34:23] step 001763 | loss 0.613775 | lrm 1.0000 | dt_ms 988.8
[2026-07-06 04:34:24] step 001764 | loss 0.606596 | lrm 1.0000 | dt_ms 1047.9
[2026-07-06 04:34:25] step 001765 | loss 0.506402 | lrm 1.0000 | dt_ms 1017.7
[2026-07-06 04:34:26] step 001766 | loss 0.586273 | lrm 1.0000 | dt_ms 978.3
[2026-07-06 04:34:27] step 001767 | loss 0.788017 | lrm 1.0000 | dt_ms 1059.6
[2026-07-06 04:34:28] step 001768 | loss 0.621928 | lrm 1.0000 | dt_ms 994.5
[2026-07-06 04:34:29] step 001769 | loss 0.577048 | lrm 1.0000 | dt_ms 1022.7
[2026-07-06 04:34:30] step 001770 | loss 0.594750 | lrm 1.0000 | dt_ms 987.4
[2026-07-06 04:34:31] step 001771 | loss 0.511549 | lrm 1.0000 | dt_ms 1020.3
[2026-07-06 04:34:32] step 001772 | loss 0.584100 | lrm 1.0000 | dt_ms 1013.4
[2026-07-06 04:34:33] step 001773 | loss 0.701692 | lrm 1.0000 | dt_ms 984.5
[2026-07-06 04:34:34] step 001774 | loss 0.647959 | lrm 1.0000 | dt_ms 1124.0
[2026-07-06 04:34:35] step 001775 | loss 0.518395 | lrm 1.0000 | dt_ms 1020.8
[2026-07-06 04:34:36] step 001776 | loss 0.538419 | lrm 1.0000 | dt_ms 1019.3
[2026-07-06 04:34:37] step 001777 | loss 0.665954 | lrm 1.0000 | dt_ms 1020.6
[2026-07-06 04:34:38] step 001778 | loss 0.657382 | lrm 1.0000 | dt_ms 1001.9
[2026-07-06 04:34:39] step 001779 | loss 0.592186 | lrm 1.0000 | dt_ms 996.7
[2026-07-06 04:34:40] step 001780 | loss 0.709591 | lrm 1.0000 | dt_ms 1014.2
[2026-07-06 04:34:41] step 001781 | loss 0.644458 | lrm 1.0000 | dt_ms 1069.5
[2026-07-06 04:34:42] step 001782 | loss 0.738008 | lrm 1.0000 | dt_ms 989.8
[2026-07-06 04:34:43] step 001783 | loss 0.748985 | lrm 1.0000 | dt_ms 1054.2
[2026-07-06 04:34:44] step 001784 | loss 0.672030 | lrm 1.0000 | dt_ms 1031.4
[2026-07-06 04:34:45] step 001785 | loss 0.637021 | lrm 1.0000 | dt_ms 1021.0
[2026-07-06 04:34:46] step 001786 | loss 0.647349 | lrm 1.0000 | dt_ms 1024.5
[2026-07-06 04:34:47] step 001787 | loss 0.575866 | lrm 1.0000 | dt_ms 1016.6
[2026-07-06 04:34:48] step 001788 | loss 0.777545 | lrm 1.0000 | dt_ms 996.6
[2026-07-06 04:34:49] step 001789 | loss 0.692101 | lrm 1.0000 | dt_ms 997.7
[2026-07-06 04:34:50] step 001790 | loss 0.665390 | lrm 1.0000 | dt_ms 1033.0
[2026-07-06 04:34:51] step 001791 | loss 0.709213 | lrm 1.0000 | dt_ms 1049.8
[2026-07-06 04:34:52] step 001792 | loss 0.690142 | lrm 1.0000 | dt_ms 1044.3
[2026-07-06 04:34:53] step 001793 | loss 0.636242 | lrm 1.0000 | dt_ms 1020.6
[2026-07-06 04:34:54] step 001794 | loss 0.591058 | lrm 1.0000 | dt_ms 994.3
[2026-07-06 04:34:55] step 001795 | loss 0.658270 | lrm 1.0000 | dt_ms 1017.2
[2026-07-06 04:34:56] step 001796 | loss 0.663393 | lrm 1.0000 | dt_ms 979.4
[2026-07-06 04:34:57] step 001797 | loss 0.636785 | lrm 1.0000 | dt_ms 1001.3
[2026-07-06 04:34:58] step 001798 | loss 0.540024 | lrm 1.0000 | dt_ms 999.5
[2026-07-06 04:34:59] step 001799 | loss 0.553599 | lrm 1.0000 | dt_ms 992.1
[2026-07-06 04:35:00] step 001800 | loss 0.546941 | lrm 1.0000 | dt_ms 1000.0
[2026-07-06 04:35:01] step 001801 | loss 0.661968 | lrm 1.0000 | dt_ms 1043.6
[2026-07-06 04:35:02] step 001802 | loss 0.585251 | lrm 1.0000 | dt_ms 1019.1
[2026-07-06 04:35:04] step 001803 | loss 0.620475 | lrm 1.0000 | dt_ms 1042.9
[2026-07-06 04:35:05] step 001804 | loss 0.665965 | lrm 1.0000 | dt_ms 1067.4
[2026-07-06 04:35:06] step 001805 | loss 0.615538 | lrm 1.0000 | dt_ms 1076.6
[2026-07-06 04:35:07] step 001806 | loss 0.620732 | lrm 1.0000 | dt_ms 997.3
[2026-07-06 04:35:08] step 001807 | loss 0.548015 | lrm 1.0000 | dt_ms 1019.8
[2026-07-06 04:35:09] step 001808 | loss 0.551185 | lrm 1.0000 | dt_ms 1076.0
[2026-07-06 04:35:10] step 001809 | loss 0.652040 | lrm 1.0000 | dt_ms 1072.8
[2026-07-06 04:35:11] step 001810 | loss 0.637479 | lrm 1.0000 | dt_ms 1028.1
[2026-07-06 04:35:12] step 001811 | loss 0.606403 | lrm 1.0000 | dt_ms 1065.1
[2026-07-06 04:35:13] step 001812 | loss 0.701265 | lrm 1.0000 | dt_ms 1013.3
[2026-07-06 04:35:14] step 001813 | loss 0.597863 | lrm 1.0000 | dt_ms 1012.6
[2026-07-06 04:35:15] step 001814 | loss 0.624235 | lrm 1.0000 | dt_ms 985.9
[2026-07-06 04:35:16] step 001815 | loss 0.662305 | lrm 1.0000 | dt_ms 1032.4
[2026-07-06 04:35:17] step 001816 | loss 0.731337 | lrm 1.0000 | dt_ms 978.3
[2026-07-06 04:35:18] step 001817 | loss 0.695937 | lrm 1.0000 | dt_ms 1016.2
[2026-07-06 04:35:19] step 001818 | loss 0.637281 | lrm 1.0000 | dt_ms 1027.8
[2026-07-06 04:35:20] step 001819 | loss 0.669333 | lrm 1.0000 | dt_ms 1026.5
[2026-07-06 04:35:21] step 001820 | loss 0.596267 | lrm 1.0000 | dt_ms 1007.5
[2026-07-06 04:35:22] step 001821 | loss 0.575917 | lrm 1.0000 | dt_ms 997.8
[2026-07-06 04:35:23] step 001822 | loss 0.598823 | lrm 1.0000 | dt_ms 990.2
[2026-07-06 04:35:24] step 001823 | loss 0.609148 | lrm 1.0000 | dt_ms 981.1
[2026-07-06 04:35:25] step 001824 | loss 0.683324 | lrm 1.0000 | dt_ms 987.5
[2026-07-06 04:35:26] step 001825 | loss 0.603041 | lrm 1.0000 | dt_ms 1021.7
[2026-07-06 04:35:27] step 001826 | loss 0.625430 | lrm 1.0000 | dt_ms 1007.8
[2026-07-06 04:35:28] step 001827 | loss 0.616541 | lrm 1.0000 | dt_ms 1035.7
[2026-07-06 04:35:29] step 001828 | loss 0.660269 | lrm 1.0000 | dt_ms 1005.1
[2026-07-06 04:35:30] step 001829 | loss 0.597899 | lrm 1.0000 | dt_ms 1040.1
[2026-07-06 04:35:31] step 001830 | loss 0.612825 | lrm 1.0000 | dt_ms 995.3
[2026-07-06 04:35:32] step 001831 | loss 0.576931 | lrm 1.0000 | dt_ms 983.4
[2026-07-06 04:35:33] step 001832 | loss 0.691720 | lrm 1.0000 | dt_ms 992.3
[2026-07-06 04:35:34] step 001833 | loss 0.689774 | lrm 1.0000 | dt_ms 1029.5
[2026-07-06 04:35:35] step 001834 | loss 0.773693 | lrm 1.0000 | dt_ms 996.1
[2026-07-06 04:35:36] step 001835 | loss 0.588706 | lrm 1.0000 | dt_ms 1035.8
[2026-07-06 04:35:37] step 001836 | loss 0.625536 | lrm 1.0000 | dt_ms 1012.3
[2026-07-06 04:35:38] step 001837 | loss 0.600395 | lrm 1.0000 | dt_ms 1011.9
[2026-07-06 04:35:39] step 001838 | loss 0.687219 | lrm 1.0000 | dt_ms 989.7
[2026-07-06 04:35:40] step 001839 | loss 0.698543 | lrm 1.0000 | dt_ms 1074.4
[2026-07-06 04:35:41] step 001840 | loss 0.678026 | lrm 1.0000 | dt_ms 1007.1
[2026-07-06 04:35:42] step 001841 | loss 0.585308 | lrm 1.0000 | dt_ms 1034.1
[2026-07-06 04:35:43] step 001842 | loss 0.688712 | lrm 1.0000 | dt_ms 1021.0
[2026-07-06 04:35:44] step 001843 | loss 0.592454 | lrm 1.0000 | dt_ms 1049.3
[2026-07-06 04:35:45] step 001844 | loss 0.565703 | lrm 1.0000 | dt_ms 1033.3
[2026-07-06 04:35:46] step 001845 | loss 0.597543 | lrm 1.0000 | dt_ms 1006.2
[2026-07-06 04:35:47] step 001846 | loss 0.599629 | lrm 1.0000 | dt_ms 1017.9
[2026-07-06 04:35:48] step 001847 | loss 0.556536 | lrm 1.0000 | dt_ms 1083.8
[2026-07-06 04:35:50] step 001848 | loss 0.602612 | lrm 1.0000 | dt_ms 1034.0
[2026-07-06 04:35:51] step 001849 | loss 0.627631 | lrm 1.0000 | dt_ms 1009.5
[2026-07-06 04:35:52] step 001850 | loss 0.622602 | lrm 1.0000 | dt_ms 1005.2
[2026-07-06 04:35:53] step 001851 | loss 0.605361 | lrm 1.0000 | dt_ms 1018.8
[2026-07-06 04:35:54] step 001852 | loss 0.690670 | lrm 1.0000 | dt_ms 1053.9
[2026-07-06 04:35:55] step 001853 | loss 0.571886 | lrm 1.0000 | dt_ms 985.8
[2026-07-06 04:35:56] step 001854 | loss 0.572250 | lrm 1.0000 | dt_ms 1004.4
[2026-07-06 04:35:57] step 001855 | loss 0.655337 | lrm 1.0000 | dt_ms 1037.0
[2026-07-06 04:35:58] step 001856 | loss 0.527840 | lrm 0.9997 | dt_ms 998.6
[2026-07-06 04:35:59] step 001857 | loss 0.615703 | lrm 0.9994 | dt_ms 1016.5
[2026-07-06 04:36:00] step 001858 | loss 0.644348 | lrm 0.9992 | dt_ms 1079.9
[2026-07-06 04:36:01] step 001859 | loss 0.664641 | lrm 0.9989 | dt_ms 1006.8
[2026-07-06 04:36:02] step 001860 | loss 0.635344 | lrm 0.9986 | dt_ms 1014.6
[2026-07-06 04:36:03] step 001861 | loss 0.640321 | lrm 0.9983 | dt_ms 990.9
[2026-07-06 04:36:04] step 001862 | loss 0.582002 | lrm 0.9981 | dt_ms 1076.9
[2026-07-06 04:36:05] step 001863 | loss 0.602005 | lrm 0.9978 | dt_ms 1022.1
[2026-07-06 04:36:06] step 001864 | loss 0.603464 | lrm 0.9975 | dt_ms 989.6
[2026-07-06 04:36:07] step 001865 | loss 0.568434 | lrm 0.9972 | dt_ms 979.6
[2026-07-06 04:36:08] step 001866 | loss 0.616065 | lrm 0.9970 | dt_ms 1115.5
[2026-07-06 04:36:09] step 001867 | loss 0.669753 | lrm 0.9967 | dt_ms 1077.9
[2026-07-06 04:36:10] step 001868 | loss 0.563008 | lrm 0.9964 | dt_ms 1098.1
[2026-07-06 04:36:11] step 001869 | loss 0.600110 | lrm 0.9961 | dt_ms 1031.8
[2026-07-06 04:36:12] step 001870 | loss 0.575235 | lrm 0.9959 | dt_ms 1015.0
[2026-07-06 04:36:13] step 001871 | loss 0.540490 | lrm 0.9956 | dt_ms 998.1
[2026-07-06 04:36:14] step 001872 | loss 0.693727 | lrm 0.9953 | dt_ms 1020.0
[2026-07-06 04:36:15] step 001873 | loss 0.636745 | lrm 0.9950 | dt_ms 986.3
[2026-07-06 04:36:16] step 001874 | loss 0.621286 | lrm 0.9948 | dt_ms 1041.1
[2026-07-06 04:36:17] step 001875 | loss 0.644771 | lrm 0.9945 | dt_ms 1041.8
[2026-07-06 04:36:18] step 001876 | loss 0.656762 | lrm 0.9942 | dt_ms 1076.5
[2026-07-06 04:36:19] step 001877 | loss 0.620979 | lrm 0.9939 | dt_ms 1039.6
[2026-07-06 04:36:20] step 001878 | loss 0.530110 | lrm 0.9937 | dt_ms 1007.6
[2026-07-06 04:36:21] step 001879 | loss 0.617393 | lrm 0.9934 | dt_ms 995.6
[2026-07-06 04:36:22] step 001880 | loss 0.665460 | lrm 0.9931 | dt_ms 1003.4
[2026-07-06 04:36:23] step 001881 | loss 0.713743 | lrm 0.9928 | dt_ms 978.4
[2026-07-06 04:36:24] step 001882 | loss 0.730088 | lrm 0.9926 | dt_ms 991.4
[2026-07-06 04:36:25] step 001883 | loss 0.634935 | lrm 0.9923 | dt_ms 1073.5
[2026-07-06 04:36:26] step 001884 | loss 0.510083 | lrm 0.9920 | dt_ms 1017.2
[2026-07-06 04:36:27] step 001885 | loss 0.540767 | lrm 0.9917 | dt_ms 1041.0
[2026-07-06 04:36:28] step 001886 | loss 0.625041 | lrm 0.9915 | dt_ms 1013.0
[2026-07-06 04:36:29] step 001887 | loss 0.694152 | lrm 0.9912 | dt_ms 989.3
[2026-07-06 04:36:31] step 001888 | loss 0.613102 | lrm 0.9909 | dt_ms 1036.5
[2026-07-06 04:36:32] step 001889 | loss 0.668653 | lrm 0.9906 | dt_ms 993.1
[2026-07-06 04:36:32] step 001890 | loss 0.734525 | lrm 0.9903 | dt_ms 976.4
[2026-07-06 04:36:33] step 001891 | loss 0.590660 | lrm 0.9901 | dt_ms 990.1
[2026-07-06 04:36:35] step 001892 | loss 0.636265 | lrm 0.9898 | dt_ms 1030.6
[2026-07-06 04:36:36] step 001893 | loss 0.472444 | lrm 0.9895 | dt_ms 1011.8
[2026-07-06 04:36:37] step 001894 | loss 0.532709 | lrm 0.9892 | dt_ms 1045.8
[2026-07-06 04:36:38] step 001895 | loss 0.593598 | lrm 0.9890 | dt_ms 1058.9
[2026-07-06 04:36:39] step 001896 | loss 0.699633 | lrm 0.9887 | dt_ms 1064.7
[2026-07-06 04:36:40] step 001897 | loss 0.582810 | lrm 0.9884 | dt_ms 990.9
[2026-07-06 04:36:41] step 001898 | loss 0.658382 | lrm 0.9881 | dt_ms 985.9
[2026-07-06 04:36:42] step 001899 | loss 0.615923 | lrm 0.9879 | dt_ms 1028.9
[2026-07-06 04:36:43] step 001900 | loss 0.616298 | lrm 0.9876 | dt_ms 988.2
[2026-07-06 04:36:44] step 001901 | loss 0.608646 | lrm 0.9873 | dt_ms 1024.4
[2026-07-06 04:36:45] step 001902 | loss 0.589893 | lrm 0.9870 | dt_ms 1016.8
[2026-07-06 04:36:46] step 001903 | loss 0.595126 | lrm 0.9868 | dt_ms 999.3
[2026-07-06 04:36:47] step 001904 | loss 0.647827 | lrm 0.9865 | dt_ms 1084.4
[2026-07-06 04:36:48] step 001905 | loss 0.655488 | lrm 0.9862 | dt_ms 1041.4
[2026-07-06 04:36:49] step 001906 | loss 0.649603 | lrm 0.9859 | dt_ms 1020.2
[2026-07-06 04:36:50] step 001907 | loss 0.586488 | lrm 0.9857 | dt_ms 1000.9
[2026-07-06 04:36:51] step 001908 | loss 0.532672 | lrm 0.9854 | dt_ms 1000.6
[2026-07-06 04:36:52] step 001909 | loss 0.575323 | lrm 0.9851 | dt_ms 1019.3
[2026-07-06 04:36:53] step 001910 | loss 0.563800 | lrm 0.9848 | dt_ms 1015.5
[2026-07-06 04:36:54] step 001911 | loss 0.609430 | lrm 0.9846 | dt_ms 992.4
[2026-07-06 04:36:55] step 001912 | loss 0.554782 | lrm 0.9843 | dt_ms 1088.2
[2026-07-06 04:36:56] step 001913 | loss 0.623211 | lrm 0.9840 | dt_ms 1014.2
[2026-07-06 04:36:57] step 001914 | loss 0.643147 | lrm 0.9837 | dt_ms 1050.4
[2026-07-06 04:36:58] step 001915 | loss 0.664833 | lrm 0.9835 | dt_ms 992.7
[2026-07-06 04:36:59] step 001916 | loss 0.649210 | lrm 0.9832 | dt_ms 1017.1
[2026-07-06 04:37:00] step 001917 | loss 0.647883 | lrm 0.9829 | dt_ms 1005.1
[2026-07-06 04:37:01] step 001918 | loss 0.739502 | lrm 0.9826 | dt_ms 1048.4
[2026-07-06 04:37:02] step 001919 | loss 0.466406 | lrm 0.9824 | dt_ms 1017.5
[2026-07-06 04:37:03] step 001920 | loss 0.497782 | lrm 0.9821 | dt_ms 1048.3
[2026-07-06 04:37:04] step 001921 | loss 0.624158 | lrm 0.9818 | dt_ms 1027.9
[2026-07-06 04:37:05] step 001922 | loss 0.698361 | lrm 0.9815 | dt_ms 1044.1
[2026-07-06 04:37:06] step 001923 | loss 0.610768 | lrm 0.9812 | dt_ms 1007.7
[2026-07-06 04:37:07] step 001924 | loss 0.598830 | lrm 0.9810 | dt_ms 984.0
[2026-07-06 04:37:08] step 001925 | loss 0.613596 | lrm 0.9807 | dt_ms 1018.6
[2026-07-06 04:37:09] step 001926 | loss 0.481451 | lrm 0.9804 | dt_ms 1009.7
[2026-07-06 04:37:10] step 001927 | loss 0.613151 | lrm 0.9801 | dt_ms 1032.9
[2026-07-06 04:37:11] step 001928 | loss 0.753641 | lrm 0.9799 | dt_ms 988.5
[2026-07-06 04:37:12] step 001929 | loss 0.572628 | lrm 0.9796 | dt_ms 1022.5
[2026-07-06 04:37:13] step 001930 | loss 0.607154 | lrm 0.9793 | dt_ms 1056.4
[2026-07-06 04:37:14] step 001931 | loss 0.622169 | lrm 0.9790 | dt_ms 977.5
[2026-07-06 04:37:15] step 001932 | loss 0.603796 | lrm 0.9788 | dt_ms 1110.9
[2026-07-06 04:37:17] step 001933 | loss 0.592724 | lrm 0.9785 | dt_ms 1020.8
[2026-07-06 04:37:18] step 001934 | loss 0.621288 | lrm 0.9782 | dt_ms 1052.5
[2026-07-06 04:37:19] step 001935 | loss 0.616165 | lrm 0.9779 | dt_ms 1089.0
[2026-07-06 04:37:20] step 001936 | loss 0.553992 | lrm 0.9777 | dt_ms 1041.3
[2026-07-06 04:37:21] step 001937 | loss 0.823681 | lrm 0.9774 | dt_ms 1031.0
[2026-07-06 04:37:22] step 001938 | loss 0.664939 | lrm 0.9771 | dt_ms 1006.9
[2026-07-06 04:37:23] step 001939 | loss 0.572782 | lrm 0.9768 | dt_ms 999.5
[2026-07-06 04:37:24] step 001940 | loss 0.570549 | lrm 0.9766 | dt_ms 982.0
[2026-07-06 04:37:25] step 001941 | loss 0.569609 | lrm 0.9763 | dt_ms 1073.6
[2026-07-06 04:37:26] step 001942 | loss 0.538845 | lrm 0.9760 | dt_ms 1066.0
[2026-07-06 04:37:27] step 001943 | loss 0.572583 | lrm 0.9757 | dt_ms 1051.7
[2026-07-06 04:37:28] step 001944 | loss 0.634848 | lrm 0.9755 | dt_ms 991.6
[2026-07-06 04:37:29] step 001945 | loss 0.713016 | lrm 0.9752 | dt_ms 1057.9
[2026-07-06 04:37:30] step 001946 | loss 0.596966 | lrm 0.9749 | dt_ms 1019.7
[2026-07-06 04:37:31] step 001947 | loss 0.516378 | lrm 0.9746 | dt_ms 1028.3
[2026-07-06 04:37:32] step 001948 | loss 0.636286 | lrm 0.9744 | dt_ms 1055.9
[2026-07-06 04:37:33] step 001949 | loss 0.594297 | lrm 0.9741 | dt_ms 1066.5
[2026-07-06 04:37:34] step 001950 | loss 0.615878 | lrm 0.9738 | dt_ms 1006.9
[2026-07-06 04:37:35] step 001951 | loss 0.612635 | lrm 0.9735 | dt_ms 1041.1
[2026-07-06 04:37:36] step 001952 | loss 0.644513 | lrm 0.9733 | dt_ms 1014.4
[2026-07-06 04:37:37] step 001953 | loss 0.718504 | lrm 0.9730 | dt_ms 1027.5
[2026-07-06 04:37:38] step 001954 | loss 0.705298 | lrm 0.9727 | dt_ms 1033.8
[2026-07-06 04:37:39] step 001955 | loss 0.587793 | lrm 0.9724 | dt_ms 980.5
[2026-07-06 04:37:40] step 001956 | loss 0.622170 | lrm 0.9721 | dt_ms 1032.4
[2026-07-06 04:37:41] step 001957 | loss 0.603083 | lrm 0.9719 | dt_ms 1108.4
[2026-07-06 04:37:42] step 001958 | loss 0.695440 | lrm 0.9716 | dt_ms 1007.4
[2026-07-06 04:37:43] step 001959 | loss 0.596999 | lrm 0.9713 | dt_ms 1025.7
[2026-07-06 04:37:44] step 001960 | loss 0.618806 | lrm 0.9710 | dt_ms 1063.0
[2026-07-06 04:37:45] step 001961 | loss 0.643084 | lrm 0.9708 | dt_ms 981.3
[2026-07-06 04:37:46] step 001962 | loss 0.578684 | lrm 0.9705 | dt_ms 1020.8
[2026-07-06 04:37:47] step 001963 | loss 0.715731 | lrm 0.9702 | dt_ms 1018.5
[2026-07-06 04:37:49] step 001964 | loss 0.577752 | lrm 0.9699 | dt_ms 1022.0
[2026-07-06 04:37:50] step 001965 | loss 0.718769 | lrm 0.9697 | dt_ms 1000.4
[2026-07-06 04:37:51] step 001966 | loss 0.638190 | lrm 0.9694 | dt_ms 1004.9
[2026-07-06 04:37:52] step 001967 | loss 0.667488 | lrm 0.9691 | dt_ms 988.4
[2026-07-06 04:37:52] step 001968 | loss 0.644814 | lrm 0.9688 | dt_ms 968.3
[2026-07-06 04:37:54] step 001969 | loss 0.511163 | lrm 0.9686 | dt_ms 1047.7
[2026-07-06 04:37:55] step 001970 | loss 0.616977 | lrm 0.9683 | dt_ms 1021.3
[2026-07-06 04:37:56] step 001971 | loss 0.577089 | lrm 0.9680 | dt_ms 1044.4
[2026-07-06 04:37:57] step 001972 | loss 0.686863 | lrm 0.9677 | dt_ms 1019.0
[2026-07-06 04:37:58] step 001973 | loss 0.630741 | lrm 0.9675 | dt_ms 1004.2
[2026-07-06 04:37:59] step 001974 | loss 0.695228 | lrm 0.9672 | dt_ms 1023.1
[2026-07-06 04:38:00] step 001975 | loss 0.618566 | lrm 0.9669 | dt_ms 988.1
[2026-07-06 04:38:01] step 001976 | loss 0.658318 | lrm 0.9666 | dt_ms 992.0
[2026-07-06 04:38:02] step 001977 | loss 0.584470 | lrm 0.9664 | dt_ms 1064.9
[2026-07-06 04:38:03] step 001978 | loss 0.696786 | lrm 0.9661 | dt_ms 1040.1
[2026-07-06 04:38:04] step 001979 | loss 0.639613 | lrm 0.9658 | dt_ms 1032.9
[2026-07-06 04:38:05] step 001980 | loss 0.630515 | lrm 0.9655 | dt_ms 1019.2
[2026-07-06 04:38:06] step 001981 | loss 0.650443 | lrm 0.9653 | dt_ms 996.2
[2026-07-06 04:38:07] step 001982 | loss 0.665798 | lrm 0.9650 | dt_ms 1009.6
[2026-07-06 04:38:08] step 001983 | loss 0.674711 | lrm 0.9647 | dt_ms 1004.4
[2026-07-06 04:38:09] step 001984 | loss 0.611095 | lrm 0.9644 | dt_ms 1007.1
[2026-07-06 04:38:10] step 001985 | loss 0.728471 | lrm 0.9642 | dt_ms 1035.2
[2026-07-06 04:38:11] step 001986 | loss 0.630113 | lrm 0.9639 | dt_ms 1055.1
[2026-07-06 04:38:12] step 001987 | loss 0.624308 | lrm 0.9636 | dt_ms 1027.0
[2026-07-06 04:38:13] step 001988 | loss 0.692429 | lrm 0.9633 | dt_ms 1029.1
[2026-07-06 04:38:14] step 001989 | loss 0.529194 | lrm 0.9630 | dt_ms 1011.0
[2026-07-06 04:38:15] step 001990 | loss 0.609461 | lrm 0.9628 | dt_ms 1035.6
[2026-07-06 04:38:16] step 001991 | loss 0.544209 | lrm 0.9625 | dt_ms 988.6
[2026-07-06 04:38:17] step 001992 | loss 0.670852 | lrm 0.9622 | dt_ms 1028.8
[2026-07-06 04:38:18] step 001993 | loss 0.562626 | lrm 0.9619 | dt_ms 1016.6
[2026-07-06 04:38:19] step 001994 | loss 0.663361 | lrm 0.9617 | dt_ms 1035.4
[2026-07-06 04:38:20] step 001995 | loss 0.663702 | lrm 0.9614 | dt_ms 1006.6
[2026-07-06 04:38:21] step 001996 | loss 0.523368 | lrm 0.9611 | dt_ms 1050.2
[2026-07-06 04:38:22] step 001997 | loss 0.586216 | lrm 0.9608 | dt_ms 995.2
[2026-07-06 04:38:23] step 001998 | loss 0.501003 | lrm 0.9606 | dt_ms 1015.6
[2026-07-06 04:38:24] step 001999 | loss 0.578476 | lrm 0.9603 | dt_ms 1023.9
[2026-07-06 04:38:25] step 002000 | loss 0.693027 | lrm 0.9600 | dt_ms 1017.0
[2026-07-06 04:38:26] step 002001 | loss 0.623373 | lrm 0.9597 | dt_ms 1030.1
[2026-07-06 04:38:27] step 002002 | loss 0.715528 | lrm 0.9595 | dt_ms 995.9
[2026-07-06 04:38:28] step 002003 | loss 0.564110 | lrm 0.9592 | dt_ms 1059.0
[2026-07-06 04:38:29] step 002004 | loss 0.586999 | lrm 0.9589 | dt_ms 969.8
[2026-07-06 04:38:30] step 002005 | loss 0.626885 | lrm 0.9586 | dt_ms 1065.4
[2026-07-06 04:38:31] step 002006 | loss 0.749301 | lrm 0.9584 | dt_ms 1044.5
[2026-07-06 04:38:32] step 002007 | loss 0.595229 | lrm 0.9581 | dt_ms 1061.1
[2026-07-06 04:38:33] step 002008 | loss 0.546143 | lrm 0.9578 | dt_ms 1015.0
[2026-07-06 04:38:34] step 002009 | loss 0.644984 | lrm 0.9575 | dt_ms 986.9
[2026-07-06 04:38:35] step 002010 | loss 0.563694 | lrm 0.9573 | dt_ms 1051.6
[2026-07-06 04:38:37] step 002011 | loss 0.641098 | lrm 0.9570 | dt_ms 1050.9
[2026-07-06 04:38:37] step 002012 | loss 0.569777 | lrm 0.9567 | dt_ms 989.4
[2026-07-06 04:38:39] step 002013 | loss 0.658716 | lrm 0.9564 | dt_ms 1013.5
[2026-07-06 04:38:40] step 002014 | loss 0.657196 | lrm 0.9562 | dt_ms 1132.6
[2026-07-06 04:38:41] step 002015 | loss 0.665519 | lrm 0.9559 | dt_ms 1048.0
[2026-07-06 04:38:42] step 002016 | loss 0.572544 | lrm 0.9556 | dt_ms 1030.9
[2026-07-06 04:38:43] step 002017 | loss 0.765713 | lrm 0.9553 | dt_ms 995.1
[2026-07-06 04:38:44] step 002018 | loss 0.647636 | lrm 0.9551 | dt_ms 1055.2
[2026-07-06 04:38:45] step 002019 | loss 0.714715 | lrm 0.9548 | dt_ms 987.5
[2026-07-06 04:38:46] step 002020 | loss 0.675417 | lrm 0.9545 | dt_ms 1029.6
[2026-07-06 04:38:47] step 002021 | loss 0.608080 | lrm 0.9542 | dt_ms 1016.8
[2026-07-06 04:38:48] step 002022 | loss 0.498652 | lrm 0.9539 | dt_ms 1017.9
[2026-07-06 04:38:49] step 002023 | loss 0.567069 | lrm 0.9537 | dt_ms 1025.1
[2026-07-06 04:38:50] step 002024 | loss 0.512325 | lrm 0.9534 | dt_ms 1026.0
[2026-07-06 04:38:51] step 002025 | loss 0.577154 | lrm 0.9531 | dt_ms 990.3
[2026-07-06 04:38:52] step 002026 | loss 0.579707 | lrm 0.9528 | dt_ms 1038.3
[2026-07-06 04:38:53] step 002027 | loss 0.647717 | lrm 0.9526 | dt_ms 973.8
[2026-07-06 04:38:54] step 002028 | loss 0.560813 | lrm 0.9523 | dt_ms 1043.9
[2026-07-06 04:38:55] step 002029 | loss 0.541420 | lrm 0.9520 | dt_ms 1054.0
[2026-07-06 04:38:59] step 002030 | loss 0.658483 | lrm 0.9517 | dt_ms 3564.6
[2026-07-06 04:39:00] step 002031 | loss 0.629265 | lrm 0.9515 | dt_ms 1013.0
[2026-07-06 04:39:01] step 002032 | loss 0.590991 | lrm 0.9512 | dt_ms 1075.2
[2026-07-06 04:39:02] step 002033 | loss 0.636319 | lrm 0.9509 | dt_ms 995.4
[2026-07-06 04:39:03] step 002034 | loss 0.652409 | lrm 0.9506 | dt_ms 1045.6
[2026-07-06 04:39:04] step 002035 | loss 0.622348 | lrm 0.9504 | dt_ms 1003.2
[2026-07-06 04:39:05] step 002036 | loss 0.522907 | lrm 0.9501 | dt_ms 1012.3
[2026-07-06 04:39:06] step 002037 | loss 0.665305 | lrm 0.9498 | dt_ms 999.3
[2026-07-06 04:39:07] step 002038 | loss 0.695565 | lrm 0.9495 | dt_ms 1048.8
[2026-07-06 04:39:08] step 002039 | loss 0.665918 | lrm 0.9493 | dt_ms 1019.7
[2026-07-06 04:39:09] step 002040 | loss 0.595579 | lrm 0.9490 | dt_ms 1018.0
[2026-07-06 04:39:10] step 002041 | loss 0.640935 | lrm 0.9487 | dt_ms 1031.2
[2026-07-06 04:39:11] step 002042 | loss 0.822792 | lrm 0.9484 | dt_ms 1056.7
[2026-07-06 04:39:12] step 002043 | loss 0.674112 | lrm 0.9482 | dt_ms 1001.3
[2026-07-06 04:39:13] step 002044 | loss 0.661463 | lrm 0.9479 | dt_ms 1045.7
[2026-07-06 04:39:14] step 002045 | loss 0.645496 | lrm 0.9476 | dt_ms 1026.2
[2026-07-06 04:39:15] step 002046 | loss 0.651902 | lrm 0.9473 | dt_ms 1008.8
[2026-07-06 04:39:16] step 002047 | loss 0.501825 | lrm 0.9471 | dt_ms 1015.5
[2026-07-06 04:39:17] step 002048 | loss 0.552480 | lrm 0.9468 | dt_ms 997.1
[2026-07-06 04:39:18] step 002049 | loss 0.576982 | lrm 0.9465 | dt_ms 1016.0
[2026-07-06 04:39:19] step 002050 | loss 0.593084 | lrm 0.9462 | dt_ms 1042.6
[2026-07-06 04:39:20] step 002051 | loss 0.545385 | lrm 0.9460 | dt_ms 1008.0
[2026-07-06 04:39:21] step 002052 | loss 0.674283 | lrm 0.9457 | dt_ms 1002.5
[2026-07-06 04:39:22] step 002053 | loss 0.537544 | lrm 0.9454 | dt_ms 996.2
[2026-07-06 04:39:23] step 002054 | loss 0.509983 | lrm 0.9451 | dt_ms 1023.8
[2026-07-06 04:39:24] step 002055 | loss 0.671806 | lrm 0.9448 | dt_ms 1037.5
[2026-07-06 04:39:25] step 002056 | loss 0.556063 | lrm 0.9446 | dt_ms 1019.4
[2026-07-06 04:39:26] step 002057 | loss 0.548945 | lrm 0.9443 | dt_ms 996.8
[2026-07-06 04:39:27] step 002058 | loss 0.603594 | lrm 0.9440 | dt_ms 1030.4
[2026-07-06 04:39:28] step 002059 | loss 0.689835 | lrm 0.9437 | dt_ms 974.4
[2026-07-06 04:39:29] step 002060 | loss 0.622803 | lrm 0.9435 | dt_ms 999.0
[2026-07-06 04:39:30] step 002061 | loss 0.704954 | lrm 0.9432 | dt_ms 977.7
[2026-07-06 04:39:31] step 002062 | loss 0.627668 | lrm 0.9429 | dt_ms 1023.3
[2026-07-06 04:39:32] step 002063 | loss 0.576721 | lrm 0.9426 | dt_ms 1053.2
[2026-07-06 04:39:33] step 002064 | loss 0.499098 | lrm 0.9424 | dt_ms 1032.0
[2026-07-06 04:39:34] step 002065 | loss 0.560055 | lrm 0.9421 | dt_ms 1023.7
[2026-07-06 04:39:35] step 002066 | loss 0.548239 | lrm 0.9418 | dt_ms 1016.1
[2026-07-06 04:39:36] step 002067 | loss 0.659291 | lrm 0.9415 | dt_ms 1009.0
[2026-07-06 04:39:37] step 002068 | loss 0.620390 | lrm 0.9413 | dt_ms 975.2
[2026-07-06 04:39:38] step 002069 | loss 0.631594 | lrm 0.9410 | dt_ms 1009.8
[2026-07-06 04:39:39] step 002070 | loss 0.623747 | lrm 0.9407 | dt_ms 1113.5
[2026-07-06 04:39:40] step 002071 | loss 0.483590 | lrm 0.9404 | dt_ms 1000.9
[2026-07-06 04:39:41] step 002072 | loss 0.551438 | lrm 0.9402 | dt_ms 1044.5
[2026-07-06 04:39:42] step 002073 | loss 0.658701 | lrm 0.9399 | dt_ms 1018.6
[2026-07-06 04:39:43] step 002074 | loss 0.786650 | lrm 0.9396 | dt_ms 1015.8
[2026-07-06 04:39:44] step 002075 | loss 0.544805 | lrm 0.9393 | dt_ms 993.1
[2026-07-06 04:39:45] step 002076 | loss 0.619381 | lrm 0.9391 | dt_ms 1005.3
[2026-07-06 04:39:46] step 002077 | loss 0.619105 | lrm 0.9388 | dt_ms 970.2
[2026-07-06 04:39:47] step 002078 | loss 0.571817 | lrm 0.9385 | dt_ms 1032.0
[2026-07-06 04:39:48] step 002079 | loss 0.592724 | lrm 0.9382 | dt_ms 999.2
[2026-07-06 04:39:49] step 002080 | loss 0.646525 | lrm 0.9380 | dt_ms 1046.2
[2026-07-06 04:39:50] step 002081 | loss 0.521981 | lrm 0.9377 | dt_ms 998.4
[2026-07-06 04:39:54] step 002082 | loss 0.669177 | lrm 0.9374 | dt_ms 3194.7
[2026-07-06 04:39:55] step 002083 | loss 0.638614 | lrm 0.9371 | dt_ms 1004.7
[2026-07-06 04:39:56] step 002084 | loss 0.578285 | lrm 0.9369 | dt_ms 993.2
[2026-07-06 04:39:57] step 002085 | loss 0.714945 | lrm 0.9366 | dt_ms 992.3
[2026-07-06 04:39:58] step 002086 | loss 0.656019 | lrm 0.9363 | dt_ms 1017.8
[2026-07-06 04:39:59] step 002087 | loss 0.564618 | lrm 0.9360 | dt_ms 1035.9
[2026-07-06 04:40:00] step 002088 | loss 0.581279 | lrm 0.9357 | dt_ms 1024.9
[2026-07-06 04:40:01] step 002089 | loss 0.629123 | lrm 0.9355 | dt_ms 1012.8
[2026-07-06 04:40:02] step 002090 | loss 0.698177 | lrm 0.9352 | dt_ms 1015.3
[2026-07-06 04:40:03] step 002091 | loss 0.567554 | lrm 0.9349 | dt_ms 1037.4
[2026-07-06 04:40:04] step 002092 | loss 0.603490 | lrm 0.9346 | dt_ms 1004.3
[2026-07-06 04:40:05] step 002093 | loss 0.644505 | lrm 0.9344 | dt_ms 1033.2
[2026-07-06 04:40:06] step 002094 | loss 0.583524 | lrm 0.9341 | dt_ms 993.0
[2026-07-06 04:40:07] step 002095 | loss 0.665611 | lrm 0.9338 | dt_ms 1088.1
[2026-07-06 04:40:08] step 002096 | loss 0.664791 | lrm 0.9335 | dt_ms 1013.8
[2026-07-06 04:40:09] step 002097 | loss 0.579641 | lrm 0.9333 | dt_ms 1031.8
[2026-07-06 04:40:10] step 002098 | loss 0.568248 | lrm 0.9330 | dt_ms 1020.7
[2026-07-06 04:40:11] step 002099 | loss 0.609069 | lrm 0.9327 | dt_ms 1024.8
[2026-07-06 04:40:12] step 002100 | loss 0.570743 | lrm 0.9324 | dt_ms 1025.7
[2026-07-06 04:40:13] step 002101 | loss 0.605640 | lrm 0.9322 | dt_ms 1027.5
[2026-07-06 04:40:14] step 002102 | loss 0.563537 | lrm 0.9319 | dt_ms 1008.9
[2026-07-06 04:40:15] step 002103 | loss 0.575049 | lrm 0.9316 | dt_ms 1059.7
[2026-07-06 04:40:16] step 002104 | loss 0.569056 | lrm 0.9313 | dt_ms 1017.8
[2026-07-06 04:40:17] step 002105 | loss 0.604037 | lrm 0.9311 | dt_ms 1020.3
[2026-07-06 04:40:18] step 002106 | loss 0.552847 | lrm 0.9308 | dt_ms 1004.7
[2026-07-06 04:40:19] step 002107 | loss 0.570088 | lrm 0.9305 | dt_ms 1022.6
[2026-07-06 04:40:20] step 002108 | loss 0.631676 | lrm 0.9302 | dt_ms 1021.0
[2026-07-06 04:40:21] step 002109 | loss 0.655076 | lrm 0.9300 | dt_ms 1059.1
[2026-07-06 04:40:22] step 002110 | loss 0.605093 | lrm 0.9297 | dt_ms 1004.6
[2026-07-06 04:40:23] step 002111 | loss 0.530802 | lrm 0.9294 | dt_ms 1006.3
[2026-07-06 04:40:24] step 002112 | loss 0.656499 | lrm 0.9291 | dt_ms 988.0
[2026-07-06 04:40:25] step 002113 | loss 0.583757 | lrm 0.9289 | dt_ms 1047.9
[2026-07-06 04:40:26] step 002114 | loss 0.585547 | lrm 0.9286 | dt_ms 1022.2
[2026-07-06 04:40:27] step 002115 | loss 0.528338 | lrm 0.9283 | dt_ms 1093.0
[2026-07-06 04:40:28] step 002116 | loss 0.646403 | lrm 0.9280 | dt_ms 1006.8
[2026-07-06 04:40:30] step 002117 | loss 0.594090 | lrm 0.9278 | dt_ms 1092.4
[2026-07-06 04:40:31] step 002118 | loss 0.562726 | lrm 0.9275 | dt_ms 1023.5
[2026-07-06 04:40:32] step 002119 | loss 0.644407 | lrm 0.9272 | dt_ms 989.3
[2026-07-06 04:40:33] step 002120 | loss 0.530043 | lrm 0.9269 | dt_ms 1032.6
[2026-07-06 04:40:34] step 002121 | loss 0.707765 | lrm 0.9266 | dt_ms 986.6
[2026-07-06 04:40:35] step 002122 | loss 0.565137 | lrm 0.9264 | dt_ms 969.6
[2026-07-06 04:40:36] step 002123 | loss 0.553627 | lrm 0.9261 | dt_ms 1023.8
[2026-07-06 04:40:37] step 002124 | loss 0.580166 | lrm 0.9258 | dt_ms 1026.4
[2026-07-06 04:40:38] step 002125 | loss 0.627321 | lrm 0.9255 | dt_ms 987.0
[2026-07-06 04:40:39] step 002126 | loss 0.666073 | lrm 0.9253 | dt_ms 1009.8
[2026-07-06 04:40:40] step 002127 | loss 0.640370 | lrm 0.9250 | dt_ms 1014.6
[2026-07-06 04:40:41] step 002128 | loss 0.610167 | lrm 0.9247 | dt_ms 1056.0
[2026-07-06 04:40:42] step 002129 | loss 0.641190 | lrm 0.9244 | dt_ms 1007.6
[2026-07-06 04:40:43] step 002130 | loss 0.545160 | lrm 0.9242 | dt_ms 1023.0
[2026-07-06 04:40:44] step 002131 | loss 0.504609 | lrm 0.9239 | dt_ms 1023.8
[2026-07-06 04:40:45] step 002132 | loss 0.645182 | lrm 0.9236 | dt_ms 1004.9
[2026-07-06 04:40:46] step 002133 | loss 0.632383 | lrm 0.9233 | dt_ms 1015.6
[2026-07-06 04:40:47] step 002134 | loss 0.643292 | lrm 0.9231 | dt_ms 988.8
[2026-07-06 04:40:48] step 002135 | loss 0.586358 | lrm 0.9228 | dt_ms 1061.7
[2026-07-06 04:40:49] step 002136 | loss 0.617436 | lrm 0.9225 | dt_ms 1043.7
[2026-07-06 04:40:50] step 002137 | loss 0.599837 | lrm 0.9222 | dt_ms 1008.2
[2026-07-06 04:40:51] step 002138 | loss 0.572697 | lrm 0.9220 | dt_ms 1034.8
[2026-07-06 04:40:52] step 002139 | loss 0.496909 | lrm 0.9217 | dt_ms 1014.1
[2026-07-06 04:40:53] step 002140 | loss 0.619956 | lrm 0.9214 | dt_ms 1004.5
[2026-07-06 04:40:54] step 002141 | loss 0.556352 | lrm 0.9211 | dt_ms 1038.9
[2026-07-06 04:40:55] step 002142 | loss 0.708851 | lrm 0.9209 | dt_ms 997.8
[2026-07-06 04:40:56] step 002143 | loss 0.640129 | lrm 0.9206 | dt_ms 981.8
[2026-07-06 04:40:57] step 002144 | loss 0.618396 | lrm 0.9203 | dt_ms 1026.3
[2026-07-06 04:40:58] step 002145 | loss 0.634823 | lrm 0.9200 | dt_ms 1011.8
[2026-07-06 04:40:59] step 002146 | loss 0.657603 | lrm 0.9198 | dt_ms 1027.7
[2026-07-06 04:41:00] step 002147 | loss 0.618538 | lrm 0.9195 | dt_ms 1061.2
[2026-07-06 04:41:01] step 002148 | loss 0.549094 | lrm 0.9192 | dt_ms 1035.2
[2026-07-06 04:41:02] step 002149 | loss 0.667364 | lrm 0.9189 | dt_ms 1055.3
[2026-07-06 04:41:03] step 002150 | loss 0.693687 | lrm 0.9187 | dt_ms 1011.9
[2026-07-06 04:41:04] step 002151 | loss 0.646092 | lrm 0.9184 | dt_ms 982.8
[2026-07-06 04:41:05] step 002152 | loss 0.646461 | lrm 0.9181 | dt_ms 1039.9
[2026-07-06 04:41:06] step 002153 | loss 0.644726 | lrm 0.9178 | dt_ms 1005.6
[2026-07-06 04:41:07] step 002154 | loss 0.647731 | lrm 0.9175 | dt_ms 1024.7
[2026-07-06 04:41:08] step 002155 | loss 0.623911 | lrm 0.9173 | dt_ms 997.9
[2026-07-06 04:41:09] step 002156 | loss 0.711971 | lrm 0.9170 | dt_ms 995.2
[2026-07-06 04:41:10] step 002157 | loss 0.572159 | lrm 0.9167 | dt_ms 1017.9
[2026-07-06 04:41:11] step 002158 | loss 0.568356 | lrm 0.9164 | dt_ms 1010.1
[2026-07-06 04:41:12] step 002159 | loss 0.612076 | lrm 0.9162 | dt_ms 987.7
[2026-07-06 04:41:13] step 002160 | loss 0.570421 | lrm 0.9159 | dt_ms 1011.3
[2026-07-06 04:41:14] step 002161 | loss 0.567413 | lrm 0.9156 | dt_ms 1005.3
[2026-07-06 04:41:15] step 002162 | loss 0.608087 | lrm 0.9153 | dt_ms 993.8
[2026-07-06 04:41:16] step 002163 | loss 0.645551 | lrm 0.9151 | dt_ms 1013.7
[2026-07-06 04:41:17] step 002164 | loss 0.477365 | lrm 0.9148 | dt_ms 1011.1
[2026-07-06 04:41:18] step 002165 | loss 0.599729 | lrm 0.9145 | dt_ms 993.1
[2026-07-06 04:41:19] step 002166 | loss 0.603624 | lrm 0.9142 | dt_ms 1101.6
[2026-07-06 04:41:20] step 002167 | loss 0.626574 | lrm 0.9140 | dt_ms 1011.6
[2026-07-06 04:41:21] step 002168 | loss 0.580248 | lrm 0.9137 | dt_ms 1066.7
[2026-07-06 04:41:22] step 002169 | loss 0.531849 | lrm 0.9134 | dt_ms 1039.7
[2026-07-06 04:41:23] step 002170 | loss 0.631230 | lrm 0.9131 | dt_ms 1006.6
[2026-07-06 04:41:24] step 002171 | loss 0.493814 | lrm 0.9129 | dt_ms 998.2
[2026-07-06 04:41:26] step 002172 | loss 0.588225 | lrm 0.9126 | dt_ms 1033.9
[2026-07-06 04:41:27] step 002173 | loss 0.597268 | lrm 0.9123 | dt_ms 989.9
[2026-07-06 04:41:28] step 002174 | loss 0.651026 | lrm 0.9120 | dt_ms 1031.4
[2026-07-06 04:41:29] step 002175 | loss 0.645002 | lrm 0.9118 | dt_ms 996.2
[2026-07-06 04:41:30] step 002176 | loss 0.623140 | lrm 0.9115 | dt_ms 990.0
[2026-07-06 04:41:31] step 002177 | loss 0.660216 | lrm 0.9112 | dt_ms 986.6
[2026-07-06 04:41:32] step 002178 | loss 0.480472 | lrm 0.9109 | dt_ms 1028.3
[2026-07-06 04:41:33] step 002179 | loss 0.622946 | lrm 0.9107 | dt_ms 1009.8
[2026-07-06 04:41:34] step 002180 | loss 0.696449 | lrm 0.9104 | dt_ms 1049.8
[2026-07-06 04:41:35] step 002181 | loss 0.685002 | lrm 0.9101 | dt_ms 1005.0
[2026-07-06 04:41:36] step 002182 | loss 0.681519 | lrm 0.9098 | dt_ms 1029.3
[2026-07-06 04:41:37] step 002183 | loss 0.672322 | lrm 0.9096 | dt_ms 1015.2
[2026-07-06 04:41:38] step 002184 | loss 0.649643 | lrm 0.9093 | dt_ms 1010.9
[2026-07-06 04:41:39] step 002185 | loss 0.540595 | lrm 0.9090 | dt_ms 1041.2
[2026-07-06 04:41:40] step 002186 | loss 0.670005 | lrm 0.9087 | dt_ms 1015.1
[2026-07-06 04:41:41] step 002187 | loss 0.650327 | lrm 0.9084 | dt_ms 1039.9
[2026-07-06 04:41:42] step 002188 | loss 0.631168 | lrm 0.9082 | dt_ms 1016.7
[2026-07-06 04:41:43] step 002189 | loss 0.558860 | lrm 0.9079 | dt_ms 1025.5
[2026-07-06 04:41:44] step 002190 | loss 0.622482 | lrm 0.9076 | dt_ms 1023.2
[2026-07-06 04:41:45] step 002191 | loss 0.655274 | lrm 0.9073 | dt_ms 1045.9
[2026-07-06 04:41:46] step 002192 | loss 0.624932 | lrm 0.9071 | dt_ms 1018.7
[2026-07-06 04:41:47] step 002193 | loss 0.507172 | lrm 0.9068 | dt_ms 1042.4
[2026-07-06 04:41:48] step 002194 | loss 0.500184 | lrm 0.9065 | dt_ms 1036.6
[2026-07-06 04:41:49] step 002195 | loss 0.640205 | lrm 0.9062 | dt_ms 1037.6
[2026-07-06 04:41:50] step 002196 | loss 0.562978 | lrm 0.9060 | dt_ms 1015.8
[2026-07-06 04:41:51] step 002197 | loss 0.551975 | lrm 0.9057 | dt_ms 985.9
[2026-07-06 04:41:52] step 002198 | loss 0.704568 | lrm 0.9054 | dt_ms 1026.4
[2026-07-06 04:41:53] step 002199 | loss 0.561630 | lrm 0.9051 | dt_ms 991.7
[2026-07-06 04:41:57] step 002200 | loss 0.570509 | lrm 0.9049 | dt_ms 3635.7
[2026-07-06 04:41:58] step 002201 | loss 0.568773 | lrm 0.9046 | dt_ms 1026.5
[2026-07-06 04:41:59] step 002202 | loss 0.637047 | lrm 0.9043 | dt_ms 1043.7
[2026-07-06 04:42:00] step 002203 | loss 0.502596 | lrm 0.9040 | dt_ms 1004.6
[2026-07-06 04:42:01] step 002204 | loss 0.596264 | lrm 0.9038 | dt_ms 983.0
[2026-07-06 04:42:02] step 002205 | loss 0.663689 | lrm 0.9035 | dt_ms 994.6
[2026-07-06 04:42:03] step 002206 | loss 0.464726 | lrm 0.9032 | dt_ms 991.8
[2026-07-06 04:42:04] step 002207 | loss 0.469058 | lrm 0.9029 | dt_ms 988.0
[2026-07-06 04:42:05] step 002208 | loss 0.617043 | lrm 0.9027 | dt_ms 1085.5
[2026-07-06 04:42:08] step 002209 | loss 0.506386 | lrm 0.9024 | dt_ms 3005.4
[2026-07-06 04:42:09] step 002210 | loss 0.702058 | lrm 0.9021 | dt_ms 1021.2
[2026-07-06 04:42:10] step 002211 | loss 0.565364 | lrm 0.9018 | dt_ms 991.3
[2026-07-06 04:42:11] step 002212 | loss 0.646896 | lrm 0.9016 | dt_ms 1037.5
[2026-07-06 04:42:12] step 002213 | loss 0.516413 | lrm 0.9013 | dt_ms 991.4
[2026-07-06 04:42:13] step 002214 | loss 0.643458 | lrm 0.9010 | dt_ms 1051.9
[2026-07-06 04:42:14] step 002215 | loss 0.549423 | lrm 0.9007 | dt_ms 983.7
[2026-07-06 04:42:15] step 002216 | loss 0.617023 | lrm 0.9004 | dt_ms 1036.6
[2026-07-06 04:42:16] step 002217 | loss 0.630491 | lrm 0.9002 | dt_ms 1068.2
[2026-07-06 04:42:17] step 002218 | loss 0.599623 | lrm 0.8999 | dt_ms 1031.6
[2026-07-06 04:42:18] step 002219 | loss 0.609871 | lrm 0.8996 | dt_ms 985.8
[2026-07-06 04:42:19] step 002220 | loss 0.613100 | lrm 0.8993 | dt_ms 1038.4
[2026-07-06 04:42:20] step 002221 | loss 0.645785 | lrm 0.8991 | dt_ms 982.9
[2026-07-06 04:42:21] step 002222 | loss 0.582413 | lrm 0.8988 | dt_ms 1038.0
[2026-07-06 04:42:22] step 002223 | loss 0.610811 | lrm 0.8985 | dt_ms 1006.9
[2026-07-06 04:42:23] step 002224 | loss 0.690099 | lrm 0.8982 | dt_ms 1032.5
[2026-07-06 04:42:24] step 002225 | loss 0.558381 | lrm 0.8980 | dt_ms 997.9
[2026-07-06 04:42:25] step 002226 | loss 0.583352 | lrm 0.8977 | dt_ms 1035.9
[2026-07-06 04:42:26] step 002227 | loss 0.583319 | lrm 0.8974 | dt_ms 1047.5
[2026-07-06 04:42:27] step 002228 | loss 0.567073 | lrm 0.8971 | dt_ms 1041.2
[2026-07-06 04:42:28] step 002229 | loss 0.692057 | lrm 0.8969 | dt_ms 1067.8
[2026-07-06 04:42:29] step 002230 | loss 0.587638 | lrm 0.8966 | dt_ms 1048.2
[2026-07-06 04:42:30] step 002231 | loss 0.600689 | lrm 0.8963 | dt_ms 1043.7
[2026-07-06 04:42:31] step 002232 | loss 0.603871 | lrm 0.8960 | dt_ms 1022.3
[2026-07-06 04:42:32] step 002233 | loss 0.556925 | lrm 0.8958 | dt_ms 1004.9
[2026-07-06 04:42:33] step 002234 | loss 0.532364 | lrm 0.8955 | dt_ms 1073.3
[2026-07-06 04:42:34] step 002235 | loss 0.564983 | lrm 0.8952 | dt_ms 987.2
[2026-07-06 04:42:36] step 002236 | loss 0.608167 | lrm 0.8949 | dt_ms 1030.5
[2026-07-06 04:42:37] step 002237 | loss 0.554114 | lrm 0.8947 | dt_ms 1047.7
[2026-07-06 04:42:38] step 002238 | loss 0.624207 | lrm 0.8944 | dt_ms 1031.6
[2026-07-06 04:42:39] step 002239 | loss 0.575372 | lrm 0.8941 | dt_ms 1062.5
[2026-07-06 04:42:40] step 002240 | loss 0.573387 | lrm 0.8938 | dt_ms 986.3
[2026-07-06 04:42:41] step 002241 | loss 0.652401 | lrm 0.8936 | dt_ms 1029.9
[2026-07-06 04:42:42] step 002242 | loss 0.675000 | lrm 0.8933 | dt_ms 996.7
[2026-07-06 04:42:43] step 002243 | loss 0.487569 | lrm 0.8930 | dt_ms 1050.0
[2026-07-06 04:42:44] step 002244 | loss 0.534042 | lrm 0.8927 | dt_ms 1010.9
[2026-07-06 04:42:45] step 002245 | loss 0.638014 | lrm 0.8925 | dt_ms 1029.2
[2026-07-06 04:42:46] step 002246 | loss 0.629266 | lrm 0.8922 | dt_ms 1022.2
[2026-07-06 04:42:47] step 002247 | loss 0.607844 | lrm 0.8919 | dt_ms 1063.6
[2026-07-06 04:42:48] step 002248 | loss 0.547974 | lrm 0.8916 | dt_ms 1026.2
[2026-07-06 04:42:49] step 002249 | loss 0.558600 | lrm 0.8913 | dt_ms 1032.2
[2026-07-06 04:42:50] step 002250 | loss 0.605015 | lrm 0.8911 | dt_ms 1012.0
[2026-07-06 04:42:51] step 002251 | loss 0.652859 | lrm 0.8908 | dt_ms 1012.2
[2026-07-06 04:42:52] step 002252 | loss 0.588260 | lrm 0.8905 | dt_ms 988.0
[2026-07-06 04:42:53] step 002253 | loss 0.547638 | lrm 0.8902 | dt_ms 1025.0
[2026-07-06 04:42:54] step 002254 | loss 0.663779 | lrm 0.8900 | dt_ms 978.2
[2026-07-06 04:42:55] step 002255 | loss 0.615251 | lrm 0.8897 | dt_ms 1018.8
[2026-07-06 04:42:56] step 002256 | loss 0.525163 | lrm 0.8894 | dt_ms 1025.8
[2026-07-06 04:42:57] step 002257 | loss 0.604867 | lrm 0.8891 | dt_ms 1007.4
[2026-07-06 04:42:58] step 002258 | loss 0.548309 | lrm 0.8889 | dt_ms 1031.8
[2026-07-06 04:42:59] step 002259 | loss 0.543733 | lrm 0.8886 | dt_ms 1022.2
[2026-07-06 04:43:00] step 002260 | loss 0.721115 | lrm 0.8883 | dt_ms 1043.8
[2026-07-06 04:43:01] step 002261 | loss 0.555153 | lrm 0.8880 | dt_ms 1009.4
[2026-07-06 04:43:02] step 002262 | loss 0.652508 | lrm 0.8878 | dt_ms 1008.2
[2026-07-06 04:43:03] step 002263 | loss 0.558715 | lrm 0.8875 | dt_ms 1011.1
[2026-07-06 04:43:07] step 002264 | loss 0.617881 | lrm 0.8872 | dt_ms 3660.7
[2026-07-06 04:43:08] step 002265 | loss 0.621718 | lrm 0.8869 | dt_ms 993.1
[2026-07-06 04:43:09] step 002266 | loss 0.577969 | lrm 0.8867 | dt_ms 1099.8
[2026-07-06 04:43:10] step 002267 | loss 0.579692 | lrm 0.8864 | dt_ms 1020.8
[2026-07-06 04:43:11] step 002268 | loss 0.668536 | lrm 0.8861 | dt_ms 1017.4
[2026-07-06 04:43:12] step 002269 | loss 0.486183 | lrm 0.8858 | dt_ms 1013.9
[2026-07-06 04:43:13] step 002270 | loss 0.574131 | lrm 0.8856 | dt_ms 995.5
[2026-07-06 04:43:17] step 002271 | loss 0.677875 | lrm 0.8853 | dt_ms 3626.5
[2026-07-06 04:43:18] step 002272 | loss 0.630145 | lrm 0.8850 | dt_ms 1039.3
[2026-07-06 04:43:19] step 002273 | loss 0.586456 | lrm 0.8847 | dt_ms 1016.9
[2026-07-06 04:43:20] step 002274 | loss 0.557479 | lrm 0.8845 | dt_ms 1009.9
[2026-07-06 04:43:21] step 002275 | loss 0.471181 | lrm 0.8842 | dt_ms 1038.6
[2026-07-06 04:43:22] step 002276 | loss 0.612567 | lrm 0.8839 | dt_ms 998.5
[2026-07-06 04:43:23] step 002277 | loss 0.562909 | lrm 0.8836 | dt_ms 1090.3
[2026-07-06 04:43:24] step 002278 | loss 0.602873 | lrm 0.8834 | dt_ms 959.9
[2026-07-06 04:43:25] step 002279 | loss 0.676761 | lrm 0.8831 | dt_ms 1010.0
[2026-07-06 04:43:26] step 002280 | loss 0.598916 | lrm 0.8828 | dt_ms 1012.5
[2026-07-06 04:43:27] step 002281 | loss 0.661405 | lrm 0.8825 | dt_ms 989.0
[2026-07-06 04:43:28] step 002282 | loss 0.592887 | lrm 0.8822 | dt_ms 975.2
[2026-07-06 04:43:29] step 002283 | loss 0.639161 | lrm 0.8820 | dt_ms 1003.0
[2026-07-06 04:43:30] step 002284 | loss 0.491183 | lrm 0.8817 | dt_ms 991.3
[2026-07-06 04:43:31] step 002285 | loss 0.606773 | lrm 0.8814 | dt_ms 972.5
[2026-07-06 04:43:32] step 002286 | loss 0.666627 | lrm 0.8811 | dt_ms 1004.1
[2026-07-06 04:43:33] step 002287 | loss 0.493698 | lrm 0.8809 | dt_ms 999.6
[2026-07-06 04:43:34] step 002288 | loss 0.525139 | lrm 0.8806 | dt_ms 1003.7
[2026-07-06 04:43:35] step 002289 | loss 0.614505 | lrm 0.8803 | dt_ms 975.3
[2026-07-06 04:43:36] step 002290 | loss 0.482433 | lrm 0.8800 | dt_ms 1036.3
[2026-07-06 04:43:37] step 002291 | loss 0.563457 | lrm 0.8798 | dt_ms 1011.3
[2026-07-06 04:43:38] step 002292 | loss 0.565721 | lrm 0.8795 | dt_ms 1024.3
[2026-07-06 04:43:39] step 002293 | loss 0.609105 | lrm 0.8792 | dt_ms 990.1
[2026-07-06 04:43:40] step 002294 | loss 0.606769 | lrm 0.8789 | dt_ms 1101.0
[2026-07-06 04:43:41] step 002295 | loss 0.526764 | lrm 0.8787 | dt_ms 1000.8
[2026-07-06 04:43:42] step 002296 | loss 0.554685 | lrm 0.8784 | dt_ms 1038.1
[2026-07-06 04:43:43] step 002297 | loss 0.592764 | lrm 0.8781 | dt_ms 1033.5
[2026-07-06 04:43:44] step 002298 | loss 0.535890 | lrm 0.8778 | dt_ms 1028.3
[2026-07-06 04:43:45] step 002299 | loss 0.519153 | lrm 0.8776 | dt_ms 994.3
[2026-07-06 04:43:46] step 002300 | loss 0.685631 | lrm 0.8773 | dt_ms 1042.6
[2026-07-06 04:43:47] step 002301 | loss 0.616266 | lrm 0.8770 | dt_ms 1129.2
[2026-07-06 04:43:48] step 002302 | loss 0.685181 | lrm 0.8767 | dt_ms 1018.4
[2026-07-06 04:43:49] step 002303 | loss 0.597691 | lrm 0.8765 | dt_ms 1054.7
[2026-07-06 04:43:50] step 002304 | loss 0.648552 | lrm 0.8762 | dt_ms 1020.1
[2026-07-06 04:43:51] step 002305 | loss 0.480688 | lrm 0.8759 | dt_ms 988.0
[2026-07-06 04:43:52] step 002306 | loss 0.538262 | lrm 0.8756 | dt_ms 1008.4
[2026-07-06 04:43:53] step 002307 | loss 0.565253 | lrm 0.8754 | dt_ms 993.8
[2026-07-06 04:43:54] step 002308 | loss 0.639168 | lrm 0.8751 | dt_ms 983.4
[2026-07-06 04:43:55] step 002309 | loss 0.590986 | lrm 0.8748 | dt_ms 1011.7
[2026-07-06 04:43:56] step 002310 | loss 0.535377 | lrm 0.8745 | dt_ms 994.0
[2026-07-06 04:43:57] step 002311 | loss 0.695999 | lrm 0.8743 | dt_ms 1033.4
[2026-07-06 04:43:58] step 002312 | loss 0.607959 | lrm 0.8740 | dt_ms 1041.5
[2026-07-06 04:44:02] step 002313 | loss 0.603221 | lrm 0.8737 | dt_ms 3628.2
[2026-07-06 04:44:03] step 002314 | loss 0.553999 | lrm 0.8734 | dt_ms 1006.2
[2026-07-06 04:44:04] step 002315 | loss 0.549936 | lrm 0.8731 | dt_ms 1009.4
[2026-07-06 04:44:05] step 002316 | loss 0.583843 | lrm 0.8729 | dt_ms 972.3
[2026-07-06 04:44:06] step 002317 | loss 0.645886 | lrm 0.8726 | dt_ms 1031.9
[2026-07-06 04:44:07] step 002318 | loss 0.645440 | lrm 0.8723 | dt_ms 1017.6
[2026-07-06 04:44:08] step 002319 | loss 0.664819 | lrm 0.8720 | dt_ms 979.6
[2026-07-06 04:44:09] step 002320 | loss 0.684606 | lrm 0.8718 | dt_ms 982.8
[2026-07-06 04:44:10] step 002321 | loss 0.557742 | lrm 0.8715 | dt_ms 988.6
[2026-07-06 04:44:11] step 002322 | loss 0.617286 | lrm 0.8712 | dt_ms 1064.3
[2026-07-06 04:44:12] step 002323 | loss 0.513984 | lrm 0.8709 | dt_ms 988.4
[2026-07-06 04:44:13] step 002324 | loss 0.674181 | lrm 0.8707 | dt_ms 1025.4
[2026-07-06 04:44:14] step 002325 | loss 0.737524 | lrm 0.8704 | dt_ms 1008.8
[2026-07-06 04:44:15] step 002326 | loss 0.658693 | lrm 0.8701 | dt_ms 1040.4
[2026-07-06 04:44:16] step 002327 | loss 0.691094 | lrm 0.8698 | dt_ms 1025.9
[2026-07-06 04:44:17] step 002328 | loss 0.574871 | lrm 0.8696 | dt_ms 1052.4
[2026-07-06 04:44:18] step 002329 | loss 0.650102 | lrm 0.8693 | dt_ms 1053.3
[2026-07-06 04:44:19] step 002330 | loss 0.578296 | lrm 0.8690 | dt_ms 1054.0
[2026-07-06 04:44:20] step 002331 | loss 0.470664 | lrm 0.8687 | dt_ms 986.8
[2026-07-06 04:44:21] step 002332 | loss 0.539810 | lrm 0.8685 | dt_ms 1052.5
[2026-07-06 04:44:22] step 002333 | loss 0.566518 | lrm 0.8682 | dt_ms 1009.6
[2026-07-06 04:44:23] step 002334 | loss 0.548101 | lrm 0.8679 | dt_ms 985.9
[2026-07-06 04:44:24] step 002335 | loss 0.550988 | lrm 0.8676 | dt_ms 1033.3
[2026-07-06 04:44:25] step 002336 | loss 0.555359 | lrm 0.8674 | dt_ms 1005.8
[2026-07-06 04:44:26] step 002337 | loss 0.591246 | lrm 0.8671 | dt_ms 1029.7
[2026-07-06 04:44:27] step 002338 | loss 0.574185 | lrm 0.8668 | dt_ms 1007.4
[2026-07-06 04:44:28] step 002339 | loss 0.470143 | lrm 0.8665 | dt_ms 1022.1
[2026-07-06 04:44:29] step 002340 | loss 0.524299 | lrm 0.8663 | dt_ms 1037.4
[2026-07-06 04:44:30] step 002341 | loss 0.602434 | lrm 0.8660 | dt_ms 996.0
[2026-07-06 04:44:31] step 002342 | loss 0.566238 | lrm 0.8657 | dt_ms 975.1
[2026-07-06 04:44:32] step 002343 | loss 0.544336 | lrm 0.8654 | dt_ms 1016.2
[2026-07-06 04:44:33] step 002344 | loss 0.670734 | lrm 0.8652 | dt_ms 1060.7
[2026-07-06 04:44:34] step 002345 | loss 0.630802 | lrm 0.8649 | dt_ms 990.9
[2026-07-06 04:44:35] step 002346 | loss 0.537373 | lrm 0.8646 | dt_ms 1051.6
[2026-07-06 04:44:36] step 002347 | loss 0.511785 | lrm 0.8643 | dt_ms 1010.5
[2026-07-06 04:44:37] step 002348 | loss 0.520494 | lrm 0.8640 | dt_ms 1030.0
[2026-07-06 04:44:38] step 002349 | loss 0.589205 | lrm 0.8638 | dt_ms 1010.5
[2026-07-06 04:44:40] step 002350 | loss 0.580300 | lrm 0.8635 | dt_ms 1081.2
[2026-07-06 04:44:41] step 002351 | loss 0.635083 | lrm 0.8632 | dt_ms 1064.2
[2026-07-06 04:44:42] step 002352 | loss 0.599263 | lrm 0.8629 | dt_ms 1033.6
[2026-07-06 04:44:43] step 002353 | loss 0.594209 | lrm 0.8627 | dt_ms 1043.3
[2026-07-06 04:44:44] step 002354 | loss 0.565658 | lrm 0.8624 | dt_ms 1102.8
[2026-07-06 04:44:45] step 002355 | loss 0.600450 | lrm 0.8621 | dt_ms 984.5
[2026-07-06 04:44:46] step 002356 | loss 0.727583 | lrm 0.8618 | dt_ms 994.8
[2026-07-06 04:44:47] step 002357 | loss 0.578636 | lrm 0.8616 | dt_ms 989.2
[2026-07-06 04:44:48] step 002358 | loss 0.524331 | lrm 0.8613 | dt_ms 991.1
[2026-07-06 04:44:49] step 002359 | loss 0.653493 | lrm 0.8610 | dt_ms 1012.8
[2026-07-06 04:44:50] step 002360 | loss 0.624547 | lrm 0.8607 | dt_ms 1035.3
[2026-07-06 04:44:51] step 002361 | loss 0.648089 | lrm 0.8605 | dt_ms 1002.3
[2026-07-06 04:44:52] step 002362 | loss 0.588697 | lrm 0.8602 | dt_ms 1031.1
[2026-07-06 04:44:53] step 002363 | loss 0.646154 | lrm 0.8599 | dt_ms 1003.2
[2026-07-06 04:44:54] step 002364 | loss 0.568976 | lrm 0.8596 | dt_ms 1004.3
[2026-07-06 04:44:55] step 002365 | loss 0.578534 | lrm 0.8594 | dt_ms 1024.9
[2026-07-06 04:44:56] step 002366 | loss 0.620480 | lrm 0.8591 | dt_ms 994.3
[2026-07-06 04:44:57] step 002367 | loss 0.580581 | lrm 0.8588 | dt_ms 1004.3
[2026-07-06 04:44:58] step 002368 | loss 0.618251 | lrm 0.8585 | dt_ms 1025.7
[2026-07-06 04:44:59] step 002369 | loss 0.571301 | lrm 0.8583 | dt_ms 1002.1
[2026-07-06 04:45:00] step 002370 | loss 0.608431 | lrm 0.8580 | dt_ms 1013.2
[2026-07-06 04:45:01] step 002371 | loss 0.602596 | lrm 0.8577 | dt_ms 1007.1
[2026-07-06 04:45:02] step 002372 | loss 0.555812 | lrm 0.8574 | dt_ms 1008.1
[2026-07-06 04:45:03] step 002373 | loss 0.527495 | lrm 0.8572 | dt_ms 985.8
[2026-07-06 04:45:04] step 002374 | loss 0.594703 | lrm 0.8569 | dt_ms 978.7
[2026-07-06 04:45:05] step 002375 | loss 0.564696 | lrm 0.8566 | dt_ms 1043.1
[2026-07-06 04:45:06] step 002376 | loss 0.580422 | lrm 0.8563 | dt_ms 1015.7
[2026-07-06 04:45:07] step 002377 | loss 0.594029 | lrm 0.8561 | dt_ms 1008.0
[2026-07-06 04:45:08] step 002378 | loss 0.585454 | lrm 0.8558 | dt_ms 992.3
[2026-07-06 04:45:09] step 002379 | loss 0.522425 | lrm 0.8555 | dt_ms 1011.4
[2026-07-06 04:45:10] step 002380 | loss 0.643968 | lrm 0.8552 | dt_ms 1032.4
[2026-07-06 04:45:11] step 002381 | loss 0.646313 | lrm 0.8549 | dt_ms 995.3
[2026-07-06 04:45:12] step 002382 | loss 0.612385 | lrm 0.8547 | dt_ms 1034.9
[2026-07-06 04:45:13] step 002383 | loss 0.579129 | lrm 0.8544 | dt_ms 995.1
[2026-07-06 04:45:14] step 002384 | loss 0.601337 | lrm 0.8541 | dt_ms 969.5
[2026-07-06 04:45:15] step 002385 | loss 0.620880 | lrm 0.8538 | dt_ms 997.1
[2026-07-06 04:45:16] step 002386 | loss 0.508600 | lrm 0.8536 | dt_ms 981.1
[2026-07-06 04:45:17] step 002387 | loss 0.568996 | lrm 0.8533 | dt_ms 992.3
[2026-07-06 04:45:18] step 002388 | loss 0.451578 | lrm 0.8530 | dt_ms 992.6
[2026-07-06 04:45:19] step 002389 | loss 0.571471 | lrm 0.8527 | dt_ms 1040.9
[2026-07-06 04:45:20] step 002390 | loss 0.611254 | lrm 0.8525 | dt_ms 1011.8
[2026-07-06 04:45:21] step 002391 | loss 0.579370 | lrm 0.8522 | dt_ms 989.8
[2026-07-06 04:45:22] step 002392 | loss 0.566454 | lrm 0.8519 | dt_ms 1048.8
[2026-07-06 04:45:26] step 002393 | loss 0.467647 | lrm 0.8516 | dt_ms 3601.9
[2026-07-06 04:45:27] step 002394 | loss 0.656164 | lrm 0.8514 | dt_ms 973.0
[2026-07-06 04:45:28] step 002395 | loss 0.684403 | lrm 0.8511 | dt_ms 1020.6
[2026-07-06 04:45:29] step 002396 | loss 0.494603 | lrm 0.8508 | dt_ms 998.5
[2026-07-06 04:45:30] step 002397 | loss 0.657129 | lrm 0.8505 | dt_ms 991.6
[2026-07-06 04:45:31] step 002398 | loss 0.596274 | lrm 0.8503 | dt_ms 1037.9
[2026-07-06 04:45:32] step 002399 | loss 0.697086 | lrm 0.8500 | dt_ms 1043.1
[2026-07-06 04:45:33] step 002400 | loss 0.590018 | lrm 0.8497 | dt_ms 1059.2
[2026-07-06 04:45:34] step 002401 | loss 0.600969 | lrm 0.8494 | dt_ms 1016.7
[2026-07-06 04:45:35] step 002402 | loss 0.452379 | lrm 0.8492 | dt_ms 1004.5
[2026-07-06 04:45:36] step 002403 | loss 0.608557 | lrm 0.8489 | dt_ms 1024.0
[2026-07-06 04:45:37] step 002404 | loss 0.556727 | lrm 0.8486 | dt_ms 1006.6
[2026-07-06 04:45:38] step 002405 | loss 0.599580 | lrm 0.8483 | dt_ms 1006.9
[2026-07-06 04:45:39] step 002406 | loss 0.637045 | lrm 0.8481 | dt_ms 1018.1
[2026-07-06 04:45:40] step 002407 | loss 0.658254 | lrm 0.8478 | dt_ms 1032.2
[2026-07-06 04:45:41] step 002408 | loss 0.637717 | lrm 0.8475 | dt_ms 1019.7
[2026-07-06 04:45:42] step 002409 | loss 0.662020 | lrm 0.8472 | dt_ms 988.3
[2026-07-06 04:45:43] step 002410 | loss 0.578333 | lrm 0.8470 | dt_ms 963.4
[2026-07-06 04:45:44] step 002411 | loss 0.572075 | lrm 0.8467 | dt_ms 1014.7
[2026-07-06 04:45:45] step 002412 | loss 0.599747 | lrm 0.8464 | dt_ms 1008.3
[2026-07-06 04:45:46] step 002413 | loss 0.695309 | lrm 0.8461 | dt_ms 1033.4
[2026-07-06 04:45:47] step 002414 | loss 0.633664 | lrm 0.8458 | dt_ms 988.8
[2026-07-06 04:45:48] step 002415 | loss 0.667985 | lrm 0.8456 | dt_ms 1052.8
[2026-07-06 04:45:49] step 002416 | loss 0.595378 | lrm 0.8453 | dt_ms 1054.6
[2026-07-06 04:45:50] step 002417 | loss 0.640781 | lrm 0.8450 | dt_ms 1015.1
[2026-07-06 04:45:51] step 002418 | loss 0.563628 | lrm 0.8447 | dt_ms 1019.3
[2026-07-06 04:45:52] step 002419 | loss 0.616363 | lrm 0.8445 | dt_ms 995.1
[2026-07-06 04:45:53] step 002420 | loss 0.558442 | lrm 0.8442 | dt_ms 1008.2
[2026-07-06 04:45:54] step 002421 | loss 0.583104 | lrm 0.8439 | dt_ms 994.2
[2026-07-06 04:45:55] step 002422 | loss 0.466105 | lrm 0.8436 | dt_ms 1010.7
[2026-07-06 04:45:56] step 002423 | loss 0.624394 | lrm 0.8434 | dt_ms 1003.0
[2026-07-06 04:45:57] step 002424 | loss 0.500682 | lrm 0.8431 | dt_ms 1006.5
[2026-07-06 04:45:58] step 002425 | loss 0.645854 | lrm 0.8428 | dt_ms 981.9
[2026-07-06 04:45:59] step 002426 | loss 0.524852 | lrm 0.8425 | dt_ms 1058.1
[2026-07-06 04:46:00] step 002427 | loss 0.688981 | lrm 0.8423 | dt_ms 1034.3
[2026-07-06 04:46:01] step 002428 | loss 0.623946 | lrm 0.8420 | dt_ms 999.0
[2026-07-06 04:46:02] step 002429 | loss 0.551286 | lrm 0.8417 | dt_ms 1040.7
[2026-07-06 04:46:03] step 002430 | loss 0.612411 | lrm 0.8414 | dt_ms 1053.8
[2026-07-06 04:46:04] step 002431 | loss 0.544802 | lrm 0.8412 | dt_ms 1038.4
[2026-07-06 04:46:05] step 002432 | loss 0.549824 | lrm 0.8409 | dt_ms 979.6
[2026-07-06 04:46:06] step 002433 | loss 0.540871 | lrm 0.8406 | dt_ms 1020.5
[2026-07-06 04:46:07] step 002434 | loss 0.582288 | lrm 0.8403 | dt_ms 1002.8
[2026-07-06 04:46:08] step 002435 | loss 0.554787 | lrm 0.8401 | dt_ms 1005.6
[2026-07-06 04:46:09] step 002436 | loss 0.576190 | lrm 0.8398 | dt_ms 980.3
[2026-07-06 04:46:10] step 002437 | loss 0.700057 | lrm 0.8395 | dt_ms 1074.7
[2026-07-06 04:46:11] step 002438 | loss 0.495838 | lrm 0.8392 | dt_ms 1045.2
[2026-07-06 04:46:12] step 002439 | loss 0.529939 | lrm 0.8390 | dt_ms 996.4
[2026-07-06 04:46:13] step 002440 | loss 0.614544 | lrm 0.8387 | dt_ms 1055.4
[2026-07-06 04:46:14] step 002441 | loss 0.468603 | lrm 0.8384 | dt_ms 997.5
[2026-07-06 04:46:15] step 002442 | loss 0.665191 | lrm 0.8381 | dt_ms 1026.7
[2026-07-06 04:46:16] step 002443 | loss 0.580707 | lrm 0.8379 | dt_ms 996.6
[2026-07-06 04:46:18] step 002444 | loss 0.511995 | lrm 0.8376 | dt_ms 1048.0
[2026-07-06 04:46:19] step 002445 | loss 0.546439 | lrm 0.8373 | dt_ms 1016.9
[2026-07-06 04:46:20] step 002446 | loss 0.518964 | lrm 0.8370 | dt_ms 1016.2
[2026-07-06 04:46:21] step 002447 | loss 0.526515 | lrm 0.8367 | dt_ms 1000.4
[2026-07-06 04:46:22] step 002448 | loss 0.588429 | lrm 0.8365 | dt_ms 1036.8
[2026-07-06 04:46:23] step 002449 | loss 0.589935 | lrm 0.8362 | dt_ms 1010.2
[2026-07-06 04:46:24] step 002450 | loss 0.602046 | lrm 0.8359 | dt_ms 988.4
[2026-07-06 04:46:25] step 002451 | loss 0.502264 | lrm 0.8356 | dt_ms 991.9
[2026-07-06 04:46:26] step 002452 | loss 0.596580 | lrm 0.8354 | dt_ms 996.4
[2026-07-06 04:46:27] step 002453 | loss 0.399249 | lrm 0.8351 | dt_ms 1014.8
[2026-07-06 04:46:28] step 002454 | loss 0.642815 | lrm 0.8348 | dt_ms 1018.1
[2026-07-06 04:46:29] step 002455 | loss 0.625632 | lrm 0.8345 | dt_ms 1011.3
[2026-07-06 04:46:30] step 002456 | loss 0.613255 | lrm 0.8343 | dt_ms 1004.4
[2026-07-06 04:46:31] step 002457 | loss 0.656098 | lrm 0.8340 | dt_ms 1031.3
[2026-07-06 04:46:32] step 002458 | loss 0.563927 | lrm 0.8337 | dt_ms 996.4
[2026-07-06 04:46:33] step 002459 | loss 0.668700 | lrm 0.8334 | dt_ms 1043.4
[2026-07-06 04:46:34] step 002460 | loss 0.493122 | lrm 0.8332 | dt_ms 1077.5
[2026-07-06 04:46:35] step 002461 | loss 0.648423 | lrm 0.8329 | dt_ms 1013.4
[2026-07-06 04:46:36] step 002462 | loss 0.688528 | lrm 0.8326 | dt_ms 1024.5
[2026-07-06 04:46:37] step 002463 | loss 0.632653 | lrm 0.8323 | dt_ms 981.4
[2026-07-06 04:46:38] step 002464 | loss 0.610795 | lrm 0.8321 | dt_ms 976.1
[2026-07-06 04:46:39] step 002465 | loss 0.595639 | lrm 0.8318 | dt_ms 1038.9
[2026-07-06 04:46:40] step 002466 | loss 0.557603 | lrm 0.8315 | dt_ms 994.5
[2026-07-06 04:46:41] step 002467 | loss 0.569735 | lrm 0.8312 | dt_ms 1045.9
[2026-07-06 04:46:42] step 002468 | loss 0.444009 | lrm 0.8310 | dt_ms 1006.8
[2026-07-06 04:46:43] step 002469 | loss 0.523819 | lrm 0.8307 | dt_ms 1026.9
[2026-07-06 04:46:44] step 002470 | loss 0.557145 | lrm 0.8304 | dt_ms 990.5
[2026-07-06 04:46:45] step 002471 | loss 0.524985 | lrm 0.8301 | dt_ms 994.1
[2026-07-06 04:46:46] step 002472 | loss 0.567477 | lrm 0.8299 | dt_ms 999.2
[2026-07-06 04:46:47] step 002473 | loss 0.569712 | lrm 0.8296 | dt_ms 978.6
[2026-07-06 04:46:48] step 002474 | loss 0.613911 | lrm 0.8293 | dt_ms 1047.0
[2026-07-06 04:46:49] step 002475 | loss 0.562817 | lrm 0.8290 | dt_ms 1003.2
[2026-07-06 04:46:50] step 002476 | loss 0.560950 | lrm 0.8288 | dt_ms 1016.4
[2026-07-06 04:46:51] step 002477 | loss 0.553626 | lrm 0.8285 | dt_ms 1043.2
[2026-07-06 04:46:52] step 002478 | loss 0.594121 | lrm 0.8282 | dt_ms 1053.0
[2026-07-06 04:46:53] step 002479 | loss 0.624466 | lrm 0.8279 | dt_ms 1018.6
[2026-07-06 04:46:54] step 002480 | loss 0.631667 | lrm 0.8276 | dt_ms 1002.1
[2026-07-06 04:46:55] step 002481 | loss 0.653287 | lrm 0.8274 | dt_ms 987.2
[2026-07-06 04:46:56] step 002482 | loss 0.556902 | lrm 0.8271 | dt_ms 1025.1
[2026-07-06 04:46:57] step 002483 | loss 0.571471 | lrm 0.8268 | dt_ms 1031.7
[2026-07-06 04:46:58] step 002484 | loss 0.565082 | lrm 0.8265 | dt_ms 987.2
[2026-07-06 04:46:59] step 002485 | loss 0.522615 | lrm 0.8263 | dt_ms 1029.3
[2026-07-06 04:47:00] step 002486 | loss 0.575369 | lrm 0.8260 | dt_ms 1019.8
[2026-07-06 04:47:01] step 002487 | loss 0.631913 | lrm 0.8257 | dt_ms 1034.7
[2026-07-06 04:47:02] step 002488 | loss 0.557097 | lrm 0.8254 | dt_ms 977.3
[2026-07-06 04:47:03] step 002489 | loss 0.595579 | lrm 0.8252 | dt_ms 1032.8
[2026-07-06 04:47:04] step 002490 | loss 0.587754 | lrm 0.8249 | dt_ms 1005.6
[2026-07-06 04:47:05] step 002491 | loss 0.578930 | lrm 0.8246 | dt_ms 1013.1
[2026-07-06 04:47:06] step 002492 | loss 0.516635 | lrm 0.8243 | dt_ms 998.7
[2026-07-06 04:47:07] step 002493 | loss 0.511536 | lrm 0.8241 | dt_ms 1021.0
[2026-07-06 04:47:08] step 002494 | loss 0.562560 | lrm 0.8238 | dt_ms 1009.5
[2026-07-06 04:47:09] step 002495 | loss 0.605508 | lrm 0.8235 | dt_ms 1026.3
[2026-07-06 04:47:10] step 002496 | loss 0.568342 | lrm 0.8232 | dt_ms 1012.3
[2026-07-06 04:47:11] step 002497 | loss 0.557352 | lrm 0.8230 | dt_ms 997.2
[2026-07-06 04:47:12] step 002498 | loss 0.579085 | lrm 0.8227 | dt_ms 1031.5
[2026-07-06 04:47:13] step 002499 | loss 0.553611 | lrm 0.8224 | dt_ms 1012.2
[2026-07-06 04:47:14] step 002500 | loss 0.639593 | lrm 0.8221 | dt_ms 1042.7
[2026-07-06 04:47:15] step 002501 | loss 0.581342 | lrm 0.8219 | dt_ms 987.9
[2026-07-06 04:47:16] step 002502 | loss 0.689327 | lrm 0.8216 | dt_ms 992.1
[2026-07-06 04:47:17] step 002503 | loss 0.555052 | lrm 0.8213 | dt_ms 1092.1
[2026-07-06 04:47:18] step 002504 | loss 0.554354 | lrm 0.8210 | dt_ms 991.8
[2026-07-06 04:47:19] step 002505 | loss 0.572683 | lrm 0.8208 | dt_ms 1000.2
[2026-07-06 04:47:20] step 002506 | loss 0.568091 | lrm 0.8205 | dt_ms 981.3
[2026-07-06 04:47:21] step 002507 | loss 0.590594 | lrm 0.8202 | dt_ms 979.1
[2026-07-06 04:47:22] step 002508 | loss 0.598117 | lrm 0.8199 | dt_ms 1019.8
[2026-07-06 04:47:23] step 002509 | loss 0.535746 | lrm 0.8197 | dt_ms 966.5
[2026-07-06 04:47:24] step 002510 | loss 0.532683 | lrm 0.8194 | dt_ms 1038.4
[2026-07-06 04:47:25] step 002511 | loss 0.531946 | lrm 0.8191 | dt_ms 970.2
[2026-07-06 04:47:26] step 002512 | loss 0.591781 | lrm 0.8188 | dt_ms 1029.7
[2026-07-06 04:47:27] step 002513 | loss 0.623384 | lrm 0.8185 | dt_ms 1009.5
[2026-07-06 04:47:28] step 002514 | loss 0.483559 | lrm 0.8183 | dt_ms 979.3
[2026-07-06 04:47:29] step 002515 | loss 0.564655 | lrm 0.8180 | dt_ms 1009.5
[2026-07-06 04:47:30] step 002516 | loss 0.582981 | lrm 0.8177 | dt_ms 1028.5
[2026-07-06 04:47:31] step 002517 | loss 0.608090 | lrm 0.8174 | dt_ms 1010.4
[2026-07-06 04:47:32] step 002518 | loss 0.667167 | lrm 0.8172 | dt_ms 1020.6
[2026-07-06 04:47:33] step 002519 | loss 0.563168 | lrm 0.8169 | dt_ms 1024.2
[2026-07-06 04:47:34] step 002520 | loss 0.584498 | lrm 0.8166 | dt_ms 1001.3
[2026-07-06 04:47:35] step 002521 | loss 0.674533 | lrm 0.8163 | dt_ms 987.3
[2026-07-06 04:47:36] step 002522 | loss 0.571609 | lrm 0.8161 | dt_ms 966.4
[2026-07-06 04:47:37] step 002523 | loss 0.583684 | lrm 0.8158 | dt_ms 1022.2
[2026-07-06 04:47:38] step 002524 | loss 0.552685 | lrm 0.8155 | dt_ms 965.8
[2026-07-06 04:47:39] step 002525 | loss 0.627139 | lrm 0.8152 | dt_ms 1009.1
[2026-07-06 04:47:40] step 002526 | loss 0.695962 | lrm 0.8150 | dt_ms 980.0
[2026-07-06 04:47:41] step 002527 | loss 0.516604 | lrm 0.8147 | dt_ms 1039.6
[2026-07-06 04:47:43] step 002528 | loss 0.571716 | lrm 0.8144 | dt_ms 1036.0
[2026-07-06 04:47:44] step 002529 | loss 0.479287 | lrm 0.8141 | dt_ms 1014.7
[2026-07-06 04:47:45] step 002530 | loss 0.569706 | lrm 0.8139 | dt_ms 1010.6
[2026-07-06 04:47:46] step 002531 | loss 0.657184 | lrm 0.8136 | dt_ms 1016.6
[2026-07-06 04:47:47] step 002532 | loss 0.547887 | lrm 0.8133 | dt_ms 1064.8
[2026-07-06 04:47:48] step 002533 | loss 0.530668 | lrm 0.8130 | dt_ms 1003.6
[2026-07-06 04:47:49] step 002534 | loss 0.483607 | lrm 0.8128 | dt_ms 1007.6
[2026-07-06 04:47:50] step 002535 | loss 0.595960 | lrm 0.8125 | dt_ms 993.9
[2026-07-06 04:47:51] step 002536 | loss 0.578919 | lrm 0.8122 | dt_ms 1022.4
[2026-07-06 04:47:52] step 002537 | loss 0.557738 | lrm 0.8119 | dt_ms 1020.5
[2026-07-06 04:47:53] step 002538 | loss 0.494979 | lrm 0.8117 | dt_ms 983.6
[2026-07-06 04:47:54] step 002539 | loss 0.613881 | lrm 0.8114 | dt_ms 1033.4
[2026-07-06 04:47:55] step 002540 | loss 0.460163 | lrm 0.8111 | dt_ms 1014.9
[2026-07-06 04:47:56] step 002541 | loss 0.532953 | lrm 0.8108 | dt_ms 1019.4
[2026-07-06 04:47:57] step 002542 | loss 0.601555 | lrm 0.8106 | dt_ms 1032.7
[2026-07-06 04:47:58] step 002543 | loss 0.573348 | lrm 0.8103 | dt_ms 1063.0
[2026-07-06 04:47:59] step 002544 | loss 0.584433 | lrm 0.8100 | dt_ms 1011.1
[2026-07-06 04:48:00] step 002545 | loss 0.595487 | lrm 0.8097 | dt_ms 993.1
[2026-07-06 04:48:01] step 002546 | loss 0.586489 | lrm 0.8094 | dt_ms 992.5
[2026-07-06 04:48:02] step 002547 | loss 0.566952 | lrm 0.8092 | dt_ms 1014.4
[2026-07-06 04:48:03] step 002548 | loss 0.502916 | lrm 0.8089 | dt_ms 977.5
[2026-07-06 04:48:04] step 002549 | loss 0.487478 | lrm 0.8086 | dt_ms 1004.0
[2026-07-06 04:48:05] step 002550 | loss 0.664547 | lrm 0.8083 | dt_ms 1001.7
[2026-07-06 04:48:06] step 002551 | loss 0.608389 | lrm 0.8081 | dt_ms 1022.1
[2026-07-06 04:48:07] step 002552 | loss 0.622102 | lrm 0.8078 | dt_ms 997.1
[2026-07-06 04:48:08] step 002553 | loss 0.558983 | lrm 0.8075 | dt_ms 1011.6
[2026-07-06 04:48:09] step 002554 | loss 0.649177 | lrm 0.8072 | dt_ms 1008.6
[2026-07-06 04:48:10] step 002555 | loss 0.512551 | lrm 0.8070 | dt_ms 975.3
[2026-07-06 04:48:11] step 002556 | loss 0.581750 | lrm 0.8067 | dt_ms 1043.4
[2026-07-06 04:48:12] step 002557 | loss 0.507304 | lrm 0.8064 | dt_ms 1008.8
[2026-07-06 04:48:13] step 002558 | loss 0.580517 | lrm 0.8061 | dt_ms 1036.9
[2026-07-06 04:48:14] step 002559 | loss 0.448266 | lrm 0.8059 | dt_ms 1003.0
[2026-07-06 04:48:15] step 002560 | loss 0.614315 | lrm 0.8056 | dt_ms 1018.7
[2026-07-06 04:48:16] step 002561 | loss 0.580630 | lrm 0.8053 | dt_ms 978.5
[2026-07-06 04:48:17] step 002562 | loss 0.629916 | lrm 0.8050 | dt_ms 997.3
[2026-07-06 04:48:18] step 002563 | loss 0.625097 | lrm 0.8048 | dt_ms 975.9
[2026-07-06 04:48:19] step 002564 | loss 0.438293 | lrm 0.8045 | dt_ms 1140.6
[2026-07-06 04:48:20] step 002565 | loss 0.534682 | lrm 0.8042 | dt_ms 1000.4
[2026-07-06 04:48:21] step 002566 | loss 0.511729 | lrm 0.8039 | dt_ms 1015.4
[2026-07-06 04:48:22] step 002567 | loss 0.539963 | lrm 0.8037 | dt_ms 1024.4
[2026-07-06 04:48:23] step 002568 | loss 0.543029 | lrm 0.8034 | dt_ms 991.1
[2026-07-06 04:48:24] step 002569 | loss 0.628205 | lrm 0.8031 | dt_ms 992.5
[2026-07-06 04:48:25] step 002570 | loss 0.573267 | lrm 0.8028 | dt_ms 991.3
[2026-07-06 04:48:26] step 002571 | loss 0.505957 | lrm 0.8026 | dt_ms 1032.7
[2026-07-06 04:48:27] step 002572 | loss 0.532539 | lrm 0.8023 | dt_ms 1040.7
[2026-07-06 04:48:28] step 002573 | loss 0.606295 | lrm 0.8020 | dt_ms 1013.7
[2026-07-06 04:48:29] step 002574 | loss 0.552024 | lrm 0.8017 | dt_ms 1057.3
[2026-07-06 04:48:30] step 002575 | loss 0.608579 | lrm 0.8015 | dt_ms 1025.2
[2026-07-06 04:48:31] step 002576 | loss 0.490329 | lrm 0.8012 | dt_ms 1004.4
[2026-07-06 04:48:32] step 002577 | loss 0.542503 | lrm 0.8009 | dt_ms 978.8
[2026-07-06 04:48:33] step 002578 | loss 0.652583 | lrm 0.8006 | dt_ms 996.1
[2026-07-06 04:48:34] step 002579 | loss 0.561849 | lrm 0.8003 | dt_ms 1016.8
[2026-07-06 04:48:35] step 002580 | loss 0.556647 | lrm 0.8001 | dt_ms 984.8
[2026-07-06 04:48:36] step 002581 | loss 0.649437 | lrm 0.7998 | dt_ms 993.5
[2026-07-06 04:48:37] step 002582 | loss 0.638925 | lrm 0.7995 | dt_ms 989.2
[2026-07-06 04:48:38] step 002583 | loss 0.601091 | lrm 0.7992 | dt_ms 1017.6
[2026-07-06 04:48:39] step 002584 | loss 0.532920 | lrm 0.7990 | dt_ms 1003.3
[2026-07-06 04:48:40] step 002585 | loss 0.621394 | lrm 0.7987 | dt_ms 999.7
[2026-07-06 04:48:41] step 002586 | loss 0.537767 | lrm 0.7984 | dt_ms 1006.6
[2026-07-06 04:48:42] step 002587 | loss 0.615006 | lrm 0.7981 | dt_ms 984.3
[2026-07-06 04:48:43] step 002588 | loss 0.529658 | lrm 0.7979 | dt_ms 1020.3
[2026-07-06 04:48:44] step 002589 | loss 0.587164 | lrm 0.7976 | dt_ms 991.9
[2026-07-06 04:48:45] step 002590 | loss 0.549012 | lrm 0.7973 | dt_ms 1023.3
[2026-07-06 04:48:46] step 002591 | loss 0.561983 | lrm 0.7970 | dt_ms 1020.7
[2026-07-06 04:48:47] step 002592 | loss 0.631921 | lrm 0.7968 | dt_ms 1018.0
[2026-07-06 04:48:48] step 002593 | loss 0.695388 | lrm 0.7965 | dt_ms 1023.9
[2026-07-06 04:48:49] step 002594 | loss 0.577277 | lrm 0.7962 | dt_ms 996.4
[2026-07-06 04:48:50] step 002595 | loss 0.557465 | lrm 0.7959 | dt_ms 1023.0
[2026-07-06 04:48:51] step 002596 | loss 0.649028 | lrm 0.7957 | dt_ms 968.3
[2026-07-06 04:48:52] step 002597 | loss 0.497948 | lrm 0.7954 | dt_ms 994.2
[2026-07-06 04:48:53] step 002598 | loss 0.622658 | lrm 0.7951 | dt_ms 982.0
[2026-07-06 04:48:54] step 002599 | loss 0.554780 | lrm 0.7948 | dt_ms 1027.5
[2026-07-06 04:48:55] step 002600 | loss 0.528645 | lrm 0.7946 | dt_ms 1045.3
[2026-07-06 04:48:56] step 002601 | loss 0.569923 | lrm 0.7943 | dt_ms 1022.3
[2026-07-06 04:48:57] step 002602 | loss 0.463731 | lrm 0.7940 | dt_ms 988.2
[2026-07-06 04:48:58] step 002603 | loss 0.627152 | lrm 0.7937 | dt_ms 1012.6
[2026-07-06 04:48:59] step 002604 | loss 0.585146 | lrm 0.7935 | dt_ms 977.7
[2026-07-06 04:49:00] step 002605 | loss 0.470405 | lrm 0.7932 | dt_ms 981.0
[2026-07-06 04:49:01] step 002606 | loss 0.470598 | lrm 0.7929 | dt_ms 1043.0
[2026-07-06 04:49:02] step 002607 | loss 0.554066 | lrm 0.7926 | dt_ms 1003.1
[2026-07-06 04:49:03] step 002608 | loss 0.549233 | lrm 0.7924 | dt_ms 1003.6
[2026-07-06 04:49:04] step 002609 | loss 0.571756 | lrm 0.7921 | dt_ms 988.3
[2026-07-06 04:49:05] step 002610 | loss 0.532064 | lrm 0.7918 | dt_ms 992.1
[2026-07-06 04:49:06] step 002611 | loss 0.603914 | lrm 0.7915 | dt_ms 1001.2
[2026-07-06 04:49:07] step 002612 | loss 0.507598 | lrm 0.7912 | dt_ms 1010.5
[2026-07-06 04:49:08] step 002613 | loss 0.615016 | lrm 0.7910 | dt_ms 1051.1
[2026-07-06 04:49:09] step 002614 | loss 0.496878 | lrm 0.7907 | dt_ms 1023.6
[2026-07-06 04:49:10] step 002615 | loss 0.537434 | lrm 0.7904 | dt_ms 1001.5
[2026-07-06 04:49:12] step 002616 | loss 0.438766 | lrm 0.7901 | dt_ms 1067.0
[2026-07-06 04:49:13] step 002617 | loss 0.490926 | lrm 0.7899 | dt_ms 993.8
[2026-07-06 04:49:14] step 002618 | loss 0.609772 | lrm 0.7896 | dt_ms 1032.9
[2026-07-06 04:49:15] step 002619 | loss 0.602354 | lrm 0.7893 | dt_ms 1053.8
[2026-07-06 04:49:16] step 002620 | loss 0.572882 | lrm 0.7890 | dt_ms 996.8
[2026-07-06 04:49:17] step 002621 | loss 0.541748 | lrm 0.7888 | dt_ms 1029.8
[2026-07-06 04:49:18] step 002622 | loss 0.563912 | lrm 0.7885 | dt_ms 1013.3
[2026-07-06 04:49:19] step 002623 | loss 0.573086 | lrm 0.7882 | dt_ms 1041.7
[2026-07-06 04:49:20] step 002624 | loss 0.587981 | lrm 0.7879 | dt_ms 1035.9
[2026-07-06 04:49:21] step 002625 | loss 0.539906 | lrm 0.7877 | dt_ms 1056.1
[2026-07-06 04:49:22] step 002626 | loss 0.613758 | lrm 0.7874 | dt_ms 1000.8
[2026-07-06 04:49:23] step 002627 | loss 0.477625 | lrm 0.7871 | dt_ms 999.1
[2026-07-06 04:49:24] step 002628 | loss 0.561718 | lrm 0.7868 | dt_ms 992.3
[2026-07-06 04:49:25] step 002629 | loss 0.471073 | lrm 0.7866 | dt_ms 997.6
[2026-07-06 04:49:26] step 002630 | loss 0.598159 | lrm 0.7863 | dt_ms 1053.2
[2026-07-06 04:49:27] step 002631 | loss 0.621285 | lrm 0.7860 | dt_ms 1030.7
[2026-07-06 04:49:28] step 002632 | loss 0.605858 | lrm 0.7857 | dt_ms 1021.8
[2026-07-06 04:49:29] step 002633 | loss 0.577256 | lrm 0.7855 | dt_ms 985.5
[2026-07-06 04:49:30] step 002634 | loss 0.559000 | lrm 0.7852 | dt_ms 1045.5
[2026-07-06 04:49:31] step 002635 | loss 0.562959 | lrm 0.7849 | dt_ms 1033.4
[2026-07-06 04:49:32] step 002636 | loss 0.468198 | lrm 0.7846 | dt_ms 995.1
[2026-07-06 04:49:33] step 002637 | loss 0.488262 | lrm 0.7844 | dt_ms 1002.0
[2026-07-06 04:49:34] step 002638 | loss 0.542621 | lrm 0.7841 | dt_ms 1071.4
[2026-07-06 04:49:35] step 002639 | loss 0.469133 | lrm 0.7838 | dt_ms 1017.2
[2026-07-06 04:49:36] step 002640 | loss 0.603658 | lrm 0.7835 | dt_ms 1014.7
[2026-07-06 04:49:37] step 002641 | loss 0.588115 | lrm 0.7833 | dt_ms 1026.2
[2026-07-06 04:49:38] step 002642 | loss 0.669394 | lrm 0.7830 | dt_ms 1030.5
[2026-07-06 04:49:39] step 002643 | loss 0.556585 | lrm 0.7827 | dt_ms 1005.3
[2026-07-06 04:49:40] step 002644 | loss 0.553759 | lrm 0.7824 | dt_ms 1033.6
[2026-07-06 04:49:41] step 002645 | loss 0.551301 | lrm 0.7821 | dt_ms 1025.7
[2026-07-06 04:49:42] step 002646 | loss 0.480153 | lrm 0.7819 | dt_ms 990.5
[2026-07-06 04:49:43] step 002647 | loss 0.488222 | lrm 0.7816 | dt_ms 1021.2
[2026-07-06 04:49:44] step 002648 | loss 0.551232 | lrm 0.7813 | dt_ms 988.6
[2026-07-06 04:49:45] step 002649 | loss 0.579942 | lrm 0.7810 | dt_ms 997.1
[2026-07-06 04:49:46] step 002650 | loss 0.572215 | lrm 0.7808 | dt_ms 1030.9
[2026-07-06 04:49:47] step 002651 | loss 0.644405 | lrm 0.7805 | dt_ms 974.4
[2026-07-06 04:49:48] step 002652 | loss 0.548797 | lrm 0.7802 | dt_ms 1050.8
[2026-07-06 04:49:49] step 002653 | loss 0.553405 | lrm 0.7799 | dt_ms 993.6
[2026-07-06 04:49:50] step 002654 | loss 0.530277 | lrm 0.7797 | dt_ms 1049.6
[2026-07-06 04:49:51] step 002655 | loss 0.545541 | lrm 0.7794 | dt_ms 1031.2
[2026-07-06 04:49:52] step 002656 | loss 0.515006 | lrm 0.7791 | dt_ms 1028.1
[2026-07-06 04:49:53] step 002657 | loss 0.534267 | lrm 0.7788 | dt_ms 1033.6
[2026-07-06 04:49:54] step 002658 | loss 0.583209 | lrm 0.7786 | dt_ms 1000.4
[2026-07-06 04:49:55] step 002659 | loss 0.652979 | lrm 0.7783 | dt_ms 1008.7
[2026-07-06 04:49:56] step 002660 | loss 0.509799 | lrm 0.7780 | dt_ms 1051.2
[2026-07-06 04:49:57] step 002661 | loss 0.496905 | lrm 0.7777 | dt_ms 1028.4
[2026-07-06 04:49:58] step 002662 | loss 0.514413 | lrm 0.7775 | dt_ms 983.6
[2026-07-06 04:49:59] step 002663 | loss 0.565525 | lrm 0.7772 | dt_ms 991.6
[2026-07-06 04:50:00] step 002664 | loss 0.615116 | lrm 0.7769 | dt_ms 1053.6
[2026-07-06 04:50:01] step 002665 | loss 0.639405 | lrm 0.7766 | dt_ms 1017.1
[2026-07-06 04:50:02] step 002666 | loss 0.569102 | lrm 0.7764 | dt_ms 984.5
[2026-07-06 04:50:03] step 002667 | loss 0.615353 | lrm 0.7761 | dt_ms 1014.9
[2026-07-06 04:50:05] step 002668 | loss 0.542530 | lrm 0.7758 | dt_ms 1027.1
[2026-07-06 04:50:06] step 002669 | loss 0.570497 | lrm 0.7755 | dt_ms 1045.8
[2026-07-06 04:50:07] step 002670 | loss 0.591395 | lrm 0.7753 | dt_ms 990.9
[2026-07-06 04:50:08] step 002671 | loss 0.562894 | lrm 0.7750 | dt_ms 981.8
[2026-07-06 04:50:09] step 002672 | loss 0.516280 | lrm 0.7747 | dt_ms 1015.3
[2026-07-06 04:50:10] step 002673 | loss 0.554887 | lrm 0.7744 | dt_ms 983.9
[2026-07-06 04:50:11] step 002674 | loss 0.562090 | lrm 0.7742 | dt_ms 1002.3
[2026-07-06 04:50:12] step 002675 | loss 0.559802 | lrm 0.7739 | dt_ms 1006.8
[2026-07-06 04:50:13] step 002676 | loss 0.554850 | lrm 0.7736 | dt_ms 1013.1
[2026-07-06 04:50:14] step 002677 | loss 0.658475 | lrm 0.7733 | dt_ms 979.8
[2026-07-06 04:50:15] step 002678 | loss 0.581243 | lrm 0.7730 | dt_ms 996.1
[2026-07-06 04:50:16] step 002679 | loss 0.486620 | lrm 0.7728 | dt_ms 1013.4
[2026-07-06 04:50:17] step 002680 | loss 0.571686 | lrm 0.7725 | dt_ms 1021.4
[2026-07-06 04:50:18] step 002681 | loss 0.645256 | lrm 0.7722 | dt_ms 1019.3
[2026-07-06 04:50:19] step 002682 | loss 0.601984 | lrm 0.7719 | dt_ms 992.2
[2026-07-06 04:50:20] step 002683 | loss 0.620251 | lrm 0.7717 | dt_ms 1011.0
[2026-07-06 04:50:21] step 002684 | loss 0.531612 | lrm 0.7714 | dt_ms 1000.0
[2026-07-06 04:50:22] step 002685 | loss 0.561218 | lrm 0.7711 | dt_ms 991.6
[2026-07-06 04:50:23] step 002686 | loss 0.647715 | lrm 0.7708 | dt_ms 1009.7
[2026-07-06 04:50:24] step 002687 | loss 0.621385 | lrm 0.7706 | dt_ms 1022.0
[2026-07-06 04:50:25] step 002688 | loss 0.535414 | lrm 0.7703 | dt_ms 996.0
[2026-07-06 04:50:26] step 002689 | loss 0.494757 | lrm 0.7700 | dt_ms 1034.7
[2026-07-06 04:50:27] step 002690 | loss 0.536084 | lrm 0.7697 | dt_ms 1014.6
[2026-07-06 04:50:28] step 002691 | loss 0.614980 | lrm 0.7695 | dt_ms 1035.2
[2026-07-06 04:50:29] step 002692 | loss 0.578497 | lrm 0.7692 | dt_ms 1030.3
[2026-07-06 04:50:30] step 002693 | loss 0.563694 | lrm 0.7689 | dt_ms 1015.4
[2026-07-06 04:50:31] step 002694 | loss 0.477355 | lrm 0.7686 | dt_ms 999.6
[2026-07-06 04:50:32] step 002695 | loss 0.512726 | lrm 0.7684 | dt_ms 1007.2
[2026-07-06 04:50:33] step 002696 | loss 0.526897 | lrm 0.7681 | dt_ms 976.9
[2026-07-06 04:50:34] step 002697 | loss 0.584957 | lrm 0.7678 | dt_ms 1038.0
[2026-07-06 04:50:35] step 002698 | loss 0.607919 | lrm 0.7675 | dt_ms 991.2
[2026-07-06 04:50:36] step 002699 | loss 0.533631 | lrm 0.7673 | dt_ms 996.2
[2026-07-06 04:50:37] step 002700 | loss 0.630253 | lrm 0.7670 | dt_ms 1005.0
[2026-07-06 04:50:38] step 002701 | loss 0.530609 | lrm 0.7667 | dt_ms 975.4
[2026-07-06 04:50:39] step 002702 | loss 0.546769 | lrm 0.7664 | dt_ms 1070.2
[2026-07-06 04:50:40] step 002703 | loss 0.513306 | lrm 0.7662 | dt_ms 989.8
[2026-07-06 04:50:41] step 002704 | loss 0.595434 | lrm 0.7659 | dt_ms 1009.7
[2026-07-06 04:50:42] step 002705 | loss 0.642764 | lrm 0.7656 | dt_ms 995.6
[2026-07-06 04:50:43] step 002706 | loss 0.483819 | lrm 0.7653 | dt_ms 1030.5
[2026-07-06 04:50:44] step 002707 | loss 0.609417 | lrm 0.7651 | dt_ms 1061.9
[2026-07-06 04:50:45] step 002708 | loss 0.568848 | lrm 0.7648 | dt_ms 1081.6
[2026-07-06 04:50:46] step 002709 | loss 0.609156 | lrm 0.7645 | dt_ms 984.4
[2026-07-06 04:50:47] step 002710 | loss 0.553263 | lrm 0.7642 | dt_ms 1008.5
[2026-07-06 04:50:48] step 002711 | loss 0.494843 | lrm 0.7639 | dt_ms 1049.3
[2026-07-06 04:50:49] step 002712 | loss 0.700721 | lrm 0.7637 | dt_ms 997.4
[2026-07-06 04:50:50] step 002713 | loss 0.550877 | lrm 0.7634 | dt_ms 991.1
[2026-07-06 04:50:51] step 002714 | loss 0.584611 | lrm 0.7631 | dt_ms 1055.1
[2026-07-06 04:50:52] step 002715 | loss 0.566894 | lrm 0.7628 | dt_ms 1015.1
[2026-07-06 04:50:53] step 002716 | loss 0.473290 | lrm 0.7626 | dt_ms 1013.3
[2026-07-06 04:50:54] step 002717 | loss 0.599695 | lrm 0.7623 | dt_ms 1031.1
[2026-07-06 04:50:55] step 002718 | loss 0.584748 | lrm 0.7620 | dt_ms 1008.1
[2026-07-06 04:50:56] step 002719 | loss 0.600425 | lrm 0.7617 | dt_ms 1028.1
[2026-07-06 04:50:57] step 002720 | loss 0.622094 | lrm 0.7615 | dt_ms 988.9
[2026-07-06 04:50:58] step 002721 | loss 0.605993 | lrm 0.7612 | dt_ms 1008.9
[2026-07-06 04:50:59] step 002722 | loss 0.646511 | lrm 0.7609 | dt_ms 999.1
[2026-07-06 04:51:00] step 002723 | loss 0.543349 | lrm 0.7606 | dt_ms 993.1
[2026-07-06 04:51:01] step 002724 | loss 0.492591 | lrm 0.7604 | dt_ms 1027.1
[2026-07-06 04:51:02] step 002725 | loss 0.566265 | lrm 0.7601 | dt_ms 975.1
[2026-07-06 04:51:03] step 002726 | loss 0.540677 | lrm 0.7598 | dt_ms 1006.8
[2026-07-06 04:51:04] step 002727 | loss 0.590485 | lrm 0.7595 | dt_ms 1022.8
[2026-07-06 04:51:05] step 002728 | loss 0.624687 | lrm 0.7593 | dt_ms 1095.0
[2026-07-06 04:51:06] step 002729 | loss 0.530661 | lrm 0.7590 | dt_ms 1016.0
[2026-07-06 04:51:07] step 002730 | loss 0.407056 | lrm 0.7587 | dt_ms 1023.5
[2026-07-06 04:51:08] step 002731 | loss 0.464108 | lrm 0.7584 | dt_ms 979.4
[2026-07-06 04:51:09] step 002732 | loss 0.587250 | lrm 0.7582 | dt_ms 991.7
[2026-07-06 04:51:10] step 002733 | loss 0.560893 | lrm 0.7579 | dt_ms 984.1
[2026-07-06 04:51:11] step 002734 | loss 0.558474 | lrm 0.7576 | dt_ms 1028.2
[2026-07-06 04:51:12] step 002735 | loss 0.587243 | lrm 0.7573 | dt_ms 1017.0
[2026-07-06 04:51:13] step 002736 | loss 0.539012 | lrm 0.7571 | dt_ms 1037.6
[2026-07-06 04:51:14] step 002737 | loss 0.472691 | lrm 0.7568 | dt_ms 1027.6
[2026-07-06 04:51:15] step 002738 | loss 0.655929 | lrm 0.7565 | dt_ms 1002.0
[2026-07-06 04:51:16] step 002739 | loss 0.598383 | lrm 0.7562 | dt_ms 961.5
[2026-07-06 04:51:17] step 002740 | loss 0.640174 | lrm 0.7560 | dt_ms 1011.3
[2026-07-06 04:51:18] step 002741 | loss 0.407529 | lrm 0.7557 | dt_ms 1041.2
[2026-07-06 04:51:19] step 002742 | loss 0.541467 | lrm 0.7554 | dt_ms 1008.8
[2026-07-06 04:51:20] step 002743 | loss 0.447217 | lrm 0.7551 | dt_ms 1020.8
[2026-07-06 04:51:21] step 002744 | loss 0.520472 | lrm 0.7548 | dt_ms 1025.2
[2026-07-06 04:51:23] step 002745 | loss 0.683334 | lrm 0.7546 | dt_ms 1042.5
[2026-07-06 04:51:24] step 002746 | loss 0.619992 | lrm 0.7543 | dt_ms 996.3
[2026-07-06 04:51:25] step 002747 | loss 0.622179 | lrm 0.7540 | dt_ms 998.7
[2026-07-06 04:51:26] step 002748 | loss 0.557731 | lrm 0.7537 | dt_ms 985.8
[2026-07-06 04:51:27] step 002749 | loss 0.524047 | lrm 0.7535 | dt_ms 1023.9
[2026-07-06 04:51:28] step 002750 | loss 0.495874 | lrm 0.7532 | dt_ms 1028.1
[2026-07-06 04:51:29] step 002751 | loss 0.587643 | lrm 0.7529 | dt_ms 1012.9
[2026-07-06 04:51:30] step 002752 | loss 0.538237 | lrm 0.7526 | dt_ms 1030.8
[2026-07-06 04:51:31] step 002753 | loss 0.542894 | lrm 0.7524 | dt_ms 1043.9
[2026-07-06 04:51:32] step 002754 | loss 0.581544 | lrm 0.7521 | dt_ms 1009.9
[2026-07-06 04:51:33] step 002755 | loss 0.593424 | lrm 0.7518 | dt_ms 1003.0
[2026-07-06 04:51:34] step 002756 | loss 0.605507 | lrm 0.7515 | dt_ms 1031.9
[2026-07-06 04:51:35] step 002757 | loss 0.525786 | lrm 0.7513 | dt_ms 1043.7
[2026-07-06 04:51:36] step 002758 | loss 0.534810 | lrm 0.7510 | dt_ms 1013.2
[2026-07-06 04:51:37] step 002759 | loss 0.634719 | lrm 0.7507 | dt_ms 1049.4
[2026-07-06 04:51:38] step 002760 | loss 0.541329 | lrm 0.7504 | dt_ms 1015.9
[2026-07-06 04:51:39] step 002761 | loss 0.547249 | lrm 0.7502 | dt_ms 1039.7
[2026-07-06 04:51:40] step 002762 | loss 0.641379 | lrm 0.7499 | dt_ms 1000.7
[2026-07-06 04:51:41] step 002763 | loss 0.468601 | lrm 0.7496 | dt_ms 1007.4
[2026-07-06 04:51:42] step 002764 | loss 0.588093 | lrm 0.7493 | dt_ms 987.4
[2026-07-06 04:51:43] step 002765 | loss 0.562807 | lrm 0.7491 | dt_ms 1006.9
[2026-07-06 04:51:44] step 002766 | loss 0.631672 | lrm 0.7488 | dt_ms 986.3
[2026-07-06 04:51:45] step 002767 | loss 0.539603 | lrm 0.7485 | dt_ms 999.7
[2026-07-06 04:51:46] step 002768 | loss 0.558204 | lrm 0.7482 | dt_ms 985.0
[2026-07-06 04:51:47] step 002769 | loss 0.506265 | lrm 0.7480 | dt_ms 1029.9
[2026-07-06 04:51:48] step 002770 | loss 0.597109 | lrm 0.7477 | dt_ms 998.2
[2026-07-06 04:51:49] step 002771 | loss 0.595828 | lrm 0.7474 | dt_ms 1002.3
[2026-07-06 04:51:50] step 002772 | loss 0.632818 | lrm 0.7471 | dt_ms 1028.8
[2026-07-06 04:51:51] step 002773 | loss 0.525554 | lrm 0.7469 | dt_ms 1042.4
[2026-07-06 04:51:52] step 002774 | loss 0.509128 | lrm 0.7466 | dt_ms 1006.7
[2026-07-06 04:51:53] step 002775 | loss 0.582938 | lrm 0.7463 | dt_ms 1036.3
[2026-07-06 04:51:54] step 002776 | loss 0.606195 | lrm 0.7460 | dt_ms 1030.2
[2026-07-06 04:51:55] step 002777 | loss 0.575435 | lrm 0.7457 | dt_ms 1062.0
[2026-07-06 04:51:56] step 002778 | loss 0.606637 | lrm 0.7455 | dt_ms 996.8
[2026-07-06 04:51:57] step 002779 | loss 0.676760 | lrm 0.7452 | dt_ms 1012.1
[2026-07-06 04:51:58] step 002780 | loss 0.556851 | lrm 0.7449 | dt_ms 1028.4
[2026-07-06 04:51:59] step 002781 | loss 0.552353 | lrm 0.7446 | dt_ms 962.9
[2026-07-06 04:52:00] step 002782 | loss 0.484428 | lrm 0.7444 | dt_ms 1054.6
[2026-07-06 04:52:01] step 002783 | loss 0.572826 | lrm 0.7441 | dt_ms 987.6
[2026-07-06 04:52:02] step 002784 | loss 0.464492 | lrm 0.7438 | dt_ms 995.9
[2026-07-06 04:52:03] step 002785 | loss 0.635414 | lrm 0.7435 | dt_ms 976.8
[2026-07-06 04:52:04] step 002786 | loss 0.560796 | lrm 0.7433 | dt_ms 1010.2
[2026-07-06 04:52:05] step 002787 | loss 0.494432 | lrm 0.7430 | dt_ms 991.1
[2026-07-06 04:52:06] step 002788 | loss 0.536723 | lrm 0.7427 | dt_ms 1007.4
[2026-07-06 04:52:07] step 002789 | loss 0.528690 | lrm 0.7424 | dt_ms 1015.8
[2026-07-06 04:52:08] step 002790 | loss 0.498076 | lrm 0.7422 | dt_ms 976.4
[2026-07-06 04:52:09] step 002791 | loss 0.635387 | lrm 0.7419 | dt_ms 1014.1
[2026-07-06 04:52:10] step 002792 | loss 0.579077 | lrm 0.7416 | dt_ms 984.7
[2026-07-06 04:52:11] step 002793 | loss 0.570482 | lrm 0.7413 | dt_ms 1036.6
[2026-07-06 04:52:12] step 002794 | loss 0.531368 | lrm 0.7411 | dt_ms 998.2
[2026-07-06 04:52:13] step 002795 | loss 0.522677 | lrm 0.7408 | dt_ms 988.0
[2026-07-06 04:52:14] step 002796 | loss 0.562639 | lrm 0.7405 | dt_ms 984.2
[2026-07-06 04:52:15] step 002797 | loss 0.553032 | lrm 0.7402 | dt_ms 994.2
[2026-07-06 04:52:16] step 002798 | loss 0.609358 | lrm 0.7400 | dt_ms 986.7
[2026-07-06 04:52:17] step 002799 | loss 0.522704 | lrm 0.7397 | dt_ms 1013.4
[2026-07-06 04:52:18] step 002800 | loss 0.542498 | lrm 0.7394 | dt_ms 984.0
[2026-07-06 04:52:19] step 002801 | loss 0.638402 | lrm 0.7391 | dt_ms 1032.7
[2026-07-06 04:52:20] step 002802 | loss 0.551477 | lrm 0.7389 | dt_ms 1047.3
[2026-07-06 04:52:21] step 002803 | loss 0.542964 | lrm 0.7386 | dt_ms 1012.3
[2026-07-06 04:52:22] step 002804 | loss 0.557682 | lrm 0.7383 | dt_ms 1037.1
[2026-07-06 04:52:23] step 002805 | loss 0.568572 | lrm 0.7380 | dt_ms 1000.0
[2026-07-06 04:52:24] step 002806 | loss 0.564210 | lrm 0.7378 | dt_ms 982.4
[2026-07-06 04:52:25] step 002807 | loss 0.484730 | lrm 0.7375 | dt_ms 1013.6
[2026-07-06 04:52:26] step 002808 | loss 0.583598 | lrm 0.7372 | dt_ms 985.7
[2026-07-06 04:52:27] step 002809 | loss 0.556928 | lrm 0.7369 | dt_ms 1009.9
[2026-07-06 04:52:28] step 002810 | loss 0.487664 | lrm 0.7366 | dt_ms 989.4
[2026-07-06 04:52:29] step 002811 | loss 0.524359 | lrm 0.7364 | dt_ms 1061.0
[2026-07-06 04:52:30] step 002812 | loss 0.604860 | lrm 0.7361 | dt_ms 1031.3
[2026-07-06 04:52:31] step 002813 | loss 0.595630 | lrm 0.7358 | dt_ms 1016.6
[2026-07-06 04:52:32] step 002814 | loss 0.560866 | lrm 0.7355 | dt_ms 988.0
[2026-07-06 04:52:33] step 002815 | loss 0.608846 | lrm 0.7353 | dt_ms 1009.5
[2026-07-06 04:52:34] step 002816 | loss 0.468499 | lrm 0.7350 | dt_ms 1023.8
[2026-07-06 04:52:35] step 002817 | loss 0.615715 | lrm 0.7347 | dt_ms 996.5
[2026-07-06 04:52:36] step 002818 | loss 0.569770 | lrm 0.7344 | dt_ms 970.9
[2026-07-06 04:52:37] step 002819 | loss 0.612771 | lrm 0.7342 | dt_ms 1020.8
[2026-07-06 04:52:38] step 002820 | loss 0.624651 | lrm 0.7339 | dt_ms 979.0
[2026-07-06 04:52:39] step 002821 | loss 0.569466 | lrm 0.7336 | dt_ms 991.1
[2026-07-06 04:52:40] step 002822 | loss 0.467023 | lrm 0.7333 | dt_ms 1009.8
[2026-07-06 04:52:41] step 002823 | loss 0.564967 | lrm 0.7331 | dt_ms 1036.3
[2026-07-06 04:52:42] step 002824 | loss 0.561947 | lrm 0.7328 | dt_ms 964.0
[2026-07-06 04:52:43] step 002825 | loss 0.640147 | lrm 0.7325 | dt_ms 1054.7
[2026-07-06 04:52:44] step 002826 | loss 0.522633 | lrm 0.7322 | dt_ms 1027.6
[2026-07-06 04:52:45] step 002827 | loss 0.614582 | lrm 0.7320 | dt_ms 990.5
[2026-07-06 04:52:46] step 002828 | loss 0.506260 | lrm 0.7317 | dt_ms 1025.2
[2026-07-06 04:52:47] step 002829 | loss 0.593453 | lrm 0.7314 | dt_ms 1025.7
[2026-07-06 04:52:48] step 002830 | loss 0.493661 | lrm 0.7311 | dt_ms 985.8
[2026-07-06 04:52:49] step 002831 | loss 0.568307 | lrm 0.7309 | dt_ms 987.6
[2026-07-06 04:52:50] step 002832 | loss 0.589321 | lrm 0.7306 | dt_ms 972.1
[2026-07-06 04:52:51] step 002833 | loss 0.631175 | lrm 0.7303 | dt_ms 1074.7
[2026-07-06 04:52:52] step 002834 | loss 0.559696 | lrm 0.7300 | dt_ms 978.0
[2026-07-06 04:52:53] step 002835 | loss 0.474248 | lrm 0.7298 | dt_ms 1015.6
[2026-07-06 04:52:55] step 002836 | loss 0.604195 | lrm 0.7295 | dt_ms 1090.2
[2026-07-06 04:52:56] step 002837 | loss 0.597411 | lrm 0.7292 | dt_ms 998.8
[2026-07-06 04:52:57] step 002838 | loss 0.499203 | lrm 0.7289 | dt_ms 1024.3
[2026-07-06 04:52:58] step 002839 | loss 0.490036 | lrm 0.7287 | dt_ms 1017.2
[2026-07-06 04:52:59] step 002840 | loss 0.639627 | lrm 0.7284 | dt_ms 996.3
[2026-07-06 04:53:00] step 002841 | loss 0.558032 | lrm 0.7281 | dt_ms 1002.3
[2026-07-06 04:53:01] step 002842 | loss 0.526969 | lrm 0.7278 | dt_ms 1000.4
[2026-07-06 04:53:02] step 002843 | loss 0.647751 | lrm 0.7275 | dt_ms 1022.1
[2026-07-06 04:53:03] step 002844 | loss 0.575550 | lrm 0.7273 | dt_ms 1028.8
[2026-07-06 04:53:04] step 002845 | loss 0.599657 | lrm 0.7270 | dt_ms 993.7
[2026-07-06 04:53:05] step 002846 | loss 0.452978 | lrm 0.7267 | dt_ms 1038.6
[2026-07-06 04:53:06] step 002847 | loss 0.455438 | lrm 0.7264 | dt_ms 992.6
[2026-07-06 04:53:07] step 002848 | loss 0.533641 | lrm 0.7262 | dt_ms 978.9
[2026-07-06 04:53:08] step 002849 | loss 0.433058 | lrm 0.7259 | dt_ms 1019.1
[2026-07-06 04:53:09] step 002850 | loss 0.712138 | lrm 0.7256 | dt_ms 1018.0
[2026-07-06 04:53:10] step 002851 | loss 0.522562 | lrm 0.7253 | dt_ms 1070.4
[2026-07-06 04:53:11] step 002852 | loss 0.564451 | lrm 0.7251 | dt_ms 1004.3
[2026-07-06 04:53:12] step 002853 | loss 0.501887 | lrm 0.7248 | dt_ms 1015.7
[2026-07-06 04:53:13] step 002854 | loss 0.505145 | lrm 0.7245 | dt_ms 983.8
[2026-07-06 04:53:14] step 002855 | loss 0.580267 | lrm 0.7242 | dt_ms 1046.3
[2026-07-06 04:53:15] step 002856 | loss 0.523769 | lrm 0.7240 | dt_ms 1038.2
[2026-07-06 04:53:16] step 002857 | loss 0.639273 | lrm 0.7237 | dt_ms 1022.6
[2026-07-06 04:53:17] step 002858 | loss 0.556071 | lrm 0.7234 | dt_ms 1013.4
[2026-07-06 04:53:18] step 002859 | loss 0.509230 | lrm 0.7231 | dt_ms 1017.8
[2026-07-06 04:53:19] step 002860 | loss 0.659943 | lrm 0.7229 | dt_ms 1039.5
[2026-07-06 04:53:20] step 002861 | loss 0.554968 | lrm 0.7226 | dt_ms 997.8
[2026-07-06 04:53:21] step 002862 | loss 0.614482 | lrm 0.7223 | dt_ms 1010.6
[2026-07-06 04:53:22] step 002863 | loss 0.493704 | lrm 0.7220 | dt_ms 994.6
[2026-07-06 04:53:23] step 002864 | loss 0.495188 | lrm 0.7218 | dt_ms 1028.8
[2026-07-06 04:53:24] step 002865 | loss 0.593139 | lrm 0.7215 | dt_ms 1013.2
[2026-07-06 04:53:25] step 002866 | loss 0.489063 | lrm 0.7212 | dt_ms 1014.7
[2026-07-06 04:53:26] step 002867 | loss 0.597807 | lrm 0.7209 | dt_ms 990.5
[2026-07-06 04:53:27] step 002868 | loss 0.558649 | lrm 0.7207 | dt_ms 1041.0
[2026-07-06 04:53:28] step 002869 | loss 0.621933 | lrm 0.7204 | dt_ms 992.9
[2026-07-06 04:53:29] step 002870 | loss 0.552219 | lrm 0.7201 | dt_ms 1009.6
[2026-07-06 04:53:30] step 002871 | loss 0.442930 | lrm 0.7198 | dt_ms 983.0
[2026-07-06 04:53:31] step 002872 | loss 0.494729 | lrm 0.7196 | dt_ms 996.5
[2026-07-06 04:53:32] step 002873 | loss 0.477785 | lrm 0.7193 | dt_ms 983.9
[2026-07-06 04:53:33] step 002874 | loss 0.581258 | lrm 0.7190 | dt_ms 1011.8
[2026-07-06 04:53:34] step 002875 | loss 0.673216 | lrm 0.7187 | dt_ms 1078.5
[2026-07-06 04:53:35] step 002876 | loss 0.512576 | lrm 0.7184 | dt_ms 1002.3
[2026-07-06 04:53:36] step 002877 | loss 0.653621 | lrm 0.7182 | dt_ms 1028.6
[2026-07-06 04:53:37] step 002878 | loss 0.557694 | lrm 0.7179 | dt_ms 998.9
[2026-07-06 04:53:38] step 002879 | loss 0.475839 | lrm 0.7176 | dt_ms 976.2
[2026-07-06 04:53:39] step 002880 | loss 0.555300 | lrm 0.7173 | dt_ms 1011.0
[2026-07-06 04:53:40] step 002881 | loss 0.585829 | lrm 0.7171 | dt_ms 1058.8
[2026-07-06 04:53:41] step 002882 | loss 0.548603 | lrm 0.7168 | dt_ms 1021.0
[2026-07-06 04:53:42] step 002883 | loss 0.558403 | lrm 0.7165 | dt_ms 987.0
[2026-07-06 04:53:43] step 002884 | loss 0.595287 | lrm 0.7162 | dt_ms 1007.7
[2026-07-06 04:53:44] step 002885 | loss 0.588940 | lrm 0.7160 | dt_ms 1040.7
[2026-07-06 04:53:45] step 002886 | loss 0.558590 | lrm 0.7157 | dt_ms 1014.7
[2026-07-06 04:53:46] step 002887 | loss 0.603548 | lrm 0.7154 | dt_ms 1037.8
[2026-07-06 04:53:47] step 002888 | loss 0.500452 | lrm 0.7151 | dt_ms 984.5
[2026-07-06 04:53:48] step 002889 | loss 0.424647 | lrm 0.7149 | dt_ms 1004.5
[2026-07-06 04:53:49] step 002890 | loss 0.579432 | lrm 0.7146 | dt_ms 1006.3
[2026-07-06 04:53:50] step 002891 | loss 0.485824 | lrm 0.7143 | dt_ms 989.5
[2026-07-06 04:53:51] step 002892 | loss 0.539927 | lrm 0.7140 | dt_ms 1018.0
[2026-07-06 04:53:52] step 002893 | loss 0.515151 | lrm 0.7138 | dt_ms 995.9
[2026-07-06 04:53:53] step 002894 | loss 0.634296 | lrm 0.7135 | dt_ms 1007.9
[2026-07-06 04:53:54] step 002895 | loss 0.494689 | lrm 0.7132 | dt_ms 1046.7
[2026-07-06 04:53:55] step 002896 | loss 0.595315 | lrm 0.7129 | dt_ms 1011.9
[2026-07-06 04:53:56] step 002897 | loss 0.536291 | lrm 0.7127 | dt_ms 1006.5
[2026-07-06 04:53:57] step 002898 | loss 0.593479 | lrm 0.7124 | dt_ms 986.4
[2026-07-06 04:53:58] step 002899 | loss 0.550219 | lrm 0.7121 | dt_ms 1021.1
[2026-07-06 04:53:59] step 002900 | loss 0.580284 | lrm 0.7118 | dt_ms 984.1
[2026-07-06 04:54:00] step 002901 | loss 0.591377 | lrm 0.7116 | dt_ms 984.8
[2026-07-06 04:54:01] step 002902 | loss 0.616004 | lrm 0.7113 | dt_ms 1007.4
[2026-07-06 04:54:02] step 002903 | loss 0.632465 | lrm 0.7110 | dt_ms 1000.8
[2026-07-06 04:54:03] step 002904 | loss 0.639532 | lrm 0.7107 | dt_ms 981.5
[2026-07-06 04:54:04] step 002905 | loss 0.602860 | lrm 0.7104 | dt_ms 1012.1
[2026-07-06 04:54:05] step 002906 | loss 0.590894 | lrm 0.7102 | dt_ms 1003.1
[2026-07-06 04:54:06] step 002907 | loss 0.585566 | lrm 0.7099 | dt_ms 996.0
[2026-07-06 04:54:07] step 002908 | loss 0.573368 | lrm 0.7096 | dt_ms 1037.1
[2026-07-06 04:54:08] step 002909 | loss 0.578979 | lrm 0.7093 | dt_ms 968.6
[2026-07-06 04:54:12] step 002910 | loss 0.603079 | lrm 0.7091 | dt_ms 3270.6
[2026-07-06 04:54:13] step 002911 | loss 0.547216 | lrm 0.7088 | dt_ms 1034.1
[2026-07-06 04:54:14] step 002912 | loss 0.544044 | lrm 0.7085 | dt_ms 1007.5
[2026-07-06 04:54:15] step 002913 | loss 0.531041 | lrm 0.7082 | dt_ms 1009.8
[2026-07-06 04:54:16] step 002914 | loss 0.545271 | lrm 0.7080 | dt_ms 1066.8
[2026-07-06 04:54:17] step 002915 | loss 0.632361 | lrm 0.7077 | dt_ms 993.9
[2026-07-06 04:54:18] step 002916 | loss 0.634779 | lrm 0.7074 | dt_ms 1033.5
[2026-07-06 04:54:19] step 002917 | loss 0.458180 | lrm 0.7071 | dt_ms 987.9
[2026-07-06 04:54:20] step 002918 | loss 0.461206 | lrm 0.7069 | dt_ms 1068.9
[2026-07-06 04:54:21] step 002919 | loss 0.509286 | lrm 0.7066 | dt_ms 977.2
[2026-07-06 04:54:22] step 002920 | loss 0.487393 | lrm 0.7063 | dt_ms 1003.5
[2026-07-06 04:54:23] step 002921 | loss 0.610239 | lrm 0.7060 | dt_ms 989.0
[2026-07-06 04:54:24] step 002922 | loss 0.447254 | lrm 0.7058 | dt_ms 967.2
[2026-07-06 04:54:25] step 002923 | loss 0.555607 | lrm 0.7055 | dt_ms 977.6
[2026-07-06 04:54:26] step 002924 | loss 0.456446 | lrm 0.7052 | dt_ms 985.1
[2026-07-06 04:54:27] step 002925 | loss 0.582238 | lrm 0.7049 | dt_ms 1010.6
[2026-07-06 04:54:28] step 002926 | loss 0.583841 | lrm 0.7047 | dt_ms 984.6
[2026-07-06 04:54:29] step 002927 | loss 0.492128 | lrm 0.7044 | dt_ms 995.4
[2026-07-06 04:54:30] step 002928 | loss 0.538621 | lrm 0.7041 | dt_ms 981.6
[2026-07-06 04:54:31] step 002929 | loss 0.567769 | lrm 0.7038 | dt_ms 995.6
[2026-07-06 04:54:32] step 002930 | loss 0.486084 | lrm 0.7036 | dt_ms 1019.9
[2026-07-06 04:54:33] step 002931 | loss 0.606083 | lrm 0.7033 | dt_ms 988.9
[2026-07-06 04:54:34] step 002932 | loss 0.403257 | lrm 0.7030 | dt_ms 1010.6
[2026-07-06 04:54:35] step 002933 | loss 0.614320 | lrm 0.7027 | dt_ms 1000.8
[2026-07-06 04:54:36] step 002934 | loss 0.545116 | lrm 0.7025 | dt_ms 1022.4
[2026-07-06 04:54:37] step 002935 | loss 0.529203 | lrm 0.7022 | dt_ms 1003.2
[2026-07-06 04:54:38] step 002936 | loss 0.540646 | lrm 0.7019 | dt_ms 990.8
[2026-07-06 04:54:39] step 002937 | loss 0.549366 | lrm 0.7016 | dt_ms 983.3
[2026-07-06 04:54:40] step 002938 | loss 0.653108 | lrm 0.7013 | dt_ms 1042.0
[2026-07-06 04:54:41] step 002939 | loss 0.561655 | lrm 0.7011 | dt_ms 992.3
[2026-07-06 04:54:42] step 002940 | loss 0.521443 | lrm 0.7008 | dt_ms 980.8
[2026-07-06 04:54:43] step 002941 | loss 0.554527 | lrm 0.7005 | dt_ms 994.5
[2026-07-06 04:54:44] step 002942 | loss 0.566980 | lrm 0.7002 | dt_ms 999.5
[2026-07-06 04:54:45] step 002943 | loss 0.572360 | lrm 0.7000 | dt_ms 998.6
[2026-07-06 04:54:46] step 002944 | loss 0.594522 | lrm 0.6997 | dt_ms 974.2
[2026-07-06 04:54:47] step 002945 | loss 0.580408 | lrm 0.6994 | dt_ms 1028.6
[2026-07-06 04:54:48] step 002946 | loss 0.518169 | lrm 0.6991 | dt_ms 988.8
[2026-07-06 04:54:49] step 002947 | loss 0.522194 | lrm 0.6989 | dt_ms 991.5
[2026-07-06 04:54:50] step 002948 | loss 0.511437 | lrm 0.6986 | dt_ms 1002.7
[2026-07-06 04:54:51] step 002949 | loss 0.642441 | lrm 0.6983 | dt_ms 1007.9
[2026-07-06 04:54:52] step 002950 | loss 0.525339 | lrm 0.6980 | dt_ms 1037.7
[2026-07-06 04:54:53] step 002951 | loss 0.570358 | lrm 0.6978 | dt_ms 990.0
[2026-07-06 04:54:54] step 002952 | loss 0.552080 | lrm 0.6975 | dt_ms 1005.1
[2026-07-06 04:54:55] step 002953 | loss 0.535800 | lrm 0.6972 | dt_ms 971.2
[2026-07-06 04:54:56] step 002954 | loss 0.479150 | lrm 0.6969 | dt_ms 999.0
[2026-07-06 04:54:57] step 002955 | loss 0.477093 | lrm 0.6967 | dt_ms 1011.9
[2026-07-06 04:54:58] step 002956 | loss 0.628177 | lrm 0.6964 | dt_ms 1015.0
[2026-07-06 04:54:59] step 002957 | loss 0.546137 | lrm 0.6961 | dt_ms 994.9
[2026-07-06 04:55:00] step 002958 | loss 0.661918 | lrm 0.6958 | dt_ms 1011.7
[2026-07-06 04:55:01] step 002959 | loss 0.716281 | lrm 0.6956 | dt_ms 966.9
[2026-07-06 04:55:02] step 002960 | loss 0.493571 | lrm 0.6953 | dt_ms 1023.2
[2026-07-06 04:55:03] step 002961 | loss 0.541267 | lrm 0.6950 | dt_ms 980.4
[2026-07-06 04:55:04] step 002962 | loss 0.607569 | lrm 0.6947 | dt_ms 1031.7
[2026-07-06 04:55:05] step 002963 | loss 0.605714 | lrm 0.6945 | dt_ms 974.4
[2026-07-06 04:55:06] step 002964 | loss 0.526564 | lrm 0.6942 | dt_ms 1006.3
[2026-07-06 04:55:07] step 002965 | loss 0.453934 | lrm 0.6939 | dt_ms 995.0
[2026-07-06 04:55:08] step 002966 | loss 0.576218 | lrm 0.6936 | dt_ms 1025.9
[2026-07-06 04:55:09] step 002967 | loss 0.562210 | lrm 0.6934 | dt_ms 999.0
[2026-07-06 04:55:10] step 002968 | loss 0.515462 | lrm 0.6931 | dt_ms 1004.1
[2026-07-06 04:55:11] step 002969 | loss 0.597238 | lrm 0.6928 | dt_ms 1028.4
[2026-07-06 04:55:12] step 002970 | loss 0.523003 | lrm 0.6925 | dt_ms 991.0
[2026-07-06 04:55:13] step 002971 | loss 0.593397 | lrm 0.6922 | dt_ms 1001.7
[2026-07-06 04:55:14] step 002972 | loss 0.499900 | lrm 0.6920 | dt_ms 994.8
[2026-07-06 04:55:15] step 002973 | loss 0.656539 | lrm 0.6917 | dt_ms 968.3
[2026-07-06 04:55:16] step 002974 | loss 0.550446 | lrm 0.6914 | dt_ms 1029.4
[2026-07-06 04:55:17] step 002975 | loss 0.533116 | lrm 0.6911 | dt_ms 997.8
[2026-07-06 04:55:18] step 002976 | loss 0.701895 | lrm 0.6909 | dt_ms 1022.4
[2026-07-06 04:55:19] step 002977 | loss 0.531421 | lrm 0.6906 | dt_ms 1033.1
[2026-07-06 04:55:20] step 002978 | loss 0.574407 | lrm 0.6903 | dt_ms 1008.4
[2026-07-06 04:55:21] step 002979 | loss 0.557593 | lrm 0.6900 | dt_ms 1018.7
[2026-07-06 04:55:22] step 002980 | loss 0.471843 | lrm 0.6898 | dt_ms 975.3
[2026-07-06 04:55:23] step 002981 | loss 0.494652 | lrm 0.6895 | dt_ms 1058.9
[2026-07-06 04:55:24] step 002982 | loss 0.506384 | lrm 0.6892 | dt_ms 1056.7
[2026-07-06 04:55:25] step 002983 | loss 0.503447 | lrm 0.6889 | dt_ms 1043.2
[2026-07-06 04:55:26] step 002984 | loss 0.596446 | lrm 0.6887 | dt_ms 998.3
[2026-07-06 04:55:27] step 002985 | loss 0.439638 | lrm 0.6884 | dt_ms 1010.0
[2026-07-06 04:55:28] step 002986 | loss 0.586208 | lrm 0.6881 | dt_ms 1029.5
[2026-07-06 04:55:29] step 002987 | loss 0.492235 | lrm 0.6878 | dt_ms 984.0
[2026-07-06 04:55:30] step 002988 | loss 0.598152 | lrm 0.6876 | dt_ms 1008.0
[2026-07-06 04:55:31] step 002989 | loss 0.588800 | lrm 0.6873 | dt_ms 982.8
[2026-07-06 04:55:32] step 002990 | loss 0.508665 | lrm 0.6870 | dt_ms 972.4
[2026-07-06 04:55:33] step 002991 | loss 0.561644 | lrm 0.6867 | dt_ms 974.7
[2026-07-06 04:55:34] step 002992 | loss 0.606478 | lrm 0.6865 | dt_ms 1043.9
[2026-07-06 04:55:35] step 002993 | loss 0.502209 | lrm 0.6862 | dt_ms 990.5
[2026-07-06 04:55:36] step 002994 | loss 0.422535 | lrm 0.6859 | dt_ms 989.7
[2026-07-06 04:55:37] step 002995 | loss 0.584441 | lrm 0.6856 | dt_ms 1069.3
[2026-07-06 04:55:38] step 002996 | loss 0.579593 | lrm 0.6854 | dt_ms 974.8
[2026-07-06 04:55:39] step 002997 | loss 0.602363 | lrm 0.6851 | dt_ms 1009.0
[2026-07-06 04:55:40] step 002998 | loss 0.584636 | lrm 0.6848 | dt_ms 990.1
[2026-07-06 04:55:41] step 002999 | loss 0.493759 | lrm 0.6845 | dt_ms 1036.3
[2026-07-06 04:55:42] step 003000 | loss 0.536923 | lrm 0.6843 | dt_ms 1041.3
[2026-07-06 04:55:43] step 003001 | loss 0.616551 | lrm 0.6840 | dt_ms 1029.6
[2026-07-06 04:55:44] step 003002 | loss 0.622036 | lrm 0.6837 | dt_ms 1001.2
[2026-07-06 04:55:45] step 003003 | loss 0.521741 | lrm 0.6834 | dt_ms 1004.0
[2026-07-06 04:55:46] step 003004 | loss 0.556014 | lrm 0.6831 | dt_ms 1010.4
[2026-07-06 04:55:47] step 003005 | loss 0.494652 | lrm 0.6829 | dt_ms 998.2
[2026-07-06 04:55:48] step 003006 | loss 0.542162 | lrm 0.6826 | dt_ms 992.8
[2026-07-06 04:55:49] step 003007 | loss 0.560530 | lrm 0.6823 | dt_ms 1050.5
[2026-07-06 04:55:50] step 003008 | loss 0.540462 | lrm 0.6820 | dt_ms 1021.1
[2026-07-06 04:55:51] step 003009 | loss 0.532038 | lrm 0.6818 | dt_ms 991.3
[2026-07-06 04:55:52] step 003010 | loss 0.522516 | lrm 0.6815 | dt_ms 966.8
[2026-07-06 04:55:53] step 003011 | loss 0.474018 | lrm 0.6812 | dt_ms 990.2
[2026-07-06 04:55:54] step 003012 | loss 0.562677 | lrm 0.6809 | dt_ms 996.0
[2026-07-06 04:55:55] step 003013 | loss 0.552260 | lrm 0.6807 | dt_ms 1003.9
[2026-07-06 04:55:56] step 003014 | loss 0.582940 | lrm 0.6804 | dt_ms 1002.2
[2026-07-06 04:55:57] step 003015 | loss 0.529431 | lrm 0.6801 | dt_ms 1041.1
[2026-07-06 04:55:58] step 003016 | loss 0.465120 | lrm 0.6798 | dt_ms 1000.6
[2026-07-06 04:55:59] step 003017 | loss 0.560577 | lrm 0.6796 | dt_ms 1018.3
[2026-07-06 04:56:00] step 003018 | loss 0.506136 | lrm 0.6793 | dt_ms 977.6
[2026-07-06 04:56:01] step 003019 | loss 0.565249 | lrm 0.6790 | dt_ms 1019.6
[2026-07-06 04:56:02] step 003020 | loss 0.659043 | lrm 0.6787 | dt_ms 1026.8
[2026-07-06 04:56:03] step 003021 | loss 0.544765 | lrm 0.6785 | dt_ms 989.6
[2026-07-06 04:56:04] step 003022 | loss 0.528669 | lrm 0.6782 | dt_ms 1006.1
[2026-07-06 04:56:05] step 003023 | loss 0.487669 | lrm 0.6779 | dt_ms 1004.6
[2026-07-06 04:56:06] step 003024 | loss 0.547469 | lrm 0.6776 | dt_ms 991.0
[2026-07-06 04:56:07] step 003025 | loss 0.479362 | lrm 0.6774 | dt_ms 994.5
[2026-07-06 04:56:08] step 003026 | loss 0.468925 | lrm 0.6771 | dt_ms 1019.5
[2026-07-06 04:56:09] step 003027 | loss 0.521814 | lrm 0.6768 | dt_ms 1035.6
[2026-07-06 04:56:10] step 003028 | loss 0.522904 | lrm 0.6765 | dt_ms 1010.5
[2026-07-06 04:56:11] step 003029 | loss 0.718666 | lrm 0.6763 | dt_ms 1014.0
[2026-07-06 04:56:12] step 003030 | loss 0.531750 | lrm 0.6760 | dt_ms 1038.5
[2026-07-06 04:56:13] step 003031 | loss 0.521677 | lrm 0.6757 | dt_ms 988.3
[2026-07-06 04:56:14] step 003032 | loss 0.647457 | lrm 0.6754 | dt_ms 988.7
[2026-07-06 04:56:15] step 003033 | loss 0.544945 | lrm 0.6752 | dt_ms 1003.2
[2026-07-06 04:56:16] step 003034 | loss 0.517080 | lrm 0.6749 | dt_ms 1013.6
[2026-07-06 04:56:17] step 003035 | loss 0.519115 | lrm 0.6746 | dt_ms 986.3
[2026-07-06 04:56:18] step 003036 | loss 0.518808 | lrm 0.6743 | dt_ms 995.9
[2026-07-06 04:56:19] step 003037 | loss 0.506366 | lrm 0.6740 | dt_ms 1000.0
[2026-07-06 04:56:20] step 003038 | loss 0.535528 | lrm 0.6738 | dt_ms 967.4
[2026-07-06 04:56:21] step 003039 | loss 0.574473 | lrm 0.6735 | dt_ms 988.5
[2026-07-06 04:56:22] step 003040 | loss 0.555228 | lrm 0.6732 | dt_ms 982.9
[2026-07-06 04:56:23] step 003041 | loss 0.584569 | lrm 0.6729 | dt_ms 1039.6
[2026-07-06 04:56:24] step 003042 | loss 0.508283 | lrm 0.6727 | dt_ms 974.2
[2026-07-06 04:56:25] step 003043 | loss 0.438621 | lrm 0.6724 | dt_ms 988.2
[2026-07-06 04:56:26] step 003044 | loss 0.553812 | lrm 0.6721 | dt_ms 1041.5
[2026-07-06 04:56:27] step 003045 | loss 0.511622 | lrm 0.6718 | dt_ms 1006.2
[2026-07-06 04:56:28] step 003046 | loss 0.622981 | lrm 0.6716 | dt_ms 1019.5
[2026-07-06 04:56:29] step 003047 | loss 0.503229 | lrm 0.6713 | dt_ms 982.7
[2026-07-06 04:56:30] step 003048 | loss 0.657984 | lrm 0.6710 | dt_ms 1019.4
[2026-07-06 04:56:31] step 003049 | loss 0.609171 | lrm 0.6707 | dt_ms 1030.5
[2026-07-06 04:56:32] step 003050 | loss 0.508762 | lrm 0.6705 | dt_ms 982.1
[2026-07-06 04:56:33] step 003051 | loss 0.539178 | lrm 0.6702 | dt_ms 994.1
[2026-07-06 04:56:34] step 003052 | loss 0.682966 | lrm 0.6699 | dt_ms 1009.5
[2026-07-06 04:56:35] step 003053 | loss 0.586298 | lrm 0.6696 | dt_ms 984.8
[2026-07-06 04:56:36] step 003054 | loss 0.595892 | lrm 0.6694 | dt_ms 1029.6
[2026-07-06 04:56:37] step 003055 | loss 0.614475 | lrm 0.6691 | dt_ms 987.4
[2026-07-06 04:56:38] step 003056 | loss 0.624189 | lrm 0.6688 | dt_ms 1024.8
[2026-07-06 04:56:39] step 003057 | loss 0.551181 | lrm 0.6685 | dt_ms 993.4
[2026-07-06 04:56:40] step 003058 | loss 0.574146 | lrm 0.6683 | dt_ms 963.2
[2026-07-06 04:56:41] step 003059 | loss 0.513411 | lrm 0.6680 | dt_ms 1011.7
[2026-07-06 04:56:42] step 003060 | loss 0.471945 | lrm 0.6677 | dt_ms 977.3
[2026-07-06 04:56:43] step 003061 | loss 0.529228 | lrm 0.6674 | dt_ms 1012.1
[2026-07-06 04:56:44] step 003062 | loss 0.602894 | lrm 0.6672 | dt_ms 989.1
[2026-07-06 04:56:45] step 003063 | loss 0.624082 | lrm 0.6669 | dt_ms 989.1
[2026-07-06 04:56:46] step 003064 | loss 0.593348 | lrm 0.6666 | dt_ms 1003.9
[2026-07-06 04:56:47] step 003065 | loss 0.606324 | lrm 0.6663 | dt_ms 996.1
[2026-07-06 04:56:48] step 003066 | loss 0.415847 | lrm 0.6661 | dt_ms 1001.4
[2026-07-06 04:56:49] step 003067 | loss 0.534838 | lrm 0.6658 | dt_ms 991.3
[2026-07-06 04:56:50] step 003068 | loss 0.542060 | lrm 0.6655 | dt_ms 1006.3
[2026-07-06 04:56:51] step 003069 | loss 0.578757 | lrm 0.6652 | dt_ms 1011.8
[2026-07-06 04:56:52] step 003070 | loss 0.613232 | lrm 0.6649 | dt_ms 1012.3
[2026-07-06 04:56:53] step 003071 | loss 0.562623 | lrm 0.6647 | dt_ms 1014.5
[2026-07-06 04:56:54] step 003072 | loss 0.498986 | lrm 0.6644 | dt_ms 1016.3
[2026-07-06 04:56:55] step 003073 | loss 0.494972 | lrm 0.6641 | dt_ms 1005.5
[2026-07-06 04:56:56] step 003074 | loss 0.449207 | lrm 0.6638 | dt_ms 982.2
[2026-07-06 04:56:57] step 003075 | loss 0.501184 | lrm 0.6636 | dt_ms 1053.8
[2026-07-06 04:56:58] step 003076 | loss 0.596139 | lrm 0.6633 | dt_ms 971.6
[2026-07-06 04:56:59] step 003077 | loss 0.555357 | lrm 0.6630 | dt_ms 1013.4
[2026-07-06 04:57:00] step 003078 | loss 0.452145 | lrm 0.6627 | dt_ms 1020.1
[2026-07-06 04:57:01] step 003079 | loss 0.561912 | lrm 0.6625 | dt_ms 1026.9
[2026-07-06 04:57:02] step 003080 | loss 0.495759 | lrm 0.6622 | dt_ms 992.1
[2026-07-06 04:57:03] step 003081 | loss 0.506435 | lrm 0.6619 | dt_ms 1013.0
[2026-07-06 04:57:04] step 003082 | loss 0.510653 | lrm 0.6616 | dt_ms 1012.7
[2026-07-06 04:57:06] step 003083 | loss 0.523303 | lrm 0.6614 | dt_ms 1068.8
[2026-07-06 04:57:07] step 003084 | loss 0.565437 | lrm 0.6611 | dt_ms 1010.0
[2026-07-06 04:57:08] step 003085 | loss 0.541848 | lrm 0.6608 | dt_ms 1007.4
[2026-07-06 04:57:09] step 003086 | loss 0.527826 | lrm 0.6605 | dt_ms 965.4
[2026-07-06 04:57:10] step 003087 | loss 0.503470 | lrm 0.6603 | dt_ms 984.1
[2026-07-06 04:57:11] step 003088 | loss 0.456548 | lrm 0.6600 | dt_ms 1012.9
[2026-07-06 04:57:12] step 003089 | loss 0.428545 | lrm 0.6597 | dt_ms 1015.3
[2026-07-06 04:57:13] step 003090 | loss 0.561719 | lrm 0.6594 | dt_ms 991.3
[2026-07-06 04:57:14] step 003091 | loss 0.469990 | lrm 0.6592 | dt_ms 1000.3
[2026-07-06 04:57:15] step 003092 | loss 0.577274 | lrm 0.6589 | dt_ms 988.6
[2026-07-06 04:57:16] step 003093 | loss 0.585893 | lrm 0.6586 | dt_ms 1003.1
[2026-07-06 04:57:17] step 003094 | loss 0.556440 | lrm 0.6583 | dt_ms 1002.3
[2026-07-06 04:57:18] step 003095 | loss 0.571204 | lrm 0.6581 | dt_ms 979.7
[2026-07-06 04:57:19] step 003096 | loss 0.427235 | lrm 0.6578 | dt_ms 987.7
[2026-07-06 04:57:19] step 003097 | loss 0.589961 | lrm 0.6575 | dt_ms 991.4
[2026-07-06 04:57:20] step 003098 | loss 0.519004 | lrm 0.6572 | dt_ms 989.2
[2026-07-06 04:57:22] step 003099 | loss 0.570071 | lrm 0.6570 | dt_ms 1013.4
[2026-07-06 04:57:22] step 003100 | loss 0.497339 | lrm 0.6567 | dt_ms 990.9
[2026-07-06 04:57:24] step 003101 | loss 0.577430 | lrm 0.6564 | dt_ms 1015.6
[2026-07-06 04:57:25] step 003102 | loss 0.460663 | lrm 0.6561 | dt_ms 996.8
[2026-07-06 04:57:25] step 003103 | loss 0.666351 | lrm 0.6558 | dt_ms 982.0
[2026-07-06 04:57:27] step 003104 | loss 0.501121 | lrm 0.6556 | dt_ms 1055.5
[2026-07-06 04:57:28] step 003105 | loss 0.570559 | lrm 0.6553 | dt_ms 1017.2
[2026-07-06 04:57:29] step 003106 | loss 0.673087 | lrm 0.6550 | dt_ms 1010.9
[2026-07-06 04:57:30] step 003107 | loss 0.614116 | lrm 0.6547 | dt_ms 1007.3
[2026-07-06 04:57:31] step 003108 | loss 0.600581 | lrm 0.6545 | dt_ms 997.6
[2026-07-06 04:57:32] step 003109 | loss 0.588082 | lrm 0.6542 | dt_ms 979.8
[2026-07-06 04:57:33] step 003110 | loss 0.525845 | lrm 0.6539 | dt_ms 1005.8
[2026-07-06 04:57:34] step 003111 | loss 0.492720 | lrm 0.6536 | dt_ms 999.3
[2026-07-06 04:57:35] step 003112 | loss 0.571933 | lrm 0.6534 | dt_ms 1017.6
[2026-07-06 04:57:36] step 003113 | loss 0.591988 | lrm 0.6531 | dt_ms 1011.9
[2026-07-06 04:57:37] step 003114 | loss 0.519405 | lrm 0.6528 | dt_ms 976.4
[2026-07-06 04:57:38] step 003115 | loss 0.454354 | lrm 0.6525 | dt_ms 1086.0
[2026-07-06 04:57:39] step 003116 | loss 0.507343 | lrm 0.6523 | dt_ms 1010.2
[2026-07-06 04:57:40] step 003117 | loss 0.586799 | lrm 0.6520 | dt_ms 1007.9
[2026-07-06 04:57:41] step 003118 | loss 0.526934 | lrm 0.6517 | dt_ms 974.5
[2026-07-06 04:57:42] step 003119 | loss 0.574002 | lrm 0.6514 | dt_ms 976.4
[2026-07-06 04:57:43] step 003120 | loss 0.481924 | lrm 0.6512 | dt_ms 989.2
[2026-07-06 04:57:44] step 003121 | loss 0.518137 | lrm 0.6509 | dt_ms 1012.2
[2026-07-06 04:57:45] step 003122 | loss 0.554871 | lrm 0.6506 | dt_ms 1022.3
[2026-07-06 04:57:46] step 003123 | loss 0.604863 | lrm 0.6503 | dt_ms 1007.8
[2026-07-06 04:57:47] step 003124 | loss 0.535811 | lrm 0.6501 | dt_ms 1009.5
[2026-07-06 04:57:48] step 003125 | loss 0.578160 | lrm 0.6498 | dt_ms 1031.6
[2026-07-06 04:57:49] step 003126 | loss 0.508900 | lrm 0.6495 | dt_ms 977.2
[2026-07-06 04:57:50] step 003127 | loss 0.545220 | lrm 0.6492 | dt_ms 1059.4
[2026-07-06 04:57:51] step 003128 | loss 0.541989 | lrm 0.6490 | dt_ms 1024.7
[2026-07-06 04:57:52] step 003129 | loss 0.529913 | lrm 0.6487 | dt_ms 1008.5
[2026-07-06 04:57:53] step 003130 | loss 0.492525 | lrm 0.6484 | dt_ms 997.3
[2026-07-06 04:57:54] step 003131 | loss 0.559737 | lrm 0.6481 | dt_ms 1038.8
[2026-07-06 04:57:55] step 003132 | loss 0.577631 | lrm 0.6479 | dt_ms 1019.7
[2026-07-06 04:57:56] step 003133 | loss 0.581324 | lrm 0.6476 | dt_ms 983.1
[2026-07-06 04:57:57] step 003134 | loss 0.518810 | lrm 0.6473 | dt_ms 991.1
[2026-07-06 04:57:58] step 003135 | loss 0.526780 | lrm 0.6470 | dt_ms 990.8
[2026-07-06 04:57:59] step 003136 | loss 0.592224 | lrm 0.6467 | dt_ms 991.0
[2026-07-06 04:58:00] step 003137 | loss 0.548576 | lrm 0.6465 | dt_ms 1013.9
[2026-07-06 04:58:01] step 003138 | loss 0.600839 | lrm 0.6462 | dt_ms 966.7
[2026-07-06 04:58:02] step 003139 | loss 0.496264 | lrm 0.6459 | dt_ms 1042.9
[2026-07-06 04:58:03] step 003140 | loss 0.597143 | lrm 0.6456 | dt_ms 1006.1
[2026-07-06 04:58:04] step 003141 | loss 0.482184 | lrm 0.6454 | dt_ms 1027.6
[2026-07-06 04:58:05] step 003142 | loss 0.522656 | lrm 0.6451 | dt_ms 1001.0
[2026-07-06 04:58:06] step 003143 | loss 0.460440 | lrm 0.6448 | dt_ms 970.6
[2026-07-06 04:58:07] step 003144 | loss 0.503711 | lrm 0.6445 | dt_ms 1022.1
[2026-07-06 04:58:08] step 003145 | loss 0.489338 | lrm 0.6443 | dt_ms 1008.4
[2026-07-06 04:58:09] step 003146 | loss 0.533761 | lrm 0.6440 | dt_ms 1028.3
[2026-07-06 04:58:10] step 003147 | loss 0.472730 | lrm 0.6437 | dt_ms 1002.0
[2026-07-06 04:58:11] step 003148 | loss 0.600158 | lrm 0.6434 | dt_ms 1008.4
[2026-07-06 04:58:12] step 003149 | loss 0.588388 | lrm 0.6432 | dt_ms 1002.8
[2026-07-06 04:58:13] step 003150 | loss 0.533444 | lrm 0.6429 | dt_ms 1027.1
[2026-07-06 04:58:14] step 003151 | loss 0.601871 | lrm 0.6426 | dt_ms 1005.5
[2026-07-06 04:58:15] step 003152 | loss 0.542392 | lrm 0.6423 | dt_ms 1013.1
[2026-07-06 04:58:16] step 003153 | loss 0.571073 | lrm 0.6421 | dt_ms 1023.2
[2026-07-06 04:58:17] step 003154 | loss 0.588467 | lrm 0.6418 | dt_ms 1038.0
[2026-07-06 04:58:18] step 003155 | loss 0.501662 | lrm 0.6415 | dt_ms 1021.7
[2026-07-06 04:58:19] step 003156 | loss 0.649662 | lrm 0.6412 | dt_ms 1023.7
[2026-07-06 04:58:20] step 003157 | loss 0.506177 | lrm 0.6410 | dt_ms 991.2
[2026-07-06 04:58:21] step 003158 | loss 0.513640 | lrm 0.6407 | dt_ms 982.6
[2026-07-06 04:58:22] step 003159 | loss 0.709179 | lrm 0.6404 | dt_ms 1015.6
[2026-07-06 04:58:23] step 003160 | loss 0.553709 | lrm 0.6401 | dt_ms 1001.9
[2026-07-06 04:58:24] step 003161 | loss 0.523670 | lrm 0.6399 | dt_ms 1004.3
[2026-07-06 04:58:25] step 003162 | loss 0.528770 | lrm 0.6396 | dt_ms 999.0
[2026-07-06 04:58:26] step 003163 | loss 0.660208 | lrm 0.6393 | dt_ms 990.3
[2026-07-06 04:58:27] step 003164 | loss 0.601559 | lrm 0.6390 | dt_ms 982.7
[2026-07-06 04:58:28] step 003165 | loss 0.567759 | lrm 0.6388 | dt_ms 1025.5
[2026-07-06 04:58:29] step 003166 | loss 0.499219 | lrm 0.6385 | dt_ms 1023.0
[2026-07-06 04:58:30] step 003167 | loss 0.475591 | lrm 0.6382 | dt_ms 1017.3
[2026-07-06 04:58:31] step 003168 | loss 0.638344 | lrm 0.6379 | dt_ms 987.3
[2026-07-06 04:58:32] step 003169 | loss 0.550868 | lrm 0.6376 | dt_ms 1047.9
[2026-07-06 04:58:33] step 003170 | loss 0.489995 | lrm 0.6374 | dt_ms 1014.1
[2026-07-06 04:58:34] step 003171 | loss 0.464226 | lrm 0.6371 | dt_ms 1015.9
[2026-07-06 04:58:35] step 003172 | loss 0.608835 | lrm 0.6368 | dt_ms 1033.3
[2026-07-06 04:58:36] step 003173 | loss 0.477223 | lrm 0.6365 | dt_ms 1014.6
[2026-07-06 04:58:37] step 003174 | loss 0.505681 | lrm 0.6363 | dt_ms 976.9
[2026-07-06 04:58:38] step 003175 | loss 0.429140 | lrm 0.6360 | dt_ms 993.3
[2026-07-06 04:58:39] step 003176 | loss 0.586983 | lrm 0.6357 | dt_ms 1011.2
[2026-07-06 04:58:40] step 003177 | loss 0.527397 | lrm 0.6354 | dt_ms 985.0
[2026-07-06 04:58:41] step 003178 | loss 0.466888 | lrm 0.6352 | dt_ms 983.6
[2026-07-06 04:58:42] step 003179 | loss 0.576078 | lrm 0.6349 | dt_ms 1012.9
[2026-07-06 04:58:43] step 003180 | loss 0.609079 | lrm 0.6346 | dt_ms 1000.6
[2026-07-06 04:58:44] step 003181 | loss 0.486864 | lrm 0.6343 | dt_ms 1009.9
[2026-07-06 04:58:45] step 003182 | loss 0.606019 | lrm 0.6341 | dt_ms 995.9
[2026-07-06 04:58:46] step 003183 | loss 0.542515 | lrm 0.6338 | dt_ms 1013.4
[2026-07-06 04:58:47] step 003184 | loss 0.590080 | lrm 0.6335 | dt_ms 1010.0
[2026-07-06 04:58:48] step 003185 | loss 0.512629 | lrm 0.6332 | dt_ms 1009.8
[2026-07-06 04:58:49] step 003186 | loss 0.438018 | lrm 0.6330 | dt_ms 1015.4
[2026-07-06 04:58:50] step 003187 | loss 0.558048 | lrm 0.6327 | dt_ms 992.3
[2026-07-06 04:58:51] step 003188 | loss 0.442714 | lrm 0.6324 | dt_ms 1031.3
[2026-07-06 04:58:52] step 003189 | loss 0.615713 | lrm 0.6321 | dt_ms 980.9
[2026-07-06 04:58:53] step 003190 | loss 0.435104 | lrm 0.6319 | dt_ms 999.9
[2026-07-06 04:58:54] step 003191 | loss 0.511910 | lrm 0.6316 | dt_ms 1028.2
[2026-07-06 04:58:55] step 003192 | loss 0.599085 | lrm 0.6313 | dt_ms 1004.8
[2026-07-06 04:58:56] step 003193 | loss 0.534007 | lrm 0.6310 | dt_ms 1039.1
[2026-07-06 04:58:57] step 003194 | loss 0.547685 | lrm 0.6308 | dt_ms 1046.0
[2026-07-06 04:58:58] step 003195 | loss 0.565987 | lrm 0.6305 | dt_ms 988.7
[2026-07-06 04:58:59] step 003196 | loss 0.581508 | lrm 0.6302 | dt_ms 1023.8
[2026-07-06 04:59:00] step 003197 | loss 0.546898 | lrm 0.6299 | dt_ms 998.9
[2026-07-06 04:59:01] step 003198 | loss 0.527163 | lrm 0.6297 | dt_ms 1028.2
[2026-07-06 04:59:02] step 003199 | loss 0.537183 | lrm 0.6294 | dt_ms 980.4
[2026-07-06 04:59:03] step 003200 | loss 0.583705 | lrm 0.6291 | dt_ms 1017.5
[2026-07-06 04:59:04] step 003201 | loss 0.498974 | lrm 0.6288 | dt_ms 986.6
[2026-07-06 04:59:05] step 003202 | loss 0.455588 | lrm 0.6285 | dt_ms 1029.8
[2026-07-06 04:59:06] step 003203 | loss 0.435356 | lrm 0.6283 | dt_ms 969.7
[2026-07-06 04:59:07] step 003204 | loss 0.553853 | lrm 0.6280 | dt_ms 1052.8
[2026-07-06 04:59:08] step 003205 | loss 0.639105 | lrm 0.6277 | dt_ms 976.6
[2026-07-06 04:59:09] step 003206 | loss 0.524409 | lrm 0.6274 | dt_ms 1014.4
[2026-07-06 04:59:10] step 003207 | loss 0.546961 | lrm 0.6272 | dt_ms 983.6
[2026-07-06 04:59:11] step 003208 | loss 0.513651 | lrm 0.6269 | dt_ms 1007.2
[2026-07-06 04:59:12] step 003209 | loss 0.588223 | lrm 0.6266 | dt_ms 1028.5
[2026-07-06 04:59:13] step 003210 | loss 0.458927 | lrm 0.6263 | dt_ms 990.1
[2026-07-06 04:59:14] step 003211 | loss 0.387549 | lrm 0.6261 | dt_ms 1026.9
[2026-07-06 04:59:15] step 003212 | loss 0.526532 | lrm 0.6258 | dt_ms 976.3
[2026-07-06 04:59:16] step 003213 | loss 0.513265 | lrm 0.6255 | dt_ms 989.8
[2026-07-06 04:59:17] step 003214 | loss 0.533316 | lrm 0.6252 | dt_ms 967.2
[2026-07-06 04:59:18] step 003215 | loss 0.417335 | lrm 0.6250 | dt_ms 1026.5
[2026-07-06 04:59:19] step 003216 | loss 0.489618 | lrm 0.6247 | dt_ms 1011.4
[2026-07-06 04:59:20] step 003217 | loss 0.494657 | lrm 0.6244 | dt_ms 1014.7
[2026-07-06 04:59:21] step 003218 | loss 0.606444 | lrm 0.6241 | dt_ms 1032.6
[2026-07-06 04:59:23] step 003219 | loss 0.459217 | lrm 0.6239 | dt_ms 1017.6
[2026-07-06 04:59:23] step 003220 | loss 0.466536 | lrm 0.6236 | dt_ms 992.9
[2026-07-06 04:59:25] step 003221 | loss 0.599933 | lrm 0.6233 | dt_ms 1045.5
[2026-07-06 04:59:26] step 003222 | loss 0.560121 | lrm 0.6230 | dt_ms 1044.5
[2026-07-06 04:59:27] step 003223 | loss 0.524406 | lrm 0.6228 | dt_ms 999.2
[2026-07-06 04:59:28] step 003224 | loss 0.439296 | lrm 0.6225 | dt_ms 975.9
[2026-07-06 04:59:29] step 003225 | loss 0.393681 | lrm 0.6222 | dt_ms 977.1
[2026-07-06 04:59:30] step 003226 | loss 0.546376 | lrm 0.6219 | dt_ms 979.8
[2026-07-06 04:59:31] step 003227 | loss 0.582520 | lrm 0.6217 | dt_ms 981.7
[2026-07-06 04:59:31] step 003228 | loss 0.440757 | lrm 0.6214 | dt_ms 984.6
[2026-07-06 04:59:33] step 003229 | loss 0.626082 | lrm 0.6211 | dt_ms 1071.8
[2026-07-06 04:59:34] step 003230 | loss 0.515621 | lrm 0.6208 | dt_ms 988.9
[2026-07-06 04:59:35] step 003231 | loss 0.596629 | lrm 0.6206 | dt_ms 1041.4
[2026-07-06 04:59:36] step 003232 | loss 0.466428 | lrm 0.6203 | dt_ms 1062.8
[2026-07-06 04:59:37] step 003233 | loss 0.543623 | lrm 0.6200 | dt_ms 961.1
[2026-07-06 04:59:38] step 003234 | loss 0.574441 | lrm 0.6197 | dt_ms 1072.8
[2026-07-06 04:59:39] step 003235 | loss 0.554249 | lrm 0.6194 | dt_ms 1003.1
[2026-07-06 04:59:40] step 003236 | loss 0.543410 | lrm 0.6192 | dt_ms 1024.5
[2026-07-06 04:59:41] step 003237 | loss 0.651433 | lrm 0.6189 | dt_ms 987.1
[2026-07-06 04:59:42] step 003238 | loss 0.639390 | lrm 0.6186 | dt_ms 1020.0
[2026-07-06 04:59:43] step 003239 | loss 0.476170 | lrm 0.6183 | dt_ms 981.3
[2026-07-06 04:59:44] step 003240 | loss 0.457188 | lrm 0.6181 | dt_ms 1028.8
[2026-07-06 04:59:45] step 003241 | loss 0.507206 | lrm 0.6178 | dt_ms 976.5
[2026-07-06 04:59:46] step 003242 | loss 0.552036 | lrm 0.6175 | dt_ms 1050.3
[2026-07-06 04:59:47] step 003243 | loss 0.512354 | lrm 0.6172 | dt_ms 1028.7
[2026-07-06 04:59:48] step 003244 | loss 0.506600 | lrm 0.6170 | dt_ms 1005.6
[2026-07-06 04:59:49] step 003245 | loss 0.467976 | lrm 0.6167 | dt_ms 1008.1
[2026-07-06 04:59:50] step 003246 | loss 0.590237 | lrm 0.6164 | dt_ms 1009.0
[2026-07-06 04:59:51] step 003247 | loss 0.580082 | lrm 0.6161 | dt_ms 973.5
[2026-07-06 04:59:52] step 003248 | loss 0.472678 | lrm 0.6159 | dt_ms 1011.8
[2026-07-06 04:59:53] step 003249 | loss 0.487999 | lrm 0.6156 | dt_ms 1023.9
[2026-07-06 04:59:54] step 003250 | loss 0.445803 | lrm 0.6153 | dt_ms 996.0
[2026-07-06 04:59:55] step 003251 | loss 0.561188 | lrm 0.6150 | dt_ms 1005.8
[2026-07-06 04:59:56] step 003252 | loss 0.614000 | lrm 0.6148 | dt_ms 1011.4
[2026-07-06 04:59:57] step 003253 | loss 0.542953 | lrm 0.6145 | dt_ms 1034.7
[2026-07-06 04:59:58] step 003254 | loss 0.672970 | lrm 0.6142 | dt_ms 992.8
[2026-07-06 04:59:59] step 003255 | loss 0.471377 | lrm 0.6139 | dt_ms 980.6
[2026-07-06 05:00:00] step 003256 | loss 0.445438 | lrm 0.6137 | dt_ms 1030.3
[2026-07-06 05:00:01] step 003257 | loss 0.500408 | lrm 0.6134 | dt_ms 985.2
[2026-07-06 05:00:02] step 003258 | loss 0.521849 | lrm 0.6131 | dt_ms 1050.5
[2026-07-06 05:00:03] step 003259 | loss 0.512164 | lrm 0.6128 | dt_ms 1009.1
[2026-07-06 05:00:04] step 003260 | loss 0.486246 | lrm 0.6126 | dt_ms 993.1
[2026-07-06 05:00:05] step 003261 | loss 0.538512 | lrm 0.6123 | dt_ms 976.5
[2026-07-06 05:00:06] step 003262 | loss 0.515975 | lrm 0.6120 | dt_ms 986.1
[2026-07-06 05:00:07] step 003263 | loss 0.537517 | lrm 0.6117 | dt_ms 989.8
[2026-07-06 05:00:08] step 003264 | loss 0.499355 | lrm 0.6115 | dt_ms 996.5
[2026-07-06 05:00:09] step 003265 | loss 0.532326 | lrm 0.6112 | dt_ms 1012.8
[2026-07-06 05:00:10] step 003266 | loss 0.515773 | lrm 0.6109 | dt_ms 1050.5
[2026-07-06 05:00:11] step 003267 | loss 0.502702 | lrm 0.6106 | dt_ms 1020.2
[2026-07-06 05:00:12] step 003268 | loss 0.537324 | lrm 0.6103 | dt_ms 1032.3
[2026-07-06 05:00:13] step 003269 | loss 0.582826 | lrm 0.6101 | dt_ms 1001.5
[2026-07-06 05:00:14] step 003270 | loss 0.495871 | lrm 0.6098 | dt_ms 996.4
[2026-07-06 05:00:15] step 003271 | loss 0.605540 | lrm 0.6095 | dt_ms 955.0
[2026-07-06 05:00:16] step 003272 | loss 0.584192 | lrm 0.6092 | dt_ms 976.3
[2026-07-06 05:00:17] step 003273 | loss 0.484064 | lrm 0.6090 | dt_ms 1009.3
[2026-07-06 05:00:18] step 003274 | loss 0.537123 | lrm 0.6087 | dt_ms 1029.3
[2026-07-06 05:00:19] step 003275 | loss 0.558917 | lrm 0.6084 | dt_ms 1047.1
[2026-07-06 05:00:20] step 003276 | loss 0.571945 | lrm 0.6081 | dt_ms 1016.6
[2026-07-06 05:00:21] step 003277 | loss 0.557678 | lrm 0.6079 | dt_ms 966.5
[2026-07-06 05:00:22] step 003278 | loss 0.560666 | lrm 0.6076 | dt_ms 1006.1
[2026-07-06 05:00:23] step 003279 | loss 0.507736 | lrm 0.6073 | dt_ms 1003.6
[2026-07-06 05:00:24] step 003280 | loss 0.564595 | lrm 0.6070 | dt_ms 993.4
[2026-07-06 05:00:25] step 003281 | loss 0.492813 | lrm 0.6068 | dt_ms 997.6
[2026-07-06 05:00:26] step 003282 | loss 0.401278 | lrm 0.6065 | dt_ms 993.4
[2026-07-06 05:00:27] step 003283 | loss 0.525474 | lrm 0.6062 | dt_ms 1023.9
[2026-07-06 05:00:28] step 003284 | loss 0.522180 | lrm 0.6059 | dt_ms 1041.9
[2026-07-06 05:00:29] step 003285 | loss 0.510399 | lrm 0.6057 | dt_ms 1005.3
[2026-07-06 05:00:30] step 003286 | loss 0.565882 | lrm 0.6054 | dt_ms 1024.2
[2026-07-06 05:00:31] step 003287 | loss 0.554484 | lrm 0.6051 | dt_ms 987.8
[2026-07-06 05:00:32] step 003288 | loss 0.514556 | lrm 0.6048 | dt_ms 970.2
[2026-07-06 05:00:33] step 003289 | loss 0.560592 | lrm 0.6046 | dt_ms 979.4
[2026-07-06 05:00:34] step 003290 | loss 0.410338 | lrm 0.6043 | dt_ms 1007.0
[2026-07-06 05:00:35] step 003291 | loss 0.577578 | lrm 0.6040 | dt_ms 990.9
[2026-07-06 05:00:36] step 003292 | loss 0.409090 | lrm 0.6037 | dt_ms 1024.5
[2026-07-06 05:00:37] step 003293 | loss 0.530916 | lrm 0.6035 | dt_ms 1017.8
[2026-07-06 05:00:38] step 003294 | loss 0.635470 | lrm 0.6032 | dt_ms 999.6
[2026-07-06 05:00:39] step 003295 | loss 0.591009 | lrm 0.6029 | dt_ms 1020.1
[2026-07-06 05:00:40] step 003296 | loss 0.467220 | lrm 0.6026 | dt_ms 1025.1
[2026-07-06 05:00:41] step 003297 | loss 0.510203 | lrm 0.6024 | dt_ms 998.3
[2026-07-06 05:00:42] step 003298 | loss 0.508418 | lrm 0.6021 | dt_ms 1015.8
[2026-07-06 05:00:43] step 003299 | loss 0.637231 | lrm 0.6018 | dt_ms 1009.6
[2026-07-06 05:00:44] step 003300 | loss 0.613421 | lrm 0.6015 | dt_ms 970.6
[2026-07-06 05:00:45] step 003301 | loss 0.548979 | lrm 0.6012 | dt_ms 1014.1
[2026-07-06 05:00:46] step 003302 | loss 0.511008 | lrm 0.6010 | dt_ms 1001.6
[2026-07-06 05:00:47] step 003303 | loss 0.472615 | lrm 0.6007 | dt_ms 990.2
[2026-07-06 05:00:48] step 003304 | loss 0.677836 | lrm 0.6004 | dt_ms 983.2
[2026-07-06 05:00:49] step 003305 | loss 0.482530 | lrm 0.6001 | dt_ms 1058.1
[2026-07-06 05:00:50] step 003306 | loss 0.602682 | lrm 0.5999 | dt_ms 999.1
[2026-07-06 05:00:51] step 003307 | loss 0.513002 | lrm 0.5996 | dt_ms 1031.7
[2026-07-06 05:00:52] step 003308 | loss 0.449875 | lrm 0.5993 | dt_ms 998.4
[2026-07-06 05:00:53] step 003309 | loss 0.516942 | lrm 0.5990 | dt_ms 989.7
[2026-07-06 05:00:54] step 003310 | loss 0.663356 | lrm 0.5988 | dt_ms 966.7
[2026-07-06 05:00:55] step 003311 | loss 0.535029 | lrm 0.5985 | dt_ms 994.5
[2026-07-06 05:00:56] step 003312 | loss 0.506289 | lrm 0.5982 | dt_ms 1045.6
[2026-07-06 05:00:57] step 003313 | loss 0.418952 | lrm 0.5979 | dt_ms 1036.1
[2026-07-06 05:00:58] step 003314 | loss 0.534180 | lrm 0.5977 | dt_ms 999.2
[2026-07-06 05:00:59] step 003315 | loss 0.495248 | lrm 0.5974 | dt_ms 1004.9
[2026-07-06 05:01:00] step 003316 | loss 0.486890 | lrm 0.5971 | dt_ms 1000.6
[2026-07-06 05:01:01] step 003317 | loss 0.576998 | lrm 0.5968 | dt_ms 995.8
[2026-07-06 05:01:02] step 003318 | loss 0.515918 | lrm 0.5966 | dt_ms 1082.8
[2026-07-06 05:01:03] step 003319 | loss 0.507965 | lrm 0.5963 | dt_ms 1026.4
[2026-07-06 05:01:04] step 003320 | loss 0.469294 | lrm 0.5960 | dt_ms 996.8
[2026-07-06 05:01:05] step 003321 | loss 0.582029 | lrm 0.5957 | dt_ms 966.3
[2026-07-06 05:01:06] step 003322 | loss 0.556390 | lrm 0.5955 | dt_ms 1011.4
[2026-07-06 05:01:07] step 003323 | loss 0.522455 | lrm 0.5952 | dt_ms 1001.2
[2026-07-06 05:01:08] step 003324 | loss 0.475345 | lrm 0.5949 | dt_ms 986.0
[2026-07-06 05:01:09] step 003325 | loss 0.651602 | lrm 0.5946 | dt_ms 969.1
[2026-07-06 05:01:10] step 003326 | loss 0.488937 | lrm 0.5944 | dt_ms 985.7
[2026-07-06 05:01:11] step 003327 | loss 0.495505 | lrm 0.5941 | dt_ms 1018.0
[2026-07-06 05:01:12] step 003328 | loss 0.404515 | lrm 0.5938 | dt_ms 991.4
[2026-07-06 05:01:13] step 003329 | loss 0.593896 | lrm 0.5935 | dt_ms 1027.3
[2026-07-06 05:01:14] step 003330 | loss 0.551976 | lrm 0.5933 | dt_ms 992.5
[2026-07-06 05:01:15] step 003331 | loss 0.539857 | lrm 0.5930 | dt_ms 995.5
[2026-07-06 05:01:16] step 003332 | loss 0.475962 | lrm 0.5927 | dt_ms 967.9
[2026-07-06 05:01:17] step 003333 | loss 0.524690 | lrm 0.5924 | dt_ms 1009.3
[2026-07-06 05:01:18] step 003334 | loss 0.535557 | lrm 0.5921 | dt_ms 974.6
[2026-07-06 05:01:19] step 003335 | loss 0.613107 | lrm 0.5919 | dt_ms 1029.5
[2026-07-06 05:01:20] step 003336 | loss 0.594365 | lrm 0.5916 | dt_ms 1018.5
[2026-07-06 05:01:21] step 003337 | loss 0.518615 | lrm 0.5913 | dt_ms 1050.2
[2026-07-06 05:01:22] step 003338 | loss 0.450083 | lrm 0.5910 | dt_ms 1024.7
[2026-07-06 05:01:23] step 003339 | loss 0.450328 | lrm 0.5908 | dt_ms 1032.4
[2026-07-06 05:01:24] step 003340 | loss 0.529696 | lrm 0.5905 | dt_ms 995.3
[2026-07-06 05:01:25] step 003341 | loss 0.491463 | lrm 0.5902 | dt_ms 1042.4
[2026-07-06 05:01:26] step 003342 | loss 0.484819 | lrm 0.5899 | dt_ms 1011.8
[2026-07-06 05:01:27] step 003343 | loss 0.615295 | lrm 0.5897 | dt_ms 1011.0
[2026-07-06 05:01:28] step 003344 | loss 0.516881 | lrm 0.5894 | dt_ms 1010.8
[2026-07-06 05:01:30] step 003345 | loss 0.557308 | lrm 0.5891 | dt_ms 1042.9
[2026-07-06 05:01:30] step 003346 | loss 0.448472 | lrm 0.5888 | dt_ms 993.9
[2026-07-06 05:01:32] step 003347 | loss 0.571472 | lrm 0.5886 | dt_ms 1027.4
[2026-07-06 05:01:33] step 003348 | loss 0.568415 | lrm 0.5883 | dt_ms 1015.0
[2026-07-06 05:01:34] step 003349 | loss 0.595620 | lrm 0.5880 | dt_ms 1003.2
[2026-07-06 05:01:35] step 003350 | loss 0.438015 | lrm 0.5877 | dt_ms 1069.9
[2026-07-06 05:01:36] step 003351 | loss 0.513022 | lrm 0.5875 | dt_ms 976.7
[2026-07-06 05:01:37] step 003352 | loss 0.534117 | lrm 0.5872 | dt_ms 1037.7
[2026-07-06 05:01:38] step 003353 | loss 0.604730 | lrm 0.5869 | dt_ms 1001.9
[2026-07-06 05:01:39] step 003354 | loss 0.463219 | lrm 0.5866 | dt_ms 1035.9
[2026-07-06 05:01:40] step 003355 | loss 0.511573 | lrm 0.5864 | dt_ms 989.4
[2026-07-06 05:01:41] step 003356 | loss 0.627776 | lrm 0.5861 | dt_ms 1077.9
[2026-07-06 05:01:42] step 003357 | loss 0.497224 | lrm 0.5858 | dt_ms 1023.2
[2026-07-06 05:01:43] step 003358 | loss 0.503891 | lrm 0.5855 | dt_ms 955.0
[2026-07-06 05:01:44] step 003359 | loss 0.549596 | lrm 0.5853 | dt_ms 1017.9
[2026-07-06 05:01:45] step 003360 | loss 0.566111 | lrm 0.5850 | dt_ms 969.5
[2026-07-06 05:01:46] step 003361 | loss 0.616087 | lrm 0.5847 | dt_ms 1007.8
[2026-07-06 05:01:47] step 003362 | loss 0.595303 | lrm 0.5844 | dt_ms 973.9
[2026-07-06 05:01:50] step 003363 | loss 0.531609 | lrm 0.5842 | dt_ms 3663.8
[2026-07-06 05:01:51] step 003364 | loss 0.527740 | lrm 0.5839 | dt_ms 1006.5
[2026-07-06 05:01:52] step 003365 | loss 0.467153 | lrm 0.5836 | dt_ms 990.9
[2026-07-06 05:01:53] step 003366 | loss 0.541872 | lrm 0.5833 | dt_ms 1039.2
[2026-07-06 05:01:54] step 003367 | loss 0.600096 | lrm 0.5830 | dt_ms 978.1
[2026-07-06 05:01:55] step 003368 | loss 0.585210 | lrm 0.5828 | dt_ms 1027.5
[2026-07-06 05:01:56] step 003369 | loss 0.523280 | lrm 0.5825 | dt_ms 1087.9
[2026-07-06 05:02:00] step 003370 | loss 0.445368 | lrm 0.5822 | dt_ms 3555.8
[2026-07-06 05:02:01] step 003371 | loss 0.620274 | lrm 0.5819 | dt_ms 1020.6
[2026-07-06 05:02:02] step 003372 | loss 0.476986 | lrm 0.5817 | dt_ms 999.5
[2026-07-06 05:02:03] step 003373 | loss 0.449274 | lrm 0.5814 | dt_ms 994.8
[2026-07-06 05:02:04] step 003374 | loss 0.493328 | lrm 0.5811 | dt_ms 1025.9
[2026-07-06 05:02:05] step 003375 | loss 0.537168 | lrm 0.5808 | dt_ms 981.4
[2026-07-06 05:02:06] step 003376 | loss 0.537334 | lrm 0.5806 | dt_ms 1021.0
[2026-07-06 05:02:07] step 003377 | loss 0.606693 | lrm 0.5803 | dt_ms 1044.3
[2026-07-06 05:02:08] step 003378 | loss 0.537764 | lrm 0.5800 | dt_ms 1002.8
[2026-07-06 05:02:09] step 003379 | loss 0.559505 | lrm 0.5797 | dt_ms 1063.0
[2026-07-06 05:02:10] step 003380 | loss 0.487561 | lrm 0.5795 | dt_ms 1001.6
[2026-07-06 05:02:11] step 003381 | loss 0.476980 | lrm 0.5792 | dt_ms 1029.2
[2026-07-06 05:02:12] step 003382 | loss 0.555772 | lrm 0.5789 | dt_ms 1011.6
[2026-07-06 05:02:13] step 003383 | loss 0.558874 | lrm 0.5786 | dt_ms 1035.4
[2026-07-06 05:02:14] step 003384 | loss 0.489247 | lrm 0.5784 | dt_ms 973.4
[2026-07-06 05:02:15] step 003385 | loss 0.547245 | lrm 0.5781 | dt_ms 973.7
[2026-07-06 05:02:16] step 003386 | loss 0.461853 | lrm 0.5778 | dt_ms 1012.0
[2026-07-06 05:02:17] step 003387 | loss 0.535506 | lrm 0.5775 | dt_ms 974.5
[2026-07-06 05:02:18] step 003388 | loss 0.557980 | lrm 0.5773 | dt_ms 995.6
[2026-07-06 05:02:19] step 003389 | loss 0.529905 | lrm 0.5770 | dt_ms 1001.3
[2026-07-06 05:02:20] step 003390 | loss 0.543329 | lrm 0.5767 | dt_ms 1059.3
[2026-07-06 05:02:21] step 003391 | loss 0.526711 | lrm 0.5764 | dt_ms 966.5
[2026-07-06 05:02:22] step 003392 | loss 0.576796 | lrm 0.5762 | dt_ms 1072.8
[2026-07-06 05:02:23] step 003393 | loss 0.496785 | lrm 0.5759 | dt_ms 1010.0
[2026-07-06 05:02:24] step 003394 | loss 0.475479 | lrm 0.5756 | dt_ms 998.0
[2026-07-06 05:02:25] step 003395 | loss 0.560216 | lrm 0.5753 | dt_ms 986.7
[2026-07-06 05:02:26] step 003396 | loss 0.544658 | lrm 0.5751 | dt_ms 1037.2
[2026-07-06 05:02:27] step 003397 | loss 0.532061 | lrm 0.5748 | dt_ms 1031.8
[2026-07-06 05:02:28] step 003398 | loss 0.526668 | lrm 0.5745 | dt_ms 1031.5
[2026-07-06 05:02:29] step 003399 | loss 0.473634 | lrm 0.5742 | dt_ms 1034.9
[2026-07-06 05:02:30] step 003400 | loss 0.578780 | lrm 0.5739 | dt_ms 978.7
[2026-07-06 05:02:31] step 003401 | loss 0.426575 | lrm 0.5737 | dt_ms 977.6
[2026-07-06 05:02:32] step 003402 | loss 0.470811 | lrm 0.5734 | dt_ms 984.8
[2026-07-06 05:02:33] step 003403 | loss 0.583998 | lrm 0.5731 | dt_ms 1049.0
[2026-07-06 05:02:34] step 003404 | loss 0.480783 | lrm 0.5728 | dt_ms 1061.1
[2026-07-06 05:02:35] step 003405 | loss 0.543132 | lrm 0.5726 | dt_ms 991.9
[2026-07-06 05:02:37] step 003406 | loss 0.540632 | lrm 0.5723 | dt_ms 1018.1
[2026-07-06 05:02:37] step 003407 | loss 0.554502 | lrm 0.5720 | dt_ms 994.8
[2026-07-06 05:02:38] step 003408 | loss 0.589217 | lrm 0.5717 | dt_ms 993.7
[2026-07-06 05:02:40] step 003409 | loss 0.648144 | lrm 0.5715 | dt_ms 1021.2
[2026-07-06 05:02:41] step 003410 | loss 0.535447 | lrm 0.5712 | dt_ms 1041.0
[2026-07-06 05:02:42] step 003411 | loss 0.569040 | lrm 0.5709 | dt_ms 1008.0
[2026-07-06 05:02:43] step 003412 | loss 0.593094 | lrm 0.5706 | dt_ms 978.8
[2026-07-06 05:02:44] step 003413 | loss 0.493093 | lrm 0.5704 | dt_ms 987.4
[2026-07-06 05:02:45] step 003414 | loss 0.533854 | lrm 0.5701 | dt_ms 1048.3
[2026-07-06 05:02:46] step 003415 | loss 0.570089 | lrm 0.5698 | dt_ms 990.4
[2026-07-06 05:02:47] step 003416 | loss 0.566662 | lrm 0.5695 | dt_ms 1025.2
[2026-07-06 05:02:48] step 003417 | loss 0.521865 | lrm 0.5693 | dt_ms 1010.6
[2026-07-06 05:02:49] step 003418 | loss 0.524765 | lrm 0.5690 | dt_ms 998.9
[2026-07-06 05:02:50] step 003419 | loss 0.473701 | lrm 0.5687 | dt_ms 969.6
[2026-07-06 05:02:51] step 003420 | loss 0.478795 | lrm 0.5684 | dt_ms 994.0
[2026-07-06 05:02:52] step 003421 | loss 0.438482 | lrm 0.5682 | dt_ms 1013.7
[2026-07-06 05:02:53] step 003422 | loss 0.450697 | lrm 0.5679 | dt_ms 1051.0
[2026-07-06 05:02:54] step 003423 | loss 0.493343 | lrm 0.5676 | dt_ms 1017.7
[2026-07-06 05:02:55] step 003424 | loss 0.471230 | lrm 0.5673 | dt_ms 1009.7
[2026-07-06 05:02:56] step 003425 | loss 0.511580 | lrm 0.5671 | dt_ms 993.5
[2026-07-06 05:02:57] step 003426 | loss 0.515689 | lrm 0.5668 | dt_ms 1028.1
[2026-07-06 05:02:58] step 003427 | loss 0.524741 | lrm 0.5665 | dt_ms 1013.0
[2026-07-06 05:02:59] step 003428 | loss 0.473396 | lrm 0.5662 | dt_ms 993.9
[2026-07-06 05:03:00] step 003429 | loss 0.450439 | lrm 0.5660 | dt_ms 1011.1
[2026-07-06 05:03:01] step 003430 | loss 0.502804 | lrm 0.5657 | dt_ms 1019.1
[2026-07-06 05:03:02] step 003431 | loss 0.536125 | lrm 0.5654 | dt_ms 1023.5
[2026-07-06 05:03:03] step 003432 | loss 0.520289 | lrm 0.5651 | dt_ms 1028.0
[2026-07-06 05:03:04] step 003433 | loss 0.511466 | lrm 0.5648 | dt_ms 960.4
[2026-07-06 05:03:05] step 003434 | loss 0.501397 | lrm 0.5646 | dt_ms 1000.8
[2026-07-06 05:03:06] step 003435 | loss 0.523222 | lrm 0.5643 | dt_ms 993.0
[2026-07-06 05:03:07] step 003436 | loss 0.583163 | lrm 0.5640 | dt_ms 1023.2
[2026-07-06 05:03:08] step 003437 | loss 0.434986 | lrm 0.5637 | dt_ms 976.8
[2026-07-06 05:03:09] step 003438 | loss 0.627491 | lrm 0.5635 | dt_ms 1035.5
[2026-07-06 05:03:10] step 003439 | loss 0.421434 | lrm 0.5632 | dt_ms 1004.1
[2026-07-06 05:03:11] step 003440 | loss 0.568669 | lrm 0.5629 | dt_ms 993.4
[2026-07-06 05:03:12] step 003441 | loss 0.520031 | lrm 0.5626 | dt_ms 1026.7
[2026-07-06 05:03:13] step 003442 | loss 0.448730 | lrm 0.5624 | dt_ms 1015.9
[2026-07-06 05:03:14] step 003443 | loss 0.460970 | lrm 0.5621 | dt_ms 1001.3
[2026-07-06 05:03:15] step 003444 | loss 0.487672 | lrm 0.5618 | dt_ms 980.1
[2026-07-06 05:03:16] step 003445 | loss 0.628993 | lrm 0.5615 | dt_ms 1004.2
[2026-07-06 05:03:17] step 003446 | loss 0.498185 | lrm 0.5613 | dt_ms 1020.2
[2026-07-06 05:03:18] step 003447 | loss 0.536580 | lrm 0.5610 | dt_ms 1010.8
[2026-07-06 05:03:19] step 003448 | loss 0.474377 | lrm 0.5607 | dt_ms 984.5
[2026-07-06 05:03:20] step 003449 | loss 0.450172 | lrm 0.5604 | dt_ms 1002.3
[2026-07-06 05:03:21] step 003450 | loss 0.569189 | lrm 0.5602 | dt_ms 1022.7
[2026-07-06 05:03:22] step 003451 | loss 0.482352 | lrm 0.5599 | dt_ms 1020.5
[2026-07-06 05:03:23] step 003452 | loss 0.544763 | lrm 0.5596 | dt_ms 1013.7
[2026-07-06 05:03:24] step 003453 | loss 0.521049 | lrm 0.5593 | dt_ms 1051.5
[2026-07-06 05:03:25] step 003454 | loss 0.564287 | lrm 0.5591 | dt_ms 1008.5
[2026-07-06 05:03:26] step 003455 | loss 0.613643 | lrm 0.5588 | dt_ms 1005.2
[2026-07-06 05:03:27] step 003456 | loss 0.541293 | lrm 0.5585 | dt_ms 1008.6
[2026-07-06 05:03:28] step 003457 | loss 0.448726 | lrm 0.5582 | dt_ms 1000.6
[2026-07-06 05:03:29] step 003458 | loss 0.568708 | lrm 0.5580 | dt_ms 1001.8
[2026-07-06 05:03:30] step 003459 | loss 0.460998 | lrm 0.5577 | dt_ms 1080.8
[2026-07-06 05:03:31] step 003460 | loss 0.589792 | lrm 0.5574 | dt_ms 1023.4
[2026-07-06 05:03:32] step 003461 | loss 0.519110 | lrm 0.5571 | dt_ms 1019.6
[2026-07-06 05:03:33] step 003462 | loss 0.578814 | lrm 0.5569 | dt_ms 1012.6
[2026-07-06 05:03:34] step 003463 | loss 0.632721 | lrm 0.5566 | dt_ms 1010.0
[2026-07-06 05:03:35] step 003464 | loss 0.566678 | lrm 0.5563 | dt_ms 1018.2
[2026-07-06 05:03:36] step 003465 | loss 0.453889 | lrm 0.5560 | dt_ms 1012.5
[2026-07-06 05:03:37] step 003466 | loss 0.520756 | lrm 0.5557 | dt_ms 1027.4
[2026-07-06 05:03:38] step 003467 | loss 0.517275 | lrm 0.5555 | dt_ms 997.4
[2026-07-06 05:03:39] step 003468 | loss 0.416966 | lrm 0.5552 | dt_ms 1010.2
[2026-07-06 05:03:40] step 003469 | loss 0.494147 | lrm 0.5549 | dt_ms 1010.1
[2026-07-06 05:03:41] step 003470 | loss 0.519459 | lrm 0.5546 | dt_ms 987.2
[2026-07-06 05:03:42] step 003471 | loss 0.582747 | lrm 0.5544 | dt_ms 1024.5
[2026-07-06 05:03:43] step 003472 | loss 0.539661 | lrm 0.5541 | dt_ms 1011.2
[2026-07-06 05:03:44] step 003473 | loss 0.605744 | lrm 0.5538 | dt_ms 1026.3
[2026-07-06 05:03:45] step 003474 | loss 0.510240 | lrm 0.5535 | dt_ms 1008.9
[2026-07-06 05:03:46] step 003475 | loss 0.528986 | lrm 0.5533 | dt_ms 1021.4
[2026-07-06 05:03:47] step 003476 | loss 0.568993 | lrm 0.5530 | dt_ms 1011.1
[2026-07-06 05:03:48] step 003477 | loss 0.472388 | lrm 0.5527 | dt_ms 999.6
[2026-07-06 05:03:49] step 003478 | loss 0.611349 | lrm 0.5524 | dt_ms 1022.9
[2026-07-06 05:03:50] step 003479 | loss 0.504743 | lrm 0.5522 | dt_ms 985.9
[2026-07-06 05:03:51] step 003480 | loss 0.543242 | lrm 0.5519 | dt_ms 1019.7
[2026-07-06 05:03:52] step 003481 | loss 0.616957 | lrm 0.5516 | dt_ms 1015.0
[2026-07-06 05:03:53] step 003482 | loss 0.558295 | lrm 0.5513 | dt_ms 973.2
[2026-07-06 05:03:54] step 003483 | loss 0.521106 | lrm 0.5511 | dt_ms 1025.8
[2026-07-06 05:03:55] step 003484 | loss 0.530984 | lrm 0.5508 | dt_ms 981.8
[2026-07-06 05:03:56] step 003485 | loss 0.460238 | lrm 0.5505 | dt_ms 1002.0
[2026-07-06 05:03:57] step 003486 | loss 0.558076 | lrm 0.5502 | dt_ms 1017.0
[2026-07-06 05:03:58] step 003487 | loss 0.619581 | lrm 0.5500 | dt_ms 976.0
[2026-07-06 05:03:59] step 003488 | loss 0.533181 | lrm 0.5497 | dt_ms 1030.4
[2026-07-06 05:04:00] step 003489 | loss 0.485368 | lrm 0.5494 | dt_ms 994.5
[2026-07-06 05:04:01] step 003490 | loss 0.465635 | lrm 0.5491 | dt_ms 1049.2
[2026-07-06 05:04:02] step 003491 | loss 0.427764 | lrm 0.5489 | dt_ms 992.5
[2026-07-06 05:04:03] step 003492 | loss 0.605561 | lrm 0.5486 | dt_ms 1027.2
[2026-07-06 05:04:04] step 003493 | loss 0.492784 | lrm 0.5483 | dt_ms 1004.1
[2026-07-06 05:04:05] step 003494 | loss 0.513676 | lrm 0.5480 | dt_ms 977.0
[2026-07-06 05:04:06] step 003495 | loss 0.564921 | lrm 0.5478 | dt_ms 999.0
[2026-07-06 05:04:07] step 003496 | loss 0.497684 | lrm 0.5475 | dt_ms 1005.5
[2026-07-06 05:04:08] step 003497 | loss 0.511706 | lrm 0.5472 | dt_ms 995.5
[2026-07-06 05:04:09] step 003498 | loss 0.494260 | lrm 0.5469 | dt_ms 997.9
[2026-07-06 05:04:10] step 003499 | loss 0.458451 | lrm 0.5466 | dt_ms 1007.9
[2026-07-06 05:04:11] step 003500 | loss 0.506426 | lrm 0.5464 | dt_ms 1011.5
[2026-07-06 05:04:12] step 003501 | loss 0.407732 | lrm 0.5461 | dt_ms 1036.0
[2026-07-06 05:04:13] step 003502 | loss 0.439070 | lrm 0.5458 | dt_ms 990.9
[2026-07-06 05:04:14] step 003503 | loss 0.549108 | lrm 0.5455 | dt_ms 1054.9
[2026-07-06 05:04:15] step 003504 | loss 0.532435 | lrm 0.5453 | dt_ms 1012.5
[2026-07-06 05:04:16] step 003505 | loss 0.570876 | lrm 0.5450 | dt_ms 999.1
[2026-07-06 05:04:18] step 003506 | loss 0.465310 | lrm 0.5447 | dt_ms 1019.0
[2026-07-06 05:04:18] step 003507 | loss 0.533811 | lrm 0.5444 | dt_ms 978.0
[2026-07-06 05:04:20] step 003508 | loss 0.619134 | lrm 0.5442 | dt_ms 1025.1
[2026-07-06 05:04:21] step 003509 | loss 0.511869 | lrm 0.5439 | dt_ms 1010.5
[2026-07-06 05:04:22] step 003510 | loss 0.468920 | lrm 0.5436 | dt_ms 1011.0
[2026-07-06 05:04:23] step 003511 | loss 0.489137 | lrm 0.5433 | dt_ms 1021.8
[2026-07-06 05:04:24] step 003512 | loss 0.593801 | lrm 0.5431 | dt_ms 969.0
[2026-07-06 05:04:25] step 003513 | loss 0.433214 | lrm 0.5428 | dt_ms 981.0
[2026-07-06 05:04:26] step 003514 | loss 0.527796 | lrm 0.5425 | dt_ms 989.0
[2026-07-06 05:04:27] step 003515 | loss 0.453531 | lrm 0.5422 | dt_ms 1042.6
[2026-07-06 05:04:28] step 003516 | loss 0.514026 | lrm 0.5420 | dt_ms 1009.1
[2026-07-06 05:04:29] step 003517 | loss 0.556476 | lrm 0.5417 | dt_ms 1017.8
[2026-07-06 05:04:30] step 003518 | loss 0.477510 | lrm 0.5414 | dt_ms 1011.5
[2026-07-06 05:04:31] step 003519 | loss 0.576084 | lrm 0.5411 | dt_ms 994.6
[2026-07-06 05:04:32] step 003520 | loss 0.540305 | lrm 0.5409 | dt_ms 1027.0
[2026-07-06 05:04:33] step 003521 | loss 0.486036 | lrm 0.5406 | dt_ms 982.6
[2026-07-06 05:04:34] step 003522 | loss 0.544540 | lrm 0.5403 | dt_ms 1034.3
[2026-07-06 05:04:35] step 003523 | loss 0.493939 | lrm 0.5400 | dt_ms 987.4
[2026-07-06 05:04:37] step 003524 | loss 0.571760 | lrm 0.5398 | dt_ms 2815.4
[2026-07-06 05:04:38] step 003525 | loss 0.538397 | lrm 0.5395 | dt_ms 1002.1
[2026-07-06 05:04:39] step 003526 | loss 0.502543 | lrm 0.5392 | dt_ms 963.9
[2026-07-06 05:04:40] step 003527 | loss 0.512687 | lrm 0.5389 | dt_ms 999.9
[2026-07-06 05:04:41] step 003528 | loss 0.417967 | lrm 0.5387 | dt_ms 982.0
[2026-07-06 05:04:42] step 003529 | loss 0.525876 | lrm 0.5384 | dt_ms 1015.0
[2026-07-06 05:04:43] step 003530 | loss 0.481256 | lrm 0.5381 | dt_ms 997.1
[2026-07-06 05:04:44] step 003531 | loss 0.536382 | lrm 0.5378 | dt_ms 996.8
[2026-07-06 05:04:45] step 003532 | loss 0.480844 | lrm 0.5375 | dt_ms 1049.4
[2026-07-06 05:04:46] step 003533 | loss 0.530229 | lrm 0.5373 | dt_ms 972.7
[2026-07-06 05:04:47] step 003534 | loss 0.558417 | lrm 0.5370 | dt_ms 1033.9
[2026-07-06 05:04:48] step 003535 | loss 0.489513 | lrm 0.5367 | dt_ms 1002.8
[2026-07-06 05:04:49] step 003536 | loss 0.519086 | lrm 0.5364 | dt_ms 996.2
[2026-07-06 05:04:50] step 003537 | loss 0.500208 | lrm 0.5362 | dt_ms 1010.1
[2026-07-06 05:04:51] step 003538 | loss 0.524935 | lrm 0.5359 | dt_ms 984.2
[2026-07-06 05:04:52] step 003539 | loss 0.538311 | lrm 0.5356 | dt_ms 1058.4
[2026-07-06 05:04:54] step 003540 | loss 0.449417 | lrm 0.5353 | dt_ms 1039.3
[2026-07-06 05:04:55] step 003541 | loss 0.496609 | lrm 0.5351 | dt_ms 1023.0
[2026-07-06 05:04:56] step 003542 | loss 0.526527 | lrm 0.5348 | dt_ms 990.9
[2026-07-06 05:04:57] step 003543 | loss 0.601688 | lrm 0.5345 | dt_ms 975.3
[2026-07-06 05:04:58] step 003544 | loss 0.534632 | lrm 0.5342 | dt_ms 1026.5
[2026-07-06 05:04:59] step 003545 | loss 0.581075 | lrm 0.5340 | dt_ms 1042.6
[2026-07-06 05:05:00] step 003546 | loss 0.487196 | lrm 0.5337 | dt_ms 978.9
[2026-07-06 05:05:01] step 003547 | loss 0.586091 | lrm 0.5334 | dt_ms 992.7
[2026-07-06 05:05:02] step 003548 | loss 0.529849 | lrm 0.5331 | dt_ms 1025.6
[2026-07-06 05:05:03] step 003549 | loss 0.525452 | lrm 0.5329 | dt_ms 984.9
[2026-07-06 05:05:04] step 003550 | loss 0.432799 | lrm 0.5326 | dt_ms 991.8
[2026-07-06 05:05:05] step 003551 | loss 0.615887 | lrm 0.5323 | dt_ms 1038.4
[2026-07-06 05:05:06] step 003552 | loss 0.551455 | lrm 0.5320 | dt_ms 1003.2
[2026-07-06 05:05:07] step 003553 | loss 0.475252 | lrm 0.5318 | dt_ms 1004.3
[2026-07-06 05:05:08] step 003554 | loss 0.548617 | lrm 0.5315 | dt_ms 1010.0
[2026-07-06 05:05:09] step 003555 | loss 0.484968 | lrm 0.5312 | dt_ms 1053.5
[2026-07-06 05:05:10] step 003556 | loss 0.464350 | lrm 0.5309 | dt_ms 1015.4
[2026-07-06 05:05:11] step 003557 | loss 0.571653 | lrm 0.5307 | dt_ms 1007.0
[2026-07-06 05:05:12] step 003558 | loss 0.596984 | lrm 0.5304 | dt_ms 1004.5
[2026-07-06 05:05:13] step 003559 | loss 0.496636 | lrm 0.5301 | dt_ms 1014.9
[2026-07-06 05:05:14] step 003560 | loss 0.453263 | lrm 0.5298 | dt_ms 1033.6
[2026-07-06 05:05:15] step 003561 | loss 0.513275 | lrm 0.5296 | dt_ms 963.5
[2026-07-06 05:05:16] step 003562 | loss 0.438633 | lrm 0.5293 | dt_ms 1039.1
[2026-07-06 05:05:17] step 003563 | loss 0.592597 | lrm 0.5290 | dt_ms 996.4
[2026-07-06 05:05:18] step 003564 | loss 0.498293 | lrm 0.5287 | dt_ms 1022.4
[2026-07-06 05:05:19] step 003565 | loss 0.508361 | lrm 0.5284 | dt_ms 1053.2
[2026-07-06 05:05:20] step 003566 | loss 0.512897 | lrm 0.5282 | dt_ms 1005.6
[2026-07-06 05:05:21] step 003567 | loss 0.487903 | lrm 0.5279 | dt_ms 1064.8
[2026-07-06 05:05:22] step 003568 | loss 0.546696 | lrm 0.5276 | dt_ms 997.9
[2026-07-06 05:05:23] step 003569 | loss 0.529646 | lrm 0.5273 | dt_ms 1000.6
[2026-07-06 05:05:24] step 003570 | loss 0.537196 | lrm 0.5271 | dt_ms 1001.5
[2026-07-06 05:05:25] step 003571 | loss 0.582622 | lrm 0.5268 | dt_ms 992.4
[2026-07-06 05:05:26] step 003572 | loss 0.539838 | lrm 0.5265 | dt_ms 1015.1
[2026-07-06 05:05:27] step 003573 | loss 0.522875 | lrm 0.5262 | dt_ms 991.1
[2026-07-06 05:05:28] step 003574 | loss 0.584391 | lrm 0.5260 | dt_ms 1013.6
[2026-07-06 05:05:29] step 003575 | loss 0.600252 | lrm 0.5257 | dt_ms 992.1
[2026-07-06 05:05:30] step 003576 | loss 0.592378 | lrm 0.5254 | dt_ms 981.8
[2026-07-06 05:05:31] step 003577 | loss 0.580588 | lrm 0.5251 | dt_ms 999.6
[2026-07-06 05:05:32] step 003578 | loss 0.556461 | lrm 0.5249 | dt_ms 1021.1
[2026-07-06 05:05:33] step 003579 | loss 0.464089 | lrm 0.5246 | dt_ms 973.7
[2026-07-06 05:05:34] step 003580 | loss 0.576565 | lrm 0.5243 | dt_ms 1038.0
[2026-07-06 05:05:37] step 003581 | loss 0.546524 | lrm 0.5240 | dt_ms 2935.2
[2026-07-06 05:05:38] step 003582 | loss 0.474093 | lrm 0.5238 | dt_ms 1001.2
[2026-07-06 05:05:39] step 003583 | loss 0.538179 | lrm 0.5235 | dt_ms 982.6
[2026-07-06 05:05:40] step 003584 | loss 0.526183 | lrm 0.5232 | dt_ms 1001.4
[2026-07-06 05:05:41] step 003585 | loss 0.422365 | lrm 0.5229 | dt_ms 977.0
[2026-07-06 05:05:42] step 003586 | loss 0.496208 | lrm 0.5227 | dt_ms 1025.6
[2026-07-06 05:05:43] step 003587 | loss 0.479803 | lrm 0.5224 | dt_ms 1016.4
[2026-07-06 05:05:44] step 003588 | loss 0.493121 | lrm 0.5221 | dt_ms 1036.3
[2026-07-06 05:05:45] step 003589 | loss 0.533470 | lrm 0.5218 | dt_ms 964.8
[2026-07-06 05:05:46] step 003590 | loss 0.501441 | lrm 0.5216 | dt_ms 992.5
[2026-07-06 05:05:47] step 003591 | loss 0.425422 | lrm 0.5213 | dt_ms 1032.8
[2026-07-06 05:05:48] step 003592 | loss 0.491279 | lrm 0.5210 | dt_ms 996.7
[2026-07-06 05:05:49] step 003593 | loss 0.507800 | lrm 0.5207 | dt_ms 1004.1
[2026-07-06 05:05:50] step 003594 | loss 0.533765 | lrm 0.5204 | dt_ms 1016.1
[2026-07-06 05:05:51] step 003595 | loss 0.528047 | lrm 0.5202 | dt_ms 1017.7
[2026-07-06 05:05:52] step 003596 | loss 0.444577 | lrm 0.5199 | dt_ms 995.6
[2026-07-06 05:05:53] step 003597 | loss 0.391152 | lrm 0.5196 | dt_ms 1022.8
[2026-07-06 05:05:54] step 003598 | loss 0.512129 | lrm 0.5193 | dt_ms 991.5
[2026-07-06 05:05:55] step 003599 | loss 0.548769 | lrm 0.5191 | dt_ms 1041.2
[2026-07-06 05:05:56] step 003600 | loss 0.501181 | lrm 0.5188 | dt_ms 994.4
[2026-07-06 05:05:57] step 003601 | loss 0.546261 | lrm 0.5185 | dt_ms 1048.9
[2026-07-06 05:05:58] step 003602 | loss 0.543775 | lrm 0.5182 | dt_ms 1008.0
[2026-07-06 05:05:59] step 003603 | loss 0.510707 | lrm 0.5180 | dt_ms 1016.7
[2026-07-06 05:06:00] step 003604 | loss 0.474046 | lrm 0.5177 | dt_ms 983.9
[2026-07-06 05:06:01] step 003605 | loss 0.611621 | lrm 0.5174 | dt_ms 981.3
[2026-07-06 05:06:02] step 003606 | loss 0.531547 | lrm 0.5171 | dt_ms 970.6
[2026-07-06 05:06:03] step 003607 | loss 0.554440 | lrm 0.5169 | dt_ms 995.8
[2026-07-06 05:06:04] step 003608 | loss 0.515528 | lrm 0.5166 | dt_ms 1024.2
[2026-07-06 05:06:05] step 003609 | loss 0.497612 | lrm 0.5163 | dt_ms 980.8
[2026-07-06 05:06:06] step 003610 | loss 0.448595 | lrm 0.5160 | dt_ms 996.9
[2026-07-06 05:06:07] step 003611 | loss 0.453105 | lrm 0.5158 | dt_ms 1037.6
[2026-07-06 05:06:08] step 003612 | loss 0.433612 | lrm 0.5155 | dt_ms 1058.5
[2026-07-06 05:06:09] step 003613 | loss 0.426828 | lrm 0.5152 | dt_ms 1032.7
[2026-07-06 05:06:10] step 003614 | loss 0.585790 | lrm 0.5149 | dt_ms 1015.3
[2026-07-06 05:06:11] step 003615 | loss 0.447704 | lrm 0.5147 | dt_ms 1029.5
[2026-07-06 05:06:12] step 003616 | loss 0.555578 | lrm 0.5144 | dt_ms 960.4
[2026-07-06 05:06:13] step 003617 | loss 0.516313 | lrm 0.5141 | dt_ms 1010.9
[2026-07-06 05:06:14] step 003618 | loss 0.447310 | lrm 0.5138 | dt_ms 995.2
[2026-07-06 05:06:18] step 003619 | loss 0.485680 | lrm 0.5136 | dt_ms 3602.1
[2026-07-06 05:06:19] step 003620 | loss 0.485502 | lrm 0.5133 | dt_ms 980.7
[2026-07-06 05:06:20] step 003621 | loss 0.510612 | lrm 0.5130 | dt_ms 1037.4
[2026-07-06 05:06:21] step 003622 | loss 0.449430 | lrm 0.5127 | dt_ms 1007.6
[2026-07-06 05:06:22] step 003623 | loss 0.384890 | lrm 0.5125 | dt_ms 1031.7
[2026-07-06 05:06:23] step 003624 | loss 0.529890 | lrm 0.5122 | dt_ms 1004.0
[2026-07-06 05:06:26] step 003625 | loss 0.480894 | lrm 0.5119 | dt_ms 3607.4
[2026-07-06 05:06:27] step 003626 | loss 0.448136 | lrm 0.5116 | dt_ms 1003.3
[2026-07-06 05:06:28] step 003627 | loss 0.546064 | lrm 0.5113 | dt_ms 999.5
[2026-07-06 05:06:29] step 003628 | loss 0.439388 | lrm 0.5111 | dt_ms 1008.4
[2026-07-06 05:06:30] step 003629 | loss 0.530757 | lrm 0.5108 | dt_ms 1023.2
[2026-07-06 05:06:31] step 003630 | loss 0.660613 | lrm 0.5105 | dt_ms 971.5
[2026-07-06 05:06:32] step 003631 | loss 0.477047 | lrm 0.5102 | dt_ms 1028.1
[2026-07-06 05:06:33] step 003632 | loss 0.441865 | lrm 0.5100 | dt_ms 1001.8
[2026-07-06 05:06:34] step 003633 | loss 0.444336 | lrm 0.5097 | dt_ms 994.2
[2026-07-06 05:06:35] step 003634 | loss 0.397804 | lrm 0.5094 | dt_ms 1011.7
[2026-07-06 05:06:36] step 003635 | loss 0.372840 | lrm 0.5091 | dt_ms 982.1
[2026-07-06 05:06:37] step 003636 | loss 0.477879 | lrm 0.5089 | dt_ms 994.6
[2026-07-06 05:06:38] step 003637 | loss 0.449147 | lrm 0.5086 | dt_ms 1020.0
[2026-07-06 05:06:39] step 003638 | loss 0.515336 | lrm 0.5083 | dt_ms 1025.5
[2026-07-06 05:06:40] step 003639 | loss 0.545467 | lrm 0.5080 | dt_ms 1010.6
[2026-07-06 05:06:41] step 003640 | loss 0.536753 | lrm 0.5078 | dt_ms 975.7
[2026-07-06 05:06:42] step 003641 | loss 0.453552 | lrm 0.5075 | dt_ms 1016.6
[2026-07-06 05:06:43] step 003642 | loss 0.441639 | lrm 0.5072 | dt_ms 1010.3
[2026-07-06 05:06:44] step 003643 | loss 0.484722 | lrm 0.5069 | dt_ms 1000.6
[2026-07-06 05:06:46] step 003644 | loss 0.487130 | lrm 0.5067 | dt_ms 1011.0
[2026-07-06 05:06:46] step 003645 | loss 0.600104 | lrm 0.5064 | dt_ms 985.9
[2026-07-06 05:06:47] step 003646 | loss 0.558750 | lrm 0.5061 | dt_ms 1001.9
[2026-07-06 05:06:49] step 003647 | loss 0.536112 | lrm 0.5058 | dt_ms 1032.8
[2026-07-06 05:06:50] step 003648 | loss 0.409624 | lrm 0.5056 | dt_ms 992.6
[2026-07-06 05:06:51] step 003649 | loss 0.430955 | lrm 0.5053 | dt_ms 1015.0
[2026-07-06 05:06:52] step 003650 | loss 0.447029 | lrm 0.5050 | dt_ms 1025.3
[2026-07-06 05:06:53] step 003651 | loss 0.492807 | lrm 0.5047 | dt_ms 987.7
[2026-07-06 05:06:54] step 003652 | loss 0.514937 | lrm 0.5045 | dt_ms 974.3
[2026-07-06 05:06:55] step 003653 | loss 0.458547 | lrm 0.5042 | dt_ms 979.1
[2026-07-06 05:06:56] step 003654 | loss 0.463095 | lrm 0.5039 | dt_ms 1007.0
[2026-07-06 05:06:57] step 003655 | loss 0.482899 | lrm 0.5036 | dt_ms 1053.5
[2026-07-06 05:06:58] step 003656 | loss 0.416101 | lrm 0.5034 | dt_ms 1010.6
[2026-07-06 05:06:59] step 003657 | loss 0.392320 | lrm 0.5031 | dt_ms 1029.2
[2026-07-06 05:07:00] step 003658 | loss 0.535738 | lrm 0.5028 | dt_ms 1017.0
[2026-07-06 05:07:01] step 003659 | loss 0.504447 | lrm 0.5025 | dt_ms 1023.4
[2026-07-06 05:07:02] step 003660 | loss 0.410843 | lrm 0.5022 | dt_ms 999.5
[2026-07-06 05:07:03] step 003661 | loss 0.477390 | lrm 0.5020 | dt_ms 1045.4
[2026-07-06 05:07:04] step 003662 | loss 0.473783 | lrm 0.5017 | dt_ms 1042.5
[2026-07-06 05:07:05] step 003663 | loss 0.506953 | lrm 0.5014 | dt_ms 1019.8
[2026-07-06 05:07:06] step 003664 | loss 0.527869 | lrm 0.5011 | dt_ms 973.4
[2026-07-06 05:07:07] step 003665 | loss 0.534072 | lrm 0.5009 | dt_ms 1024.8
[2026-07-06 05:07:08] step 003666 | loss 0.536452 | lrm 0.5006 | dt_ms 977.8
[2026-07-06 05:07:09] step 003667 | loss 0.494084 | lrm 0.5003 | dt_ms 1008.4
[2026-07-06 05:07:10] step 003668 | loss 0.485103 | lrm 0.5000 | dt_ms 1043.7
[2026-07-06 05:07:13] step 003669 | loss 0.460840 | lrm 0.4998 | dt_ms 3563.5
[2026-07-06 05:07:14] step 003670 | loss 0.422064 | lrm 0.4995 | dt_ms 1015.1
[2026-07-06 05:07:15] step 003671 | loss 0.481531 | lrm 0.4992 | dt_ms 1028.7
[2026-07-06 05:07:16] step 003672 | loss 0.507005 | lrm 0.4989 | dt_ms 1060.3
[2026-07-06 05:07:17] step 003673 | loss 0.516434 | lrm 0.4987 | dt_ms 961.8
[2026-07-06 05:07:18] step 003674 | loss 0.515077 | lrm 0.4984 | dt_ms 1017.1
[2026-07-06 05:07:20] step 003675 | loss 0.473972 | lrm 0.4981 | dt_ms 1063.6
[2026-07-06 05:07:20] step 003676 | loss 0.405555 | lrm 0.4978 | dt_ms 968.6
[2026-07-06 05:07:21] step 003677 | loss 0.480222 | lrm 0.4976 | dt_ms 1027.3
[2026-07-06 05:07:22] step 003678 | loss 0.554055 | lrm 0.4973 | dt_ms 973.8
[2026-07-06 05:07:23] step 003679 | loss 0.556907 | lrm 0.4970 | dt_ms 1009.0
[2026-07-06 05:07:24] step 003680 | loss 0.537785 | lrm 0.4967 | dt_ms 953.7
[2026-07-06 05:07:25] step 003681 | loss 0.392249 | lrm 0.4965 | dt_ms 1046.9
[2026-07-06 05:07:26] step 003682 | loss 0.360873 | lrm 0.4962 | dt_ms 997.7
[2026-07-06 05:07:27] step 003683 | loss 0.437014 | lrm 0.4959 | dt_ms 975.9
[2026-07-06 05:07:28] step 003684 | loss 0.449963 | lrm 0.4956 | dt_ms 984.7
[2026-07-06 05:07:29] step 003685 | loss 0.465332 | lrm 0.4954 | dt_ms 1000.0
[2026-07-06 05:07:30] step 003686 | loss 0.510172 | lrm 0.4951 | dt_ms 1011.7
[2026-07-06 05:07:31] step 003687 | loss 0.511890 | lrm 0.4948 | dt_ms 981.0
[2026-07-06 05:07:32] step 003688 | loss 0.550226 | lrm 0.4945 | dt_ms 1016.2
[2026-07-06 05:07:33] step 003689 | loss 0.494873 | lrm 0.4943 | dt_ms 994.5
[2026-07-06 05:07:34] step 003690 | loss 0.492170 | lrm 0.4940 | dt_ms 979.4
[2026-07-06 05:07:35] step 003691 | loss 0.410274 | lrm 0.4937 | dt_ms 990.2
[2026-07-06 05:07:36] step 003692 | loss 0.465424 | lrm 0.4934 | dt_ms 999.0
[2026-07-06 05:07:37] step 003693 | loss 0.537443 | lrm 0.4931 | dt_ms 1011.4
[2026-07-06 05:07:38] step 003694 | loss 0.454314 | lrm 0.4929 | dt_ms 997.0
[2026-07-06 05:07:39] step 003695 | loss 0.539818 | lrm 0.4926 | dt_ms 1037.2
[2026-07-06 05:07:40] step 003696 | loss 0.406296 | lrm 0.4923 | dt_ms 1001.2
[2026-07-06 05:07:41] step 003697 | loss 0.388989 | lrm 0.4920 | dt_ms 1004.5
[2026-07-06 05:07:42] step 003698 | loss 0.493143 | lrm 0.4918 | dt_ms 1014.7
[2026-07-06 05:07:44] step 003699 | loss 0.547909 | lrm 0.4915 | dt_ms 1039.5
[2026-07-06 05:07:45] step 003700 | loss 0.572454 | lrm 0.4912 | dt_ms 990.0
[2026-07-06 05:07:45] step 003701 | loss 0.526756 | lrm 0.4909 | dt_ms 977.5
[2026-07-06 05:07:46] step 003702 | loss 0.501644 | lrm 0.4907 | dt_ms 968.1
[2026-07-06 05:07:48] step 003703 | loss 0.438670 | lrm 0.4904 | dt_ms 1039.7
[2026-07-06 05:07:48] step 003704 | loss 0.408340 | lrm 0.4901 | dt_ms 990.8
[2026-07-06 05:07:49] step 003705 | loss 0.449854 | lrm 0.4898 | dt_ms 1002.6
[2026-07-06 05:07:50] step 003706 | loss 0.430928 | lrm 0.4896 | dt_ms 982.9
[2026-07-06 05:07:51] step 003707 | loss 0.634920 | lrm 0.4893 | dt_ms 973.9
[2026-07-06 05:07:52] step 003708 | loss 0.698129 | lrm 0.4890 | dt_ms 969.6
[2026-07-06 05:07:53] step 003709 | loss 0.541710 | lrm 0.4887 | dt_ms 1011.5
[2026-07-06 05:07:54] step 003710 | loss 0.524123 | lrm 0.4885 | dt_ms 995.1
[2026-07-06 05:07:55] step 003711 | loss 0.437362 | lrm 0.4882 | dt_ms 975.6
[2026-07-06 05:07:56] step 003712 | loss 0.475426 | lrm 0.4879 | dt_ms 1014.0
[2026-07-06 05:07:57] step 003713 | loss 0.456017 | lrm 0.4876 | dt_ms 1005.7
[2026-07-06 05:07:58] step 003714 | loss 0.679421 | lrm 0.4874 | dt_ms 1024.4
[2026-07-06 05:07:59] step 003715 | loss 0.541646 | lrm 0.4871 | dt_ms 977.1
[2026-07-06 05:08:00] step 003716 | loss 0.447294 | lrm 0.4868 | dt_ms 985.9
[2026-07-06 05:08:01] step 003717 | loss 0.507687 | lrm 0.4865 | dt_ms 1006.8
[2026-07-06 05:08:02] step 003718 | loss 0.462949 | lrm 0.4863 | dt_ms 1024.1
[2026-07-06 05:08:06] step 003719 | loss 0.421426 | lrm 0.4860 | dt_ms 3464.6
[2026-07-06 05:08:07] step 003720 | loss 0.377862 | lrm 0.4857 | dt_ms 1020.3
[2026-07-06 05:08:08] step 003721 | loss 0.590957 | lrm 0.4854 | dt_ms 1016.6
[2026-07-06 05:08:09] step 003722 | loss 0.476388 | lrm 0.4852 | dt_ms 996.5
[2026-07-06 05:08:10] step 003723 | loss 0.436725 | lrm 0.4849 | dt_ms 975.2
[2026-07-06 05:08:11] step 003724 | loss 0.559908 | lrm 0.4846 | dt_ms 1086.1
[2026-07-06 05:08:12] step 003725 | loss 0.565497 | lrm 0.4843 | dt_ms 1003.7
[2026-07-06 05:08:13] step 003726 | loss 0.410975 | lrm 0.4840 | dt_ms 1017.5
[2026-07-06 05:08:14] step 003727 | loss 0.588288 | lrm 0.4838 | dt_ms 1007.2
[2026-07-06 05:08:15] step 003728 | loss 0.488366 | lrm 0.4835 | dt_ms 1030.2
[2026-07-06 05:08:16] step 003729 | loss 0.577016 | lrm 0.4832 | dt_ms 976.9
[2026-07-06 05:08:17] step 003730 | loss 0.545033 | lrm 0.4829 | dt_ms 1032.9
[2026-07-06 05:08:18] step 003731 | loss 0.431724 | lrm 0.4827 | dt_ms 996.8
[2026-07-06 05:08:19] step 003732 | loss 0.461003 | lrm 0.4824 | dt_ms 984.5
[2026-07-06 05:08:20] step 003733 | loss 0.507136 | lrm 0.4821 | dt_ms 973.0
[2026-07-06 05:08:21] step 003734 | loss 0.423004 | lrm 0.4818 | dt_ms 995.3
[2026-07-06 05:08:22] step 003735 | loss 0.460666 | lrm 0.4816 | dt_ms 1001.5
[2026-07-06 05:08:23] step 003736 | loss 0.596373 | lrm 0.4813 | dt_ms 985.6
[2026-07-06 05:08:24] step 003737 | loss 0.587774 | lrm 0.4810 | dt_ms 995.1
[2026-07-06 05:08:25] step 003738 | loss 0.568937 | lrm 0.4807 | dt_ms 1007.3
[2026-07-06 05:08:26] step 003739 | loss 0.528202 | lrm 0.4805 | dt_ms 984.5
[2026-07-06 05:08:27] step 003740 | loss 0.495570 | lrm 0.4802 | dt_ms 1022.1
[2026-07-06 05:08:28] step 003741 | loss 0.422088 | lrm 0.4799 | dt_ms 1002.8
[2026-07-06 05:08:29] step 003742 | loss 0.467028 | lrm 0.4796 | dt_ms 979.1
[2026-07-06 05:08:30] step 003743 | loss 0.478484 | lrm 0.4794 | dt_ms 1008.4
[2026-07-06 05:08:31] step 003744 | loss 0.526857 | lrm 0.4791 | dt_ms 1031.6
[2026-07-06 05:08:32] step 003745 | loss 0.533118 | lrm 0.4788 | dt_ms 1006.0
[2026-07-06 05:08:33] step 003746 | loss 0.516116 | lrm 0.4785 | dt_ms 1007.7
[2026-07-06 05:08:34] step 003747 | loss 0.493486 | lrm 0.4783 | dt_ms 985.7
[2026-07-06 05:08:35] step 003748 | loss 0.516858 | lrm 0.4780 | dt_ms 976.8
[2026-07-06 05:08:36] step 003749 | loss 0.418542 | lrm 0.4777 | dt_ms 1013.0
[2026-07-06 05:08:37] step 003750 | loss 0.481467 | lrm 0.4774 | dt_ms 999.6
[2026-07-06 05:08:38] step 003751 | loss 0.583717 | lrm 0.4772 | dt_ms 1034.3
[2026-07-06 05:08:39] step 003752 | loss 0.565157 | lrm 0.4769 | dt_ms 1023.3
[2026-07-06 05:08:40] step 003753 | loss 0.441222 | lrm 0.4766 | dt_ms 997.2
[2026-07-06 05:08:41] step 003754 | loss 0.537021 | lrm 0.4763 | dt_ms 995.6
[2026-07-06 05:08:42] step 003755 | loss 0.489444 | lrm 0.4761 | dt_ms 984.6
[2026-07-06 05:08:43] step 003756 | loss 0.388607 | lrm 0.4758 | dt_ms 1024.9
[2026-07-06 05:08:44] step 003757 | loss 0.445283 | lrm 0.4755 | dt_ms 1002.6
[2026-07-06 05:08:45] step 003758 | loss 0.518816 | lrm 0.4752 | dt_ms 1071.6
[2026-07-06 05:08:46] step 003759 | loss 0.566811 | lrm 0.4749 | dt_ms 1012.0
[2026-07-06 05:08:47] step 003760 | loss 0.580332 | lrm 0.4747 | dt_ms 980.4
[2026-07-06 05:08:48] step 003761 | loss 0.515452 | lrm 0.4744 | dt_ms 972.2
[2026-07-06 05:08:49] step 003762 | loss 0.466142 | lrm 0.4741 | dt_ms 993.1
[2026-07-06 05:08:50] step 003763 | loss 0.419067 | lrm 0.4738 | dt_ms 1031.8
[2026-07-06 05:08:51] step 003764 | loss 0.456069 | lrm 0.4736 | dt_ms 982.8
[2026-07-06 05:08:52] step 003765 | loss 0.532864 | lrm 0.4733 | dt_ms 1012.5
[2026-07-06 05:08:53] step 003766 | loss 0.565929 | lrm 0.4730 | dt_ms 1027.7
[2026-07-06 05:08:54] step 003767 | loss 0.494325 | lrm 0.4727 | dt_ms 1035.8
[2026-07-06 05:08:55] step 003768 | loss 0.494502 | lrm 0.4725 | dt_ms 1003.6
[2026-07-06 05:08:56] step 003769 | loss 0.452138 | lrm 0.4722 | dt_ms 994.7
[2026-07-06 05:08:57] step 003770 | loss 0.483954 | lrm 0.4719 | dt_ms 1003.9
[2026-07-06 05:08:58] step 003771 | loss 0.479147 | lrm 0.4716 | dt_ms 1002.0
[2026-07-06 05:08:59] step 003772 | loss 0.528496 | lrm 0.4714 | dt_ms 1036.4
[2026-07-06 05:09:00] step 003773 | loss 0.528132 | lrm 0.4711 | dt_ms 1034.7
[2026-07-06 05:09:01] step 003774 | loss 0.572498 | lrm 0.4708 | dt_ms 1018.0
[2026-07-06 05:09:02] step 003775 | loss 0.389013 | lrm 0.4705 | dt_ms 992.6
[2026-07-06 05:09:03] step 003776 | loss 0.471025 | lrm 0.4703 | dt_ms 1012.0
[2026-07-06 05:09:04] step 003777 | loss 0.501710 | lrm 0.4700 | dt_ms 1003.8
[2026-07-06 05:09:05] step 003778 | loss 0.561740 | lrm 0.4697 | dt_ms 1011.7
[2026-07-06 05:09:06] step 003779 | loss 0.476450 | lrm 0.4694 | dt_ms 1027.3
[2026-07-06 05:09:07] step 003780 | loss 0.396813 | lrm 0.4692 | dt_ms 987.0
[2026-07-06 05:09:08] step 003781 | loss 0.449005 | lrm 0.4689 | dt_ms 995.9
[2026-07-06 05:09:09] step 003782 | loss 0.462737 | lrm 0.4686 | dt_ms 1024.5
[2026-07-06 05:09:10] step 003783 | loss 0.420408 | lrm 0.4683 | dt_ms 995.6
[2026-07-06 05:09:11] step 003784 | loss 0.417026 | lrm 0.4681 | dt_ms 981.4
[2026-07-06 05:09:12] step 003785 | loss 0.540442 | lrm 0.4678 | dt_ms 1016.1
[2026-07-06 05:09:13] step 003786 | loss 0.604247 | lrm 0.4675 | dt_ms 1032.0
[2026-07-06 05:09:14] step 003787 | loss 0.548656 | lrm 0.4672 | dt_ms 1022.8
[2026-07-06 05:09:15] step 003788 | loss 0.467274 | lrm 0.4670 | dt_ms 1021.4
[2026-07-06 05:09:16] step 003789 | loss 0.485790 | lrm 0.4667 | dt_ms 1032.7
[2026-07-06 05:09:17] step 003790 | loss 0.441235 | lrm 0.4664 | dt_ms 980.2
[2026-07-06 05:09:18] step 003791 | loss 0.407192 | lrm 0.4661 | dt_ms 998.5
[2026-07-06 05:09:19] step 003792 | loss 0.545272 | lrm 0.4658 | dt_ms 1017.4
[2026-07-06 05:09:20] step 003793 | loss 0.544447 | lrm 0.4656 | dt_ms 982.7
[2026-07-06 05:09:21] step 003794 | loss 0.559469 | lrm 0.4653 | dt_ms 999.1
[2026-07-06 05:09:22] step 003795 | loss 0.479436 | lrm 0.4650 | dt_ms 1010.7
[2026-07-06 05:09:24] step 003796 | loss 0.523602 | lrm 0.4647 | dt_ms 1039.3
[2026-07-06 05:09:25] step 003797 | loss 0.449970 | lrm 0.4645 | dt_ms 1011.3
[2026-07-06 05:09:26] step 003798 | loss 0.514517 | lrm 0.4642 | dt_ms 968.7
[2026-07-06 05:09:27] step 003799 | loss 0.447623 | lrm 0.4639 | dt_ms 1034.4
[2026-07-06 05:09:28] step 003800 | loss 0.538202 | lrm 0.4636 | dt_ms 982.0
[2026-07-06 05:09:29] step 003801 | loss 0.546437 | lrm 0.4634 | dt_ms 998.7
[2026-07-06 05:09:30] step 003802 | loss 0.417039 | lrm 0.4631 | dt_ms 980.9
[2026-07-06 05:09:31] step 003803 | loss 0.474935 | lrm 0.4628 | dt_ms 1027.7
[2026-07-06 05:09:32] step 003804 | loss 0.431397 | lrm 0.4625 | dt_ms 980.5
[2026-07-06 05:09:33] step 003805 | loss 0.421753 | lrm 0.4623 | dt_ms 1034.8
[2026-07-06 05:09:34] step 003806 | loss 0.409455 | lrm 0.4620 | dt_ms 991.9
[2026-07-06 05:09:35] step 003807 | loss 0.450900 | lrm 0.4617 | dt_ms 1058.3
[2026-07-06 05:09:36] step 003808 | loss 0.549168 | lrm 0.4614 | dt_ms 1023.7
[2026-07-06 05:09:37] step 003809 | loss 0.510892 | lrm 0.4612 | dt_ms 1004.1
[2026-07-06 05:09:38] step 003810 | loss 0.462670 | lrm 0.4609 | dt_ms 1010.9
[2026-07-06 05:09:41] step 003811 | loss 0.501524 | lrm 0.4606 | dt_ms 3690.9
[2026-07-06 05:09:42] step 003812 | loss 0.446346 | lrm 0.4603 | dt_ms 1045.1
[2026-07-06 05:09:43] step 003813 | loss 0.395661 | lrm 0.4601 | dt_ms 1039.3
[2026-07-06 05:09:44] step 003814 | loss 0.420106 | lrm 0.4598 | dt_ms 1060.0
[2026-07-06 05:09:45] step 003815 | loss 0.501397 | lrm 0.4595 | dt_ms 1008.7
[2026-07-06 05:09:46] step 003816 | loss 0.579651 | lrm 0.4592 | dt_ms 994.0
[2026-07-06 05:09:47] step 003817 | loss 0.583488 | lrm 0.4590 | dt_ms 1011.3
[2026-07-06 05:09:49] step 003818 | loss 0.433826 | lrm 0.4587 | dt_ms 1039.5
[2026-07-06 05:09:50] step 003819 | loss 0.463597 | lrm 0.4584 | dt_ms 1008.1
[2026-07-06 05:09:51] step 003820 | loss 0.357108 | lrm 0.4581 | dt_ms 1024.0
[2026-07-06 05:09:52] step 003821 | loss 0.521454 | lrm 0.4579 | dt_ms 1029.3
[2026-07-06 05:09:53] step 003822 | loss 0.670610 | lrm 0.4576 | dt_ms 973.4
[2026-07-06 05:09:54] step 003823 | loss 0.513720 | lrm 0.4573 | dt_ms 995.2
[2026-07-06 05:09:55] step 003824 | loss 0.420020 | lrm 0.4570 | dt_ms 1099.2
[2026-07-06 05:09:56] step 003825 | loss 0.490144 | lrm 0.4567 | dt_ms 993.5
[2026-07-06 05:09:57] step 003826 | loss 0.422862 | lrm 0.4565 | dt_ms 1039.1
[2026-07-06 05:09:58] step 003827 | loss 0.463717 | lrm 0.4562 | dt_ms 1014.1
[2026-07-06 05:09:59] step 003828 | loss 0.571396 | lrm 0.4559 | dt_ms 1038.1
[2026-07-06 05:10:00] step 003829 | loss 0.548258 | lrm 0.4556 | dt_ms 982.5
[2026-07-06 05:10:01] step 003830 | loss 0.536596 | lrm 0.4554 | dt_ms 992.9
[2026-07-06 05:10:02] step 003831 | loss 0.458828 | lrm 0.4551 | dt_ms 1001.6
[2026-07-06 05:10:03] step 003832 | loss 0.465382 | lrm 0.4548 | dt_ms 990.5
[2026-07-06 05:10:04] step 003833 | loss 0.420484 | lrm 0.4545 | dt_ms 957.6
[2026-07-06 05:10:05] step 003834 | loss 0.489161 | lrm 0.4543 | dt_ms 976.2
[2026-07-06 05:10:06] step 003835 | loss 0.370857 | lrm 0.4540 | dt_ms 995.3
[2026-07-06 05:10:07] step 003836 | loss 0.440599 | lrm 0.4537 | dt_ms 969.7
[2026-07-06 05:10:08] step 003837 | loss 0.443894 | lrm 0.4534 | dt_ms 990.1
[2026-07-06 05:10:09] step 003838 | loss 0.498324 | lrm 0.4532 | dt_ms 999.1
[2026-07-06 05:10:10] step 003839 | loss 0.574747 | lrm 0.4529 | dt_ms 1015.0
[2026-07-06 05:10:11] step 003840 | loss 0.505257 | lrm 0.4526 | dt_ms 1024.3
[2026-07-06 05:10:12] step 003841 | loss 0.411545 | lrm 0.4523 | dt_ms 1001.9
[2026-07-06 05:10:13] step 003842 | loss 0.488107 | lrm 0.4521 | dt_ms 983.3
[2026-07-06 05:10:14] step 003843 | loss 0.525597 | lrm 0.4518 | dt_ms 1030.1
[2026-07-06 05:10:15] step 003844 | loss 0.544412 | lrm 0.4515 | dt_ms 1026.5
[2026-07-06 05:10:16] step 003845 | loss 0.471378 | lrm 0.4512 | dt_ms 1057.1
[2026-07-06 05:10:17] step 003846 | loss 0.530227 | lrm 0.4510 | dt_ms 999.4
[2026-07-06 05:10:18] step 003847 | loss 0.450823 | lrm 0.4507 | dt_ms 984.7
[2026-07-06 05:10:19] step 003848 | loss 0.397309 | lrm 0.4504 | dt_ms 997.6
[2026-07-06 05:10:20] step 003849 | loss 0.561144 | lrm 0.4501 | dt_ms 1018.7
[2026-07-06 05:10:21] step 003850 | loss 0.477646 | lrm 0.4499 | dt_ms 995.6
[2026-07-06 05:10:22] step 003851 | loss 0.475258 | lrm 0.4496 | dt_ms 1018.2
[2026-07-06 05:10:23] step 003852 | loss 0.470801 | lrm 0.4493 | dt_ms 988.4
[2026-07-06 05:10:24] step 003853 | loss 0.443837 | lrm 0.4490 | dt_ms 1012.3
[2026-07-06 05:10:25] step 003854 | loss 0.446846 | lrm 0.4488 | dt_ms 995.1
[2026-07-06 05:10:26] step 003855 | loss 0.486928 | lrm 0.4485 | dt_ms 1035.1
[2026-07-06 05:10:27] step 003856 | loss 0.412366 | lrm 0.4482 | dt_ms 1065.1
[2026-07-06 05:10:28] step 003857 | loss 0.425561 | lrm 0.4479 | dt_ms 982.7
[2026-07-06 05:10:29] step 003858 | loss 0.557258 | lrm 0.4476 | dt_ms 1029.6
[2026-07-06 05:10:30] step 003859 | loss 0.497026 | lrm 0.4474 | dt_ms 1017.5
[2026-07-06 05:10:31] step 003860 | loss 0.494289 | lrm 0.4471 | dt_ms 989.9
[2026-07-06 05:10:32] step 003861 | loss 0.450697 | lrm 0.4468 | dt_ms 1003.0
[2026-07-06 05:10:33] step 003862 | loss 0.503605 | lrm 0.4465 | dt_ms 1006.3
[2026-07-06 05:10:34] step 003863 | loss 0.436236 | lrm 0.4463 | dt_ms 1021.2
[2026-07-06 05:10:35] step 003864 | loss 0.485388 | lrm 0.4460 | dt_ms 978.8
[2026-07-06 05:10:36] step 003865 | loss 0.552515 | lrm 0.4457 | dt_ms 1034.5
[2026-07-06 05:10:37] step 003866 | loss 0.540502 | lrm 0.4454 | dt_ms 985.6
[2026-07-06 05:10:38] step 003867 | loss 0.468976 | lrm 0.4452 | dt_ms 1053.9
[2026-07-06 05:10:39] step 003868 | loss 0.534684 | lrm 0.4449 | dt_ms 1008.4
[2026-07-06 05:10:40] step 003869 | loss 0.451011 | lrm 0.4446 | dt_ms 1004.6
[2026-07-06 05:10:41] step 003870 | loss 0.438478 | lrm 0.4443 | dt_ms 985.9
[2026-07-06 05:10:42] step 003871 | loss 0.501542 | lrm 0.4441 | dt_ms 987.1
[2026-07-06 05:10:43] step 003872 | loss 0.524856 | lrm 0.4438 | dt_ms 993.8
[2026-07-06 05:10:44] step 003873 | loss 0.517573 | lrm 0.4435 | dt_ms 982.0
[2026-07-06 05:10:45] step 003874 | loss 0.438061 | lrm 0.4432 | dt_ms 1040.2
[2026-07-06 05:10:46] step 003875 | loss 0.426882 | lrm 0.4430 | dt_ms 972.8
[2026-07-06 05:10:47] step 003876 | loss 0.433809 | lrm 0.4427 | dt_ms 1035.0
[2026-07-06 05:10:48] step 003877 | loss 0.682123 | lrm 0.4424 | dt_ms 989.8
[2026-07-06 05:10:49] step 003878 | loss 0.551203 | lrm 0.4421 | dt_ms 994.3
[2026-07-06 05:10:50] step 003879 | loss 0.525618 | lrm 0.4419 | dt_ms 974.0
[2026-07-06 05:10:51] step 003880 | loss 0.412496 | lrm 0.4416 | dt_ms 987.4
[2026-07-06 05:10:52] step 003881 | loss 0.442593 | lrm 0.4413 | dt_ms 968.5
[2026-07-06 05:10:53] step 003882 | loss 0.503865 | lrm 0.4410 | dt_ms 982.2
[2026-07-06 05:10:54] step 003883 | loss 0.447095 | lrm 0.4408 | dt_ms 996.8
[2026-07-06 05:10:55] step 003884 | loss 0.411722 | lrm 0.4405 | dt_ms 1002.6
[2026-07-06 05:10:56] step 003885 | loss 0.582041 | lrm 0.4402 | dt_ms 993.9
[2026-07-06 05:10:57] step 003886 | loss 0.628996 | lrm 0.4399 | dt_ms 1057.0
[2026-07-06 05:10:58] step 003887 | loss 0.479881 | lrm 0.4397 | dt_ms 984.1
[2026-07-06 05:10:59] step 003888 | loss 0.516644 | lrm 0.4394 | dt_ms 988.9
[2026-07-06 05:11:00] step 003889 | loss 0.532116 | lrm 0.4391 | dt_ms 1006.5
[2026-07-06 05:11:01] step 003890 | loss 0.373683 | lrm 0.4388 | dt_ms 1017.6
[2026-07-06 05:11:02] step 003891 | loss 0.482346 | lrm 0.4385 | dt_ms 1013.1
[2026-07-06 05:11:03] step 003892 | loss 0.622825 | lrm 0.4383 | dt_ms 1072.1
[2026-07-06 05:11:04] step 003893 | loss 0.442048 | lrm 0.4380 | dt_ms 1048.9
[2026-07-06 05:11:05] step 003894 | loss 0.474817 | lrm 0.4377 | dt_ms 982.2
[2026-07-06 05:11:06] step 003895 | loss 0.460515 | lrm 0.4374 | dt_ms 990.8
[2026-07-06 05:11:07] step 003896 | loss 0.470921 | lrm 0.4372 | dt_ms 996.5
[2026-07-06 05:11:08] step 003897 | loss 0.512004 | lrm 0.4369 | dt_ms 973.8
[2026-07-06 05:11:09] step 003898 | loss 0.441951 | lrm 0.4366 | dt_ms 1004.4
[2026-07-06 05:11:10] step 003899 | loss 0.516925 | lrm 0.4363 | dt_ms 1003.3
[2026-07-06 05:11:11] step 003900 | loss 0.462712 | lrm 0.4361 | dt_ms 1025.4
[2026-07-06 05:11:12] step 003901 | loss 0.583770 | lrm 0.4358 | dt_ms 1038.5
[2026-07-06 05:11:13] step 003902 | loss 0.448506 | lrm 0.4355 | dt_ms 987.6
[2026-07-06 05:11:14] step 003903 | loss 0.379849 | lrm 0.4352 | dt_ms 1018.2
[2026-07-06 05:11:15] step 003904 | loss 0.431540 | lrm 0.4350 | dt_ms 991.9
[2026-07-06 05:11:16] step 003905 | loss 0.467587 | lrm 0.4347 | dt_ms 979.8
[2026-07-06 05:11:17] step 003906 | loss 0.477734 | lrm 0.4344 | dt_ms 1023.8
[2026-07-06 05:11:18] step 003907 | loss 0.505153 | lrm 0.4341 | dt_ms 958.3
[2026-07-06 05:11:19] step 003908 | loss 0.578072 | lrm 0.4339 | dt_ms 1013.7
[2026-07-06 05:11:20] step 003909 | loss 0.504368 | lrm 0.4336 | dt_ms 987.8
[2026-07-06 05:11:21] step 003910 | loss 0.451626 | lrm 0.4333 | dt_ms 997.6
[2026-07-06 05:11:22] step 003911 | loss 0.431671 | lrm 0.4330 | dt_ms 967.6
[2026-07-06 05:11:23] step 003912 | loss 0.527952 | lrm 0.4328 | dt_ms 969.5
[2026-07-06 05:11:24] step 003913 | loss 0.487973 | lrm 0.4325 | dt_ms 974.1
[2026-07-06 05:11:25] step 003914 | loss 0.483580 | lrm 0.4322 | dt_ms 981.9
[2026-07-06 05:11:26] step 003915 | loss 0.497490 | lrm 0.4319 | dt_ms 1014.9
[2026-07-06 05:11:27] step 003916 | loss 0.488497 | lrm 0.4317 | dt_ms 981.9
[2026-07-06 05:11:28] step 003917 | loss 0.442245 | lrm 0.4314 | dt_ms 1009.7
[2026-07-06 05:11:29] step 003918 | loss 0.444259 | lrm 0.4311 | dt_ms 996.0
[2026-07-06 05:11:30] step 003919 | loss 0.504982 | lrm 0.4308 | dt_ms 985.9
[2026-07-06 05:11:31] step 003920 | loss 0.530327 | lrm 0.4306 | dt_ms 1007.2
[2026-07-06 05:11:32] step 003921 | loss 0.559097 | lrm 0.4303 | dt_ms 983.7
[2026-07-06 05:11:33] step 003922 | loss 0.408947 | lrm 0.4300 | dt_ms 983.8
[2026-07-06 05:11:34] step 003923 | loss 0.430894 | lrm 0.4297 | dt_ms 1023.2
[2026-07-06 05:11:35] step 003924 | loss 0.460674 | lrm 0.4294 | dt_ms 993.1
[2026-07-06 05:11:36] step 003925 | loss 0.472141 | lrm 0.4292 | dt_ms 968.5
[2026-07-06 05:11:37] step 003926 | loss 0.529339 | lrm 0.4289 | dt_ms 1003.0
[2026-07-06 05:11:38] step 003927 | loss 0.467011 | lrm 0.4286 | dt_ms 986.5
[2026-07-06 05:11:39] step 003928 | loss 0.430893 | lrm 0.4283 | dt_ms 987.6
[2026-07-06 05:11:40] step 003929 | loss 0.457971 | lrm 0.4281 | dt_ms 1015.0
[2026-07-06 05:11:41] step 003930 | loss 0.448961 | lrm 0.4278 | dt_ms 995.2
[2026-07-06 05:11:42] step 003931 | loss 0.432512 | lrm 0.4275 | dt_ms 1004.0
[2026-07-06 05:11:43] step 003932 | loss 0.466193 | lrm 0.4272 | dt_ms 979.4
[2026-07-06 05:11:44] step 003933 | loss 0.500663 | lrm 0.4270 | dt_ms 1045.7
[2026-07-06 05:11:45] step 003934 | loss 0.697244 | lrm 0.4267 | dt_ms 992.5
[2026-07-06 05:11:46] step 003935 | loss 0.548421 | lrm 0.4264 | dt_ms 975.3
[2026-07-06 05:11:47] step 003936 | loss 0.561249 | lrm 0.4261 | dt_ms 1073.9
[2026-07-06 05:11:48] step 003937 | loss 0.483353 | lrm 0.4259 | dt_ms 974.4
[2026-07-06 05:11:49] step 003938 | loss 0.419583 | lrm 0.4256 | dt_ms 1016.9
[2026-07-06 05:11:50] step 003939 | loss 0.483693 | lrm 0.4253 | dt_ms 1004.5
[2026-07-06 05:11:51] step 003940 | loss 0.450591 | lrm 0.4250 | dt_ms 1011.8
[2026-07-06 05:11:52] step 003941 | loss 0.444434 | lrm 0.4248 | dt_ms 982.9
[2026-07-06 05:11:53] step 003942 | loss 0.517373 | lrm 0.4245 | dt_ms 1012.1
[2026-07-06 05:11:54] step 003943 | loss 0.433798 | lrm 0.4242 | dt_ms 980.7
[2026-07-06 05:11:55] step 003944 | loss 0.481631 | lrm 0.4239 | dt_ms 1047.4
[2026-07-06 05:11:56] step 003945 | loss 0.421514 | lrm 0.4237 | dt_ms 995.9
[2026-07-06 05:11:57] step 003946 | loss 0.477725 | lrm 0.4234 | dt_ms 1019.0
[2026-07-06 05:11:58] step 003947 | loss 0.495351 | lrm 0.4231 | dt_ms 1002.0
[2026-07-06 05:11:59] step 003948 | loss 0.501432 | lrm 0.4228 | dt_ms 1055.4
[2026-07-06 05:12:00] step 003949 | loss 0.390214 | lrm 0.4226 | dt_ms 1001.4
[2026-07-06 05:12:01] step 003950 | loss 0.441541 | lrm 0.4223 | dt_ms 977.0
[2026-07-06 05:12:02] step 003951 | loss 0.461102 | lrm 0.4220 | dt_ms 1005.6
[2026-07-06 05:12:03] step 003952 | loss 0.509164 | lrm 0.4217 | dt_ms 994.0
[2026-07-06 05:12:04] step 003953 | loss 0.449326 | lrm 0.4215 | dt_ms 970.6
[2026-07-06 05:12:05] step 003954 | loss 0.359845 | lrm 0.4212 | dt_ms 1019.8
[2026-07-06 05:12:06] step 003955 | loss 0.533244 | lrm 0.4209 | dt_ms 973.2
[2026-07-06 05:12:07] step 003956 | loss 0.486039 | lrm 0.4206 | dt_ms 988.7
[2026-07-06 05:12:08] step 003957 | loss 0.644328 | lrm 0.4203 | dt_ms 1018.7
[2026-07-06 05:12:09] step 003958 | loss 0.386527 | lrm 0.4201 | dt_ms 974.5
[2026-07-06 05:12:10] step 003959 | loss 0.395761 | lrm 0.4198 | dt_ms 1007.4
[2026-07-06 05:12:11] step 003960 | loss 0.478241 | lrm 0.4195 | dt_ms 969.8
[2026-07-06 05:12:12] step 003961 | loss 0.574747 | lrm 0.4192 | dt_ms 988.4
[2026-07-06 05:12:13] step 003962 | loss 0.477218 | lrm 0.4190 | dt_ms 990.9
[2026-07-06 05:12:14] step 003963 | loss 0.489330 | lrm 0.4187 | dt_ms 985.5
[2026-07-06 05:12:15] step 003964 | loss 0.384348 | lrm 0.4184 | dt_ms 986.9
[2026-07-06 05:12:16] step 003965 | loss 0.478513 | lrm 0.4181 | dt_ms 1011.3
[2026-07-06 05:12:17] step 003966 | loss 0.441134 | lrm 0.4179 | dt_ms 1021.7
[2026-07-06 05:12:18] step 003967 | loss 0.402910 | lrm 0.4176 | dt_ms 1004.7
[2026-07-06 05:12:19] step 003968 | loss 0.461248 | lrm 0.4173 | dt_ms 981.8
[2026-07-06 05:12:20] step 003969 | loss 0.477619 | lrm 0.4170 | dt_ms 1024.3
[2026-07-06 05:12:21] step 003970 | loss 0.543522 | lrm 0.4168 | dt_ms 997.9
[2026-07-06 05:12:22] step 003971 | loss 0.435763 | lrm 0.4165 | dt_ms 1029.8
[2026-07-06 05:12:23] step 003972 | loss 0.431546 | lrm 0.4162 | dt_ms 995.3
[2026-07-06 05:12:24] step 003973 | loss 0.412046 | lrm 0.4159 | dt_ms 1010.6
[2026-07-06 05:12:25] step 003974 | loss 0.541912 | lrm 0.4157 | dt_ms 1004.1
[2026-07-06 05:12:26] step 003975 | loss 0.546845 | lrm 0.4154 | dt_ms 969.3
[2026-07-06 05:12:27] step 003976 | loss 0.536736 | lrm 0.4151 | dt_ms 1018.6
[2026-07-06 05:12:28] step 003977 | loss 0.444427 | lrm 0.4148 | dt_ms 1032.1
[2026-07-06 05:12:29] step 003978 | loss 0.549443 | lrm 0.4146 | dt_ms 990.0
[2026-07-06 05:12:30] step 003979 | loss 0.352479 | lrm 0.4143 | dt_ms 1058.6
[2026-07-06 05:12:31] step 003980 | loss 0.365066 | lrm 0.4140 | dt_ms 1003.8
[2026-07-06 05:12:32] step 003981 | loss 0.370965 | lrm 0.4137 | dt_ms 987.5
[2026-07-06 05:12:33] step 003982 | loss 0.481652 | lrm 0.4135 | dt_ms 1005.0
[2026-07-06 05:12:34] step 003983 | loss 0.532984 | lrm 0.4132 | dt_ms 994.6
[2026-07-06 05:12:35] step 003984 | loss 0.492006 | lrm 0.4129 | dt_ms 976.8
[2026-07-06 05:12:36] step 003985 | loss 0.502249 | lrm 0.4126 | dt_ms 977.5
[2026-07-06 05:12:37] step 003986 | loss 0.413766 | lrm 0.4124 | dt_ms 996.9
[2026-07-06 05:12:38] step 003987 | loss 0.448177 | lrm 0.4121 | dt_ms 1063.5
[2026-07-06 05:12:39] step 003988 | loss 0.474018 | lrm 0.4118 | dt_ms 1034.7
[2026-07-06 05:12:40] step 003989 | loss 0.553483 | lrm 0.4115 | dt_ms 1005.2
[2026-07-06 05:12:41] step 003990 | loss 0.537423 | lrm 0.4112 | dt_ms 1013.0
[2026-07-06 05:12:42] step 003991 | loss 0.433519 | lrm 0.4110 | dt_ms 1007.0
[2026-07-06 05:12:43] step 003992 | loss 0.399073 | lrm 0.4107 | dt_ms 1023.8
[2026-07-06 05:12:44] step 003993 | loss 0.485154 | lrm 0.4104 | dt_ms 1026.5
[2026-07-06 05:12:45] step 003994 | loss 0.603024 | lrm 0.4101 | dt_ms 976.4
[2026-07-06 05:12:46] step 003995 | loss 0.495008 | lrm 0.4099 | dt_ms 975.1
[2026-07-06 05:12:47] step 003996 | loss 0.622130 | lrm 0.4096 | dt_ms 1022.7
[2026-07-06 05:12:48] step 003997 | loss 0.547702 | lrm 0.4093 | dt_ms 980.0
[2026-07-06 05:12:49] step 003998 | loss 0.427218 | lrm 0.4090 | dt_ms 1008.2
[2026-07-06 05:12:50] step 003999 | loss 0.428157 | lrm 0.4088 | dt_ms 997.3
[2026-07-06 05:12:51] step 004000 | loss 0.470498 | lrm 0.4085 | dt_ms 998.4
[2026-07-06 05:12:52] step 004001 | loss 0.444745 | lrm 0.4082 | dt_ms 991.1
[2026-07-06 05:12:53] step 004002 | loss 0.439129 | lrm 0.4079 | dt_ms 970.2
[2026-07-06 05:12:54] step 004003 | loss 0.542530 | lrm 0.4077 | dt_ms 1019.7
[2026-07-06 05:12:55] step 004004 | loss 0.532078 | lrm 0.4074 | dt_ms 983.6
[2026-07-06 05:12:56] step 004005 | loss 0.525327 | lrm 0.4071 | dt_ms 976.0
[2026-07-06 05:12:57] step 004006 | loss 0.455890 | lrm 0.4068 | dt_ms 1017.3
[2026-07-06 05:12:58] step 004007 | loss 0.466231 | lrm 0.4066 | dt_ms 996.4
[2026-07-06 05:12:59] step 004008 | loss 0.415774 | lrm 0.4063 | dt_ms 1002.6
[2026-07-06 05:13:00] step 004009 | loss 0.588930 | lrm 0.4060 | dt_ms 1000.9
[2026-07-06 05:13:01] step 004010 | loss 0.457359 | lrm 0.4057 | dt_ms 1002.4
[2026-07-06 05:13:02] step 004011 | loss 0.490803 | lrm 0.4055 | dt_ms 975.9
[2026-07-06 05:13:03] step 004012 | loss 0.577029 | lrm 0.4052 | dt_ms 1005.7
[2026-07-06 05:13:04] step 004013 | loss 0.435972 | lrm 0.4049 | dt_ms 985.0
[2026-07-06 05:13:05] step 004014 | loss 0.425022 | lrm 0.4046 | dt_ms 985.9
[2026-07-06 05:13:06] step 004015 | loss 0.488417 | lrm 0.4044 | dt_ms 1002.4
[2026-07-06 05:13:07] step 004016 | loss 0.451758 | lrm 0.4041 | dt_ms 972.8
[2026-07-06 05:13:08] step 004017 | loss 0.549307 | lrm 0.4038 | dt_ms 1005.8
[2026-07-06 05:13:09] step 004018 | loss 0.434013 | lrm 0.4035 | dt_ms 984.6
[2026-07-06 05:13:10] step 004019 | loss 0.453101 | lrm 0.4033 | dt_ms 971.1
[2026-07-06 05:13:11] step 004020 | loss 0.430158 | lrm 0.4030 | dt_ms 964.4
[2026-07-06 05:13:12] step 004021 | loss 0.406446 | lrm 0.4027 | dt_ms 1020.1
[2026-07-06 05:13:13] step 004022 | loss 0.418257 | lrm 0.4024 | dt_ms 1025.4
[2026-07-06 05:13:14] step 004023 | loss 0.370781 | lrm 0.4021 | dt_ms 980.0
[2026-07-06 05:13:15] step 004024 | loss 0.504648 | lrm 0.4019 | dt_ms 1000.2
[2026-07-06 05:13:16] step 004025 | loss 0.462232 | lrm 0.4016 | dt_ms 1046.3
[2026-07-06 05:13:17] step 004026 | loss 0.447668 | lrm 0.4013 | dt_ms 996.6
[2026-07-06 05:13:18] step 004027 | loss 0.340887 | lrm 0.4010 | dt_ms 987.7
[2026-07-06 05:13:19] step 004028 | loss 0.493113 | lrm 0.4008 | dt_ms 992.5
[2026-07-06 05:13:20] step 004029 | loss 0.446950 | lrm 0.4005 | dt_ms 996.5
[2026-07-06 05:13:21] step 004030 | loss 0.482226 | lrm 0.4002 | dt_ms 991.8
[2026-07-06 05:13:22] step 004031 | loss 0.478028 | lrm 0.3999 | dt_ms 1011.7
[2026-07-06 05:13:23] step 004032 | loss 0.495000 | lrm 0.3997 | dt_ms 1017.2
[2026-07-06 05:13:24] step 004033 | loss 0.433026 | lrm 0.3994 | dt_ms 1014.0
[2026-07-06 05:13:25] step 004034 | loss 0.430385 | lrm 0.3991 | dt_ms 1024.7
[2026-07-06 05:13:26] step 004035 | loss 0.399782 | lrm 0.3988 | dt_ms 987.1
[2026-07-06 05:13:27] step 004036 | loss 0.503864 | lrm 0.3986 | dt_ms 1039.5
[2026-07-06 05:13:28] step 004037 | loss 0.486235 | lrm 0.3983 | dt_ms 1039.6
[2026-07-06 05:13:29] step 004038 | loss 0.514344 | lrm 0.3980 | dt_ms 966.8
[2026-07-06 05:13:30] step 004039 | loss 0.479669 | lrm 0.3977 | dt_ms 979.6
[2026-07-06 05:13:31] step 004040 | loss 0.459277 | lrm 0.3975 | dt_ms 1001.0
[2026-07-06 05:13:32] step 004041 | loss 0.419577 | lrm 0.3972 | dt_ms 983.4
[2026-07-06 05:13:33] step 004042 | loss 0.596389 | lrm 0.3969 | dt_ms 1027.1
[2026-07-06 05:13:34] step 004043 | loss 0.686101 | lrm 0.3966 | dt_ms 984.2
[2026-07-06 05:13:35] step 004044 | loss 0.430189 | lrm 0.3964 | dt_ms 1004.6
[2026-07-06 05:13:36] step 004045 | loss 0.504731 | lrm 0.3961 | dt_ms 987.6
[2026-07-06 05:13:37] step 004046 | loss 0.482317 | lrm 0.3958 | dt_ms 1026.6
[2026-07-06 05:13:38] step 004047 | loss 0.412135 | lrm 0.3955 | dt_ms 1018.9
[2026-07-06 05:13:39] step 004048 | loss 0.413885 | lrm 0.3953 | dt_ms 967.4
[2026-07-06 05:13:40] step 004049 | loss 0.472212 | lrm 0.3950 | dt_ms 1029.8
[2026-07-06 05:13:41] step 004050 | loss 0.416364 | lrm 0.3947 | dt_ms 997.0
[2026-07-06 05:13:42] step 004051 | loss 0.497612 | lrm 0.3944 | dt_ms 977.7
[2026-07-06 05:13:43] step 004052 | loss 0.549171 | lrm 0.3942 | dt_ms 1010.1
[2026-07-06 05:13:44] step 004053 | loss 0.473102 | lrm 0.3939 | dt_ms 1023.6
[2026-07-06 05:13:45] step 004054 | loss 0.504527 | lrm 0.3936 | dt_ms 1015.4
[2026-07-06 05:13:46] step 004055 | loss 0.450940 | lrm 0.3933 | dt_ms 1029.3
[2026-07-06 05:13:47] step 004056 | loss 0.494951 | lrm 0.3930 | dt_ms 1009.0
[2026-07-06 05:13:48] step 004057 | loss 0.449529 | lrm 0.3928 | dt_ms 986.5
[2026-07-06 05:13:49] step 004058 | loss 0.578845 | lrm 0.3925 | dt_ms 1075.7
[2026-07-06 05:13:50] step 004059 | loss 0.457958 | lrm 0.3922 | dt_ms 1052.6
[2026-07-06 05:13:51] step 004060 | loss 0.583152 | lrm 0.3919 | dt_ms 989.9
[2026-07-06 05:13:52] step 004061 | loss 0.478512 | lrm 0.3917 | dt_ms 1010.2
[2026-07-06 05:13:53] step 004062 | loss 0.498701 | lrm 0.3914 | dt_ms 983.4
[2026-07-06 05:13:54] step 004063 | loss 0.457605 | lrm 0.3911 | dt_ms 989.2
[2026-07-06 05:13:55] step 004064 | loss 0.501087 | lrm 0.3908 | dt_ms 995.6
[2026-07-06 05:13:56] step 004065 | loss 0.534766 | lrm 0.3906 | dt_ms 1048.9
[2026-07-06 05:13:57] step 004066 | loss 0.563342 | lrm 0.3903 | dt_ms 985.1
[2026-07-06 05:13:58] step 004067 | loss 0.502121 | lrm 0.3900 | dt_ms 981.7
[2026-07-06 05:13:59] step 004068 | loss 0.434354 | lrm 0.3897 | dt_ms 1002.2
[2026-07-06 05:14:00] step 004069 | loss 0.370322 | lrm 0.3895 | dt_ms 969.4
[2026-07-06 05:14:01] step 004070 | loss 0.461620 | lrm 0.3892 | dt_ms 975.9
[2026-07-06 05:14:02] step 004071 | loss 0.479910 | lrm 0.3889 | dt_ms 1049.4
[2026-07-06 05:14:03] step 004072 | loss 0.370394 | lrm 0.3886 | dt_ms 990.2
[2026-07-06 05:14:04] step 004073 | loss 0.483987 | lrm 0.3884 | dt_ms 1016.9
[2026-07-06 05:14:05] step 004074 | loss 0.475209 | lrm 0.3881 | dt_ms 1009.1
[2026-07-06 05:14:06] step 004075 | loss 0.465841 | lrm 0.3878 | dt_ms 981.3
[2026-07-06 05:14:07] step 004076 | loss 0.476571 | lrm 0.3875 | dt_ms 977.1
[2026-07-06 05:14:08] step 004077 | loss 0.480322 | lrm 0.3873 | dt_ms 975.3
[2026-07-06 05:14:09] step 004078 | loss 0.424088 | lrm 0.3870 | dt_ms 1025.3
[2026-07-06 05:14:10] step 004079 | loss 0.525403 | lrm 0.3867 | dt_ms 981.4
[2026-07-06 05:14:11] step 004080 | loss 0.498962 | lrm 0.3864 | dt_ms 1010.4
[2026-07-06 05:14:12] step 004081 | loss 0.546274 | lrm 0.3862 | dt_ms 981.5
[2026-07-06 05:14:13] step 004082 | loss 0.535951 | lrm 0.3859 | dt_ms 953.1
[2026-07-06 05:14:14] step 004083 | loss 0.458354 | lrm 0.3856 | dt_ms 997.2
[2026-07-06 05:14:15] step 004084 | loss 0.441633 | lrm 0.3853 | dt_ms 1004.7
[2026-07-06 05:14:16] step 004085 | loss 0.446178 | lrm 0.3851 | dt_ms 1058.5
[2026-07-06 05:14:17] step 004086 | loss 0.563632 | lrm 0.3848 | dt_ms 1004.8
[2026-07-06 05:14:18] step 004087 | loss 0.472155 | lrm 0.3845 | dt_ms 995.0
[2026-07-06 05:14:19] step 004088 | loss 0.569143 | lrm 0.3842 | dt_ms 1015.2
[2026-07-06 05:14:20] step 004089 | loss 0.442787 | lrm 0.3839 | dt_ms 970.6
[2026-07-06 05:14:21] step 004090 | loss 0.475692 | lrm 0.3837 | dt_ms 1006.2
[2026-07-06 05:14:22] step 004091 | loss 0.391865 | lrm 0.3834 | dt_ms 981.9
[2026-07-06 05:14:23] step 004092 | loss 0.558462 | lrm 0.3831 | dt_ms 1004.3
[2026-07-06 05:14:24] step 004093 | loss 0.558247 | lrm 0.3828 | dt_ms 983.3
[2026-07-06 05:14:25] step 004094 | loss 0.483045 | lrm 0.3826 | dt_ms 1002.6
[2026-07-06 05:14:26] step 004095 | loss 0.421622 | lrm 0.3823 | dt_ms 1030.2
[2026-07-06 05:14:27] step 004096 | loss 0.510573 | lrm 0.3820 | dt_ms 985.8
[2026-07-06 05:14:28] step 004097 | loss 0.395678 | lrm 0.3817 | dt_ms 998.0
[2026-07-06 05:14:29] step 004098 | loss 0.386468 | lrm 0.3815 | dt_ms 1021.7
[2026-07-06 05:14:30] step 004099 | loss 0.462533 | lrm 0.3812 | dt_ms 996.1
[2026-07-06 05:14:31] step 004100 | loss 0.443037 | lrm 0.3809 | dt_ms 978.0
[2026-07-06 05:14:32] step 004101 | loss 0.469954 | lrm 0.3806 | dt_ms 1075.1
[2026-07-06 05:14:33] step 004102 | loss 0.411554 | lrm 0.3804 | dt_ms 1024.2
[2026-07-06 05:14:34] step 004103 | loss 0.433927 | lrm 0.3801 | dt_ms 1010.0
[2026-07-06 05:14:35] step 004104 | loss 0.430660 | lrm 0.3798 | dt_ms 997.7
[2026-07-06 05:14:36] step 004105 | loss 0.640642 | lrm 0.3795 | dt_ms 1037.3
[2026-07-06 05:14:37] step 004106 | loss 0.519811 | lrm 0.3793 | dt_ms 983.3
[2026-07-06 05:14:38] step 004107 | loss 0.496747 | lrm 0.3790 | dt_ms 1000.7
[2026-07-06 05:14:39] step 004108 | loss 0.471623 | lrm 0.3787 | dt_ms 1021.0
[2026-07-06 05:14:40] step 004109 | loss 0.541805 | lrm 0.3784 | dt_ms 1010.5
[2026-07-06 05:14:41] step 004110 | loss 0.549453 | lrm 0.3782 | dt_ms 1005.8
[2026-07-06 05:14:42] step 004111 | loss 0.538351 | lrm 0.3779 | dt_ms 980.1
[2026-07-06 05:14:43] step 004112 | loss 0.323267 | lrm 0.3776 | dt_ms 989.1
[2026-07-06 05:14:44] step 004113 | loss 0.469721 | lrm 0.3773 | dt_ms 1008.0
[2026-07-06 05:14:45] step 004114 | loss 0.448887 | lrm 0.3771 | dt_ms 1016.4
[2026-07-06 05:14:46] step 004115 | loss 0.537401 | lrm 0.3768 | dt_ms 991.6
[2026-07-06 05:14:47] step 004116 | loss 0.494987 | lrm 0.3765 | dt_ms 1019.7
[2026-07-06 05:14:48] step 004117 | loss 0.413151 | lrm 0.3762 | dt_ms 996.0
[2026-07-06 05:14:49] step 004118 | loss 0.459205 | lrm 0.3760 | dt_ms 963.3
[2026-07-06 05:14:50] step 004119 | loss 0.483970 | lrm 0.3757 | dt_ms 1030.7
[2026-07-06 05:14:51] step 004120 | loss 0.441999 | lrm 0.3754 | dt_ms 986.5
[2026-07-06 05:14:52] step 004121 | loss 0.409380 | lrm 0.3751 | dt_ms 1006.8
[2026-07-06 05:14:53] step 004122 | loss 0.378493 | lrm 0.3748 | dt_ms 986.2
[2026-07-06 05:14:54] step 004123 | loss 0.503811 | lrm 0.3746 | dt_ms 1024.3
[2026-07-06 05:14:55] step 004124 | loss 0.522281 | lrm 0.3743 | dt_ms 980.7
[2026-07-06 05:14:56] step 004125 | loss 0.596324 | lrm 0.3740 | dt_ms 953.8
[2026-07-06 05:14:57] step 004126 | loss 0.454662 | lrm 0.3737 | dt_ms 1017.3
[2026-07-06 05:14:58] step 004127 | loss 0.511255 | lrm 0.3735 | dt_ms 980.0
[2026-07-06 05:14:59] step 004128 | loss 0.456222 | lrm 0.3732 | dt_ms 994.3
[2026-07-06 05:15:00] step 004129 | loss 0.396263 | lrm 0.3729 | dt_ms 991.5
[2026-07-06 05:15:01] step 004130 | loss 0.558090 | lrm 0.3726 | dt_ms 1005.2
[2026-07-06 05:15:02] step 004131 | loss 0.448650 | lrm 0.3724 | dt_ms 977.8
[2026-07-06 05:15:03] step 004132 | loss 0.520662 | lrm 0.3721 | dt_ms 1013.6
[2026-07-06 05:15:04] step 004133 | loss 0.422885 | lrm 0.3718 | dt_ms 986.7
[2026-07-06 05:15:05] step 004134 | loss 0.427648 | lrm 0.3715 | dt_ms 1006.4
[2026-07-06 05:15:06] step 004135 | loss 0.394661 | lrm 0.3713 | dt_ms 975.5
[2026-07-06 05:15:07] step 004136 | loss 0.418010 | lrm 0.3710 | dt_ms 1037.9
[2026-07-06 05:15:08] step 004137 | loss 0.604159 | lrm 0.3707 | dt_ms 962.5
[2026-07-06 05:15:09] step 004138 | loss 0.489022 | lrm 0.3704 | dt_ms 1032.1
[2026-07-06 05:15:10] step 004139 | loss 0.623354 | lrm 0.3702 | dt_ms 1013.7
[2026-07-06 05:15:11] step 004140 | loss 0.500221 | lrm 0.3699 | dt_ms 1029.8
[2026-07-06 05:15:12] step 004141 | loss 0.435458 | lrm 0.3696 | dt_ms 995.5
[2026-07-06 05:15:13] step 004142 | loss 0.565074 | lrm 0.3693 | dt_ms 980.5
[2026-07-06 05:15:14] step 004143 | loss 0.383003 | lrm 0.3691 | dt_ms 982.6
[2026-07-06 05:15:15] step 004144 | loss 0.500449 | lrm 0.3688 | dt_ms 977.0
[2026-07-06 05:15:16] step 004145 | loss 0.445767 | lrm 0.3685 | dt_ms 1004.6
[2026-07-06 05:15:17] step 004146 | loss 0.446667 | lrm 0.3682 | dt_ms 989.9
[2026-07-06 05:15:18] step 004147 | loss 0.481099 | lrm 0.3680 | dt_ms 997.6
[2026-07-06 05:15:19] step 004148 | loss 0.333779 | lrm 0.3677 | dt_ms 989.4
[2026-07-06 05:15:20] step 004149 | loss 0.378427 | lrm 0.3674 | dt_ms 1015.5
[2026-07-06 05:15:21] step 004150 | loss 0.515259 | lrm 0.3671 | dt_ms 990.6
[2026-07-06 05:15:22] step 004151 | loss 0.502842 | lrm 0.3669 | dt_ms 990.3
[2026-07-06 05:15:23] step 004152 | loss 0.526448 | lrm 0.3666 | dt_ms 1026.3
[2026-07-06 05:15:24] step 004153 | loss 0.558855 | lrm 0.3663 | dt_ms 973.4
[2026-07-06 05:15:25] step 004154 | loss 0.498580 | lrm 0.3660 | dt_ms 1018.4
[2026-07-06 05:15:26] step 004155 | loss 0.379768 | lrm 0.3657 | dt_ms 972.1
[2026-07-06 05:15:27] step 004156 | loss 0.400593 | lrm 0.3655 | dt_ms 987.1
[2026-07-06 05:15:28] step 004157 | loss 0.494955 | lrm 0.3652 | dt_ms 1010.1
[2026-07-06 05:15:29] step 004158 | loss 0.446180 | lrm 0.3649 | dt_ms 979.8
[2026-07-06 05:15:30] step 004159 | loss 0.518089 | lrm 0.3646 | dt_ms 994.8
[2026-07-06 05:15:31] step 004160 | loss 0.478771 | lrm 0.3644 | dt_ms 1025.2
[2026-07-06 05:15:32] step 004161 | loss 0.403864 | lrm 0.3641 | dt_ms 997.1
[2026-07-06 05:15:33] step 004162 | loss 0.487061 | lrm 0.3638 | dt_ms 1017.0
[2026-07-06 05:15:34] step 004163 | loss 0.455010 | lrm 0.3635 | dt_ms 1011.5
[2026-07-06 05:15:35] step 004164 | loss 0.540519 | lrm 0.3633 | dt_ms 1008.6
[2026-07-06 05:15:36] step 004165 | loss 0.490028 | lrm 0.3630 | dt_ms 996.8
[2026-07-06 05:15:37] step 004166 | loss 0.539017 | lrm 0.3627 | dt_ms 1001.8
[2026-07-06 05:15:38] step 004167 | loss 0.421961 | lrm 0.3624 | dt_ms 963.4
[2026-07-06 05:15:39] step 004168 | loss 0.408564 | lrm 0.3622 | dt_ms 987.0
[2026-07-06 05:15:40] step 004169 | loss 0.437503 | lrm 0.3619 | dt_ms 1031.5
[2026-07-06 05:15:41] step 004170 | loss 0.401211 | lrm 0.3616 | dt_ms 983.9
[2026-07-06 05:15:42] step 004171 | loss 0.381188 | lrm 0.3613 | dt_ms 1034.2
[2026-07-06 05:15:43] step 004172 | loss 0.506139 | lrm 0.3611 | dt_ms 986.2
[2026-07-06 05:15:44] step 004173 | loss 0.524203 | lrm 0.3608 | dt_ms 980.6
[2026-07-06 05:15:45] step 004174 | loss 0.563140 | lrm 0.3605 | dt_ms 1027.0
[2026-07-06 05:15:46] step 004175 | loss 0.509460 | lrm 0.3602 | dt_ms 988.7
[2026-07-06 05:15:47] step 004176 | loss 0.371494 | lrm 0.3600 | dt_ms 1033.8
[2026-07-06 05:15:48] step 004177 | loss 0.476713 | lrm 0.3597 | dt_ms 1017.5
[2026-07-06 05:15:49] step 004178 | loss 0.552368 | lrm 0.3594 | dt_ms 994.3
[2026-07-06 05:15:50] step 004179 | loss 0.454900 | lrm 0.3591 | dt_ms 960.1
[2026-07-06 05:15:51] step 004180 | loss 0.435434 | lrm 0.3589 | dt_ms 1012.1
[2026-07-06 05:15:52] step 004181 | loss 0.425175 | lrm 0.3586 | dt_ms 988.2
[2026-07-06 05:15:53] step 004182 | loss 0.406436 | lrm 0.3583 | dt_ms 970.9
[2026-07-06 05:15:54] step 004183 | loss 0.476866 | lrm 0.3580 | dt_ms 1025.0
[2026-07-06 05:15:55] step 004184 | loss 0.672757 | lrm 0.3578 | dt_ms 1040.8
[2026-07-06 05:15:56] step 004185 | loss 0.437617 | lrm 0.3575 | dt_ms 999.1
[2026-07-06 05:15:57] step 004186 | loss 0.515346 | lrm 0.3572 | dt_ms 968.4
[2026-07-06 05:15:58] step 004187 | loss 0.464894 | lrm 0.3569 | dt_ms 1016.7
[2026-07-06 05:15:59] step 004188 | loss 0.394526 | lrm 0.3566 | dt_ms 990.2
[2026-07-06 05:16:00] step 004189 | loss 0.391565 | lrm 0.3564 | dt_ms 975.9
[2026-07-06 05:16:01] step 004190 | loss 0.405272 | lrm 0.3561 | dt_ms 1015.5
[2026-07-06 05:16:02] step 004191 | loss 0.517450 | lrm 0.3558 | dt_ms 988.1
[2026-07-06 05:16:03] step 004192 | loss 0.485298 | lrm 0.3555 | dt_ms 1034.0
[2026-07-06 05:16:04] step 004193 | loss 0.489241 | lrm 0.3553 | dt_ms 1034.5
[2026-07-06 05:16:05] step 004194 | loss 0.462838 | lrm 0.3550 | dt_ms 1032.4
[2026-07-06 05:16:06] step 004195 | loss 0.440021 | lrm 0.3547 | dt_ms 1016.4
[2026-07-06 05:16:07] step 004196 | loss 0.420429 | lrm 0.3544 | dt_ms 966.3
[2026-07-06 05:16:08] step 004197 | loss 0.303009 | lrm 0.3542 | dt_ms 977.5
[2026-07-06 05:16:09] step 004198 | loss 0.414548 | lrm 0.3539 | dt_ms 983.6
[2026-07-06 05:16:13] step 004199 | loss 0.432521 | lrm 0.3536 | dt_ms 3507.6
[2026-07-06 05:16:14] step 004200 | loss 0.477016 | lrm 0.3533 | dt_ms 987.7
[2026-07-06 05:16:15] step 004201 | loss 0.439138 | lrm 0.3531 | dt_ms 976.9
[2026-07-06 05:16:16] step 004202 | loss 0.485916 | lrm 0.3528 | dt_ms 971.0
[2026-07-06 05:16:17] step 004203 | loss 0.546637 | lrm 0.3525 | dt_ms 1003.5
[2026-07-06 05:16:18] step 004204 | loss 0.404537 | lrm 0.3522 | dt_ms 964.7
[2026-07-06 05:16:19] step 004205 | loss 0.511761 | lrm 0.3520 | dt_ms 1032.0
[2026-07-06 05:16:20] step 004206 | loss 0.496421 | lrm 0.3517 | dt_ms 1042.9
[2026-07-06 05:16:21] step 004207 | loss 0.408834 | lrm 0.3514 | dt_ms 1013.4
[2026-07-06 05:16:22] step 004208 | loss 0.442390 | lrm 0.3511 | dt_ms 1011.3
[2026-07-06 05:16:23] step 004209 | loss 0.416590 | lrm 0.3509 | dt_ms 995.0
[2026-07-06 05:16:24] step 004210 | loss 0.353146 | lrm 0.3506 | dt_ms 1016.8
[2026-07-06 05:16:25] step 004211 | loss 0.538316 | lrm 0.3503 | dt_ms 997.8
[2026-07-06 05:16:26] step 004212 | loss 0.576052 | lrm 0.3500 | dt_ms 1053.4
[2026-07-06 05:16:27] step 004213 | loss 0.477757 | lrm 0.3498 | dt_ms 1000.8
[2026-07-06 05:16:28] step 004214 | loss 0.450469 | lrm 0.3495 | dt_ms 963.8
[2026-07-06 05:16:29] step 004215 | loss 0.454877 | lrm 0.3492 | dt_ms 996.1
[2026-07-06 05:16:30] step 004216 | loss 0.414885 | lrm 0.3489 | dt_ms 1013.6
[2026-07-06 05:16:31] step 004217 | loss 0.459622 | lrm 0.3487 | dt_ms 986.0
[2026-07-06 05:16:32] step 004218 | loss 0.368235 | lrm 0.3484 | dt_ms 1019.3
[2026-07-06 05:16:33] step 004219 | loss 0.401314 | lrm 0.3481 | dt_ms 1009.5
[2026-07-06 05:16:34] step 004220 | loss 0.457714 | lrm 0.3478 | dt_ms 1035.1
[2026-07-06 05:16:35] step 004221 | loss 0.498524 | lrm 0.3475 | dt_ms 993.2
[2026-07-06 05:16:36] step 004222 | loss 0.544127 | lrm 0.3473 | dt_ms 1011.2
[2026-07-06 05:16:37] step 004223 | loss 0.455377 | lrm 0.3470 | dt_ms 993.3
[2026-07-06 05:16:38] step 004224 | loss 0.444478 | lrm 0.3467 | dt_ms 1015.2
[2026-07-06 05:16:39] step 004225 | loss 0.391060 | lrm 0.3464 | dt_ms 1016.4
[2026-07-06 05:16:40] step 004226 | loss 0.460111 | lrm 0.3462 | dt_ms 1017.0
[2026-07-06 05:16:41] step 004227 | loss 0.453376 | lrm 0.3459 | dt_ms 986.0
[2026-07-06 05:16:42] step 004228 | loss 0.468296 | lrm 0.3456 | dt_ms 977.9
[2026-07-06 05:16:43] step 004229 | loss 0.564530 | lrm 0.3453 | dt_ms 968.7
[2026-07-06 05:16:44] step 004230 | loss 0.455932 | lrm 0.3451 | dt_ms 964.9
[2026-07-06 05:16:45] step 004231 | loss 0.416074 | lrm 0.3448 | dt_ms 979.5
[2026-07-06 05:16:46] step 004232 | loss 0.432131 | lrm 0.3445 | dt_ms 979.0
[2026-07-06 05:16:47] step 004233 | loss 0.491031 | lrm 0.3442 | dt_ms 995.7
[2026-07-06 05:16:48] step 004234 | loss 0.536046 | lrm 0.3440 | dt_ms 1006.2
[2026-07-06 05:16:49] step 004235 | loss 0.527366 | lrm 0.3437 | dt_ms 1001.2
[2026-07-06 05:16:50] step 004236 | loss 0.487751 | lrm 0.3434 | dt_ms 1000.0
[2026-07-06 05:16:51] step 004237 | loss 0.411496 | lrm 0.3431 | dt_ms 1008.1
[2026-07-06 05:16:52] step 004238 | loss 0.317712 | lrm 0.3429 | dt_ms 969.9
[2026-07-06 05:16:53] step 004239 | loss 0.547915 | lrm 0.3426 | dt_ms 1008.5
[2026-07-06 05:16:54] step 004240 | loss 0.573421 | lrm 0.3423 | dt_ms 1047.1
[2026-07-06 05:16:55] step 004241 | loss 0.376279 | lrm 0.3420 | dt_ms 1029.1
[2026-07-06 05:16:56] step 004242 | loss 0.470029 | lrm 0.3418 | dt_ms 978.8
[2026-07-06 05:16:57] step 004243 | loss 0.516716 | lrm 0.3415 | dt_ms 996.1
[2026-07-06 05:16:58] step 004244 | loss 0.492711 | lrm 0.3412 | dt_ms 977.5
[2026-07-06 05:16:59] step 004245 | loss 0.389748 | lrm 0.3409 | dt_ms 985.2
[2026-07-06 05:17:00] step 004246 | loss 0.420601 | lrm 0.3407 | dt_ms 1009.2
[2026-07-06 05:17:01] step 004247 | loss 0.397805 | lrm 0.3404 | dt_ms 981.2
[2026-07-06 05:17:02] step 004248 | loss 0.459605 | lrm 0.3401 | dt_ms 1034.5
[2026-07-06 05:17:03] step 004249 | loss 0.412574 | lrm 0.3398 | dt_ms 997.3
[2026-07-06 05:17:04] step 004250 | loss 0.477399 | lrm 0.3396 | dt_ms 1001.3
[2026-07-06 05:17:05] step 004251 | loss 0.506644 | lrm 0.3393 | dt_ms 1008.3
[2026-07-06 05:17:06] step 004252 | loss 0.429936 | lrm 0.3390 | dt_ms 996.9
[2026-07-06 05:17:07] step 004253 | loss 0.365447 | lrm 0.3387 | dt_ms 980.0
[2026-07-06 05:17:08] step 004254 | loss 0.473010 | lrm 0.3384 | dt_ms 994.1
[2026-07-06 05:17:09] step 004255 | loss 0.446772 | lrm 0.3382 | dt_ms 994.1
[2026-07-06 05:17:10] step 004256 | loss 0.481867 | lrm 0.3379 | dt_ms 987.9
[2026-07-06 05:17:11] step 004257 | loss 0.505105 | lrm 0.3376 | dt_ms 998.2
[2026-07-06 05:17:12] step 004258 | loss 0.502939 | lrm 0.3373 | dt_ms 1011.4
[2026-07-06 05:17:13] step 004259 | loss 0.459590 | lrm 0.3371 | dt_ms 1036.2
[2026-07-06 05:17:14] step 004260 | loss 0.414276 | lrm 0.3368 | dt_ms 968.4
[2026-07-06 05:17:15] step 004261 | loss 0.482408 | lrm 0.3365 | dt_ms 1042.9
[2026-07-06 05:17:16] step 004262 | loss 0.579084 | lrm 0.3362 | dt_ms 988.3
[2026-07-06 05:17:20] step 004263 | loss 0.431416 | lrm 0.3360 | dt_ms 3623.9
[2026-07-06 05:17:21] step 004264 | loss 0.444123 | lrm 0.3357 | dt_ms 1049.3
[2026-07-06 05:17:22] step 004265 | loss 0.413713 | lrm 0.3354 | dt_ms 1028.6
[2026-07-06 05:17:23] step 004266 | loss 0.407430 | lrm 0.3351 | dt_ms 995.2
[2026-07-06 05:17:24] step 004267 | loss 0.399329 | lrm 0.3349 | dt_ms 973.1
[2026-07-06 05:17:25] step 004268 | loss 0.370097 | lrm 0.3346 | dt_ms 991.4
[2026-07-06 05:17:26] step 004269 | loss 0.454056 | lrm 0.3343 | dt_ms 1003.2
[2026-07-06 05:17:27] step 004270 | loss 0.495955 | lrm 0.3340 | dt_ms 1035.5
[2026-07-06 05:17:28] step 004271 | loss 0.464363 | lrm 0.3338 | dt_ms 980.9
[2026-07-06 05:17:29] step 004272 | loss 0.564295 | lrm 0.3335 | dt_ms 1000.1
[2026-07-06 05:17:30] step 004273 | loss 0.600948 | lrm 0.3332 | dt_ms 1044.5
[2026-07-06 05:17:31] step 004274 | loss 0.430703 | lrm 0.3329 | dt_ms 1000.3
[2026-07-06 05:17:32] step 004275 | loss 0.371472 | lrm 0.3327 | dt_ms 1042.9
[2026-07-06 05:17:33] step 004276 | loss 0.433086 | lrm 0.3324 | dt_ms 995.9
[2026-07-06 05:17:34] step 004277 | loss 0.527387 | lrm 0.3321 | dt_ms 1016.9
[2026-07-06 05:17:35] step 004278 | loss 0.469422 | lrm 0.3318 | dt_ms 969.1
[2026-07-06 05:17:36] step 004279 | loss 0.494667 | lrm 0.3316 | dt_ms 979.7
[2026-07-06 05:17:37] step 004280 | loss 0.440886 | lrm 0.3313 | dt_ms 1065.8
[2026-07-06 05:17:38] step 004281 | loss 0.393694 | lrm 0.3310 | dt_ms 983.1
[2026-07-06 05:17:39] step 004282 | loss 0.459830 | lrm 0.3307 | dt_ms 1032.3
[2026-07-06 05:17:40] step 004283 | loss 0.468150 | lrm 0.3304 | dt_ms 991.1
[2026-07-06 05:17:41] step 004284 | loss 0.395634 | lrm 0.3302 | dt_ms 980.3
[2026-07-06 05:17:42] step 004285 | loss 0.402074 | lrm 0.3299 | dt_ms 968.5
[2026-07-06 05:17:43] step 004286 | loss 0.429189 | lrm 0.3296 | dt_ms 1027.8
[2026-07-06 05:17:44] step 004287 | loss 0.428082 | lrm 0.3293 | dt_ms 996.7
[2026-07-06 05:17:45] step 004288 | loss 0.460852 | lrm 0.3291 | dt_ms 959.5
[2026-07-06 05:17:46] step 004289 | loss 0.601122 | lrm 0.3288 | dt_ms 1061.7
[2026-07-06 05:17:47] step 004290 | loss 0.466177 | lrm 0.3285 | dt_ms 1005.1
[2026-07-06 05:17:48] step 004291 | loss 0.474697 | lrm 0.3282 | dt_ms 999.4
[2026-07-06 05:17:49] step 004292 | loss 0.503588 | lrm 0.3280 | dt_ms 980.1
[2026-07-06 05:17:50] step 004293 | loss 0.539412 | lrm 0.3277 | dt_ms 1033.7
[2026-07-06 05:17:51] step 004294 | loss 0.406526 | lrm 0.3274 | dt_ms 1032.2
[2026-07-06 05:17:52] step 004295 | loss 0.454572 | lrm 0.3271 | dt_ms 981.4
[2026-07-06 05:17:53] step 004296 | loss 0.369944 | lrm 0.3269 | dt_ms 1025.8
[2026-07-06 05:17:54] step 004297 | loss 0.485463 | lrm 0.3266 | dt_ms 1027.8
[2026-07-06 05:17:55] step 004298 | loss 0.501883 | lrm 0.3263 | dt_ms 1000.6
[2026-07-06 05:17:56] step 004299 | loss 0.441454 | lrm 0.3260 | dt_ms 997.0
[2026-07-06 05:17:57] step 004300 | loss 0.464296 | lrm 0.3258 | dt_ms 1023.4
[2026-07-06 05:17:58] step 004301 | loss 0.511796 | lrm 0.3255 | dt_ms 1011.0
[2026-07-06 05:17:59] step 004302 | loss 0.451332 | lrm 0.3252 | dt_ms 981.6
[2026-07-06 05:18:00] step 004303 | loss 0.375737 | lrm 0.3249 | dt_ms 990.0
[2026-07-06 05:18:01] step 004304 | loss 0.498042 | lrm 0.3247 | dt_ms 1031.5
[2026-07-06 05:18:02] step 004305 | loss 0.472623 | lrm 0.3244 | dt_ms 979.4
[2026-07-06 05:18:03] step 004306 | loss 0.559560 | lrm 0.3241 | dt_ms 1010.7
[2026-07-06 05:18:04] step 004307 | loss 0.561534 | lrm 0.3238 | dt_ms 982.7
[2026-07-06 05:18:05] step 004308 | loss 0.446284 | lrm 0.3236 | dt_ms 978.7
[2026-07-06 05:18:06] step 004309 | loss 0.357945 | lrm 0.3233 | dt_ms 972.2
[2026-07-06 05:18:10] step 004310 | loss 0.491644 | lrm 0.3230 | dt_ms 4010.1
[2026-07-06 05:18:11] step 004311 | loss 0.480215 | lrm 0.3227 | dt_ms 983.9
[2026-07-06 05:18:12] step 004312 | loss 0.462383 | lrm 0.3225 | dt_ms 1002.0
[2026-07-06 05:18:13] step 004313 | loss 0.524516 | lrm 0.3222 | dt_ms 989.5
[2026-07-06 05:18:14] step 004314 | loss 0.414588 | lrm 0.3219 | dt_ms 1043.3
[2026-07-06 05:18:15] step 004315 | loss 0.403243 | lrm 0.3216 | dt_ms 989.5
[2026-07-06 05:18:16] step 004316 | loss 0.508627 | lrm 0.3213 | dt_ms 984.6
[2026-07-06 05:18:17] step 004317 | loss 0.428097 | lrm 0.3211 | dt_ms 985.8
[2026-07-06 05:18:18] step 004318 | loss 0.413832 | lrm 0.3208 | dt_ms 1058.0
[2026-07-06 05:18:19] step 004319 | loss 0.456503 | lrm 0.3205 | dt_ms 1004.9
[2026-07-06 05:18:20] step 004320 | loss 0.543173 | lrm 0.3202 | dt_ms 1009.1
[2026-07-06 05:18:21] step 004321 | loss 0.457621 | lrm 0.3200 | dt_ms 1005.9
[2026-07-06 05:18:22] step 004322 | loss 0.396594 | lrm 0.3197 | dt_ms 1003.9
[2026-07-06 05:18:23] step 004323 | loss 0.412396 | lrm 0.3194 | dt_ms 1023.7
[2026-07-06 05:18:24] step 004324 | loss 0.378094 | lrm 0.3191 | dt_ms 973.6
[2026-07-06 05:18:25] step 004325 | loss 0.539110 | lrm 0.3189 | dt_ms 1024.4
[2026-07-06 05:18:26] step 004326 | loss 0.562624 | lrm 0.3186 | dt_ms 985.6
[2026-07-06 05:18:27] step 004327 | loss 0.500834 | lrm 0.3183 | dt_ms 1035.0
[2026-07-06 05:18:28] step 004328 | loss 0.414371 | lrm 0.3180 | dt_ms 1049.2
[2026-07-06 05:18:29] step 004329 | loss 0.501124 | lrm 0.3178 | dt_ms 981.5
[2026-07-06 05:18:30] step 004330 | loss 0.423956 | lrm 0.3175 | dt_ms 1037.9
[2026-07-06 05:18:31] step 004331 | loss 0.462087 | lrm 0.3172 | dt_ms 973.8
[2026-07-06 05:18:32] step 004332 | loss 0.437391 | lrm 0.3169 | dt_ms 996.0
[2026-07-06 05:18:33] step 004333 | loss 0.565815 | lrm 0.3167 | dt_ms 968.4
[2026-07-06 05:18:34] step 004334 | loss 0.512430 | lrm 0.3164 | dt_ms 1022.3
[2026-07-06 05:18:35] step 004335 | loss 0.478493 | lrm 0.3161 | dt_ms 1050.0
[2026-07-06 05:18:36] step 004336 | loss 0.388739 | lrm 0.3158 | dt_ms 967.7
[2026-07-06 05:18:37] step 004337 | loss 0.436083 | lrm 0.3156 | dt_ms 1023.2
[2026-07-06 05:18:38] step 004338 | loss 0.369174 | lrm 0.3153 | dt_ms 1047.3
[2026-07-06 05:18:39] step 004339 | loss 0.447700 | lrm 0.3150 | dt_ms 1003.1
[2026-07-06 05:18:40] step 004340 | loss 0.523232 | lrm 0.3147 | dt_ms 973.4
[2026-07-06 05:18:41] step 004341 | loss 0.451997 | lrm 0.3145 | dt_ms 1022.7
[2026-07-06 05:18:42] step 004342 | loss 0.396061 | lrm 0.3142 | dt_ms 1008.4
[2026-07-06 05:18:43] step 004343 | loss 0.412629 | lrm 0.3139 | dt_ms 958.6
[2026-07-06 05:18:44] step 004344 | loss 0.388294 | lrm 0.3136 | dt_ms 1074.7
[2026-07-06 05:18:45] step 004345 | loss 0.402296 | lrm 0.3134 | dt_ms 1028.2
[2026-07-06 05:18:46] step 004346 | loss 0.472898 | lrm 0.3131 | dt_ms 1020.6
[2026-07-06 05:18:47] step 004347 | loss 0.589719 | lrm 0.3128 | dt_ms 993.6
[2026-07-06 05:18:48] step 004348 | loss 0.553462 | lrm 0.3125 | dt_ms 1023.8
[2026-07-06 05:18:49] step 004349 | loss 0.373346 | lrm 0.3122 | dt_ms 1025.6
[2026-07-06 05:18:50] step 004350 | loss 0.435348 | lrm 0.3120 | dt_ms 994.4
[2026-07-06 05:18:51] step 004351 | loss 0.400023 | lrm 0.3117 | dt_ms 1018.3
[2026-07-06 05:18:52] step 004352 | loss 0.387734 | lrm 0.3114 | dt_ms 972.5
[2026-07-06 05:18:53] step 004353 | loss 0.444412 | lrm 0.3111 | dt_ms 1043.2
[2026-07-06 05:18:54] step 004354 | loss 0.479423 | lrm 0.3109 | dt_ms 988.8
[2026-07-06 05:18:55] step 004355 | loss 0.519183 | lrm 0.3106 | dt_ms 1022.0
[2026-07-06 05:18:56] step 004356 | loss 0.492954 | lrm 0.3103 | dt_ms 962.6
[2026-07-06 05:18:57] step 004357 | loss 0.390670 | lrm 0.3100 | dt_ms 998.0
[2026-07-06 05:18:58] step 004358 | loss 0.427036 | lrm 0.3098 | dt_ms 997.5
[2026-07-06 05:18:59] step 004359 | loss 0.529673 | lrm 0.3095 | dt_ms 977.0
[2026-07-06 05:19:00] step 004360 | loss 0.451214 | lrm 0.3092 | dt_ms 985.6
[2026-07-06 05:19:01] step 004361 | loss 0.408441 | lrm 0.3089 | dt_ms 1017.4
[2026-07-06 05:19:02] step 004362 | loss 0.450744 | lrm 0.3087 | dt_ms 999.2
[2026-07-06 05:19:03] step 004363 | loss 0.464825 | lrm 0.3084 | dt_ms 1033.5
[2026-07-06 05:19:04] step 004364 | loss 0.465926 | lrm 0.3081 | dt_ms 991.2
[2026-07-06 05:19:05] step 004365 | loss 0.454733 | lrm 0.3078 | dt_ms 990.1
[2026-07-06 05:19:06] step 004366 | loss 0.418202 | lrm 0.3076 | dt_ms 983.3
[2026-07-06 05:19:07] step 004367 | loss 0.425335 | lrm 0.3073 | dt_ms 1017.4
[2026-07-06 05:19:08] step 004368 | loss 0.463573 | lrm 0.3070 | dt_ms 1026.7
[2026-07-06 05:19:09] step 004369 | loss 0.448225 | lrm 0.3067 | dt_ms 1059.0
[2026-07-06 05:19:10] step 004370 | loss 0.401434 | lrm 0.3065 | dt_ms 974.9
[2026-07-06 05:19:11] step 004371 | loss 0.486832 | lrm 0.3062 | dt_ms 1010.5
[2026-07-06 05:19:12] step 004372 | loss 0.421582 | lrm 0.3059 | dt_ms 1005.9
[2026-07-06 05:19:13] step 004373 | loss 0.385115 | lrm 0.3056 | dt_ms 1009.4
[2026-07-06 05:19:14] step 004374 | loss 0.365738 | lrm 0.3054 | dt_ms 970.9
[2026-07-06 05:19:15] step 004375 | loss 0.455081 | lrm 0.3051 | dt_ms 1023.0
[2026-07-06 05:19:16] step 004376 | loss 0.512360 | lrm 0.3048 | dt_ms 1031.6
[2026-07-06 05:19:17] step 004377 | loss 0.463389 | lrm 0.3045 | dt_ms 1012.1
[2026-07-06 05:19:18] step 004378 | loss 0.481127 | lrm 0.3043 | dt_ms 1038.4
[2026-07-06 05:19:19] step 004379 | loss 0.382830 | lrm 0.3040 | dt_ms 994.1
[2026-07-06 05:19:20] step 004380 | loss 0.389016 | lrm 0.3037 | dt_ms 985.7
[2026-07-06 05:19:21] step 004381 | loss 0.506594 | lrm 0.3034 | dt_ms 1014.6
[2026-07-06 05:19:22] step 004382 | loss 0.490218 | lrm 0.3031 | dt_ms 1023.1
[2026-07-06 05:19:23] step 004383 | loss 0.465429 | lrm 0.3029 | dt_ms 992.7
[2026-07-06 05:19:24] step 004384 | loss 0.412070 | lrm 0.3026 | dt_ms 959.6
[2026-07-06 05:19:25] step 004385 | loss 0.394160 | lrm 0.3023 | dt_ms 1083.3
[2026-07-06 05:19:26] step 004386 | loss 0.419853 | lrm 0.3020 | dt_ms 1013.1
[2026-07-06 05:19:27] step 004387 | loss 0.425403 | lrm 0.3018 | dt_ms 1023.8
[2026-07-06 05:19:28] step 004388 | loss 0.487128 | lrm 0.3015 | dt_ms 984.3
[2026-07-06 05:19:29] step 004389 | loss 0.387449 | lrm 0.3012 | dt_ms 1003.0
[2026-07-06 05:19:30] step 004390 | loss 0.473307 | lrm 0.3009 | dt_ms 955.2
[2026-07-06 05:19:31] step 004391 | loss 0.547696 | lrm 0.3007 | dt_ms 960.4
[2026-07-06 05:19:32] step 004392 | loss 0.425063 | lrm 0.3004 | dt_ms 1000.5
[2026-07-06 05:19:33] step 004393 | loss 0.438091 | lrm 0.3001 | dt_ms 988.1
[2026-07-06 05:19:34] step 004394 | loss 0.410028 | lrm 0.2998 | dt_ms 968.4
[2026-07-06 05:19:35] step 004395 | loss 0.361711 | lrm 0.2996 | dt_ms 1061.0
[2026-07-06 05:19:36] step 004396 | loss 0.448036 | lrm 0.2993 | dt_ms 1032.2
[2026-07-06 05:19:37] step 004397 | loss 0.505493 | lrm 0.2990 | dt_ms 1031.2
[2026-07-06 05:19:38] step 004398 | loss 0.448747 | lrm 0.2987 | dt_ms 995.8
[2026-07-06 05:19:39] step 004399 | loss 0.494461 | lrm 0.2985 | dt_ms 1028.9
[2026-07-06 05:19:40] step 004400 | loss 0.379927 | lrm 0.2982 | dt_ms 975.8
[2026-07-06 05:19:41] step 004401 | loss 0.383260 | lrm 0.2979 | dt_ms 1041.0
[2026-07-06 05:19:42] step 004402 | loss 0.483893 | lrm 0.2976 | dt_ms 1021.3
[2026-07-06 05:19:44] step 004403 | loss 0.486163 | lrm 0.2974 | dt_ms 1053.4
[2026-07-06 05:19:45] step 004404 | loss 0.536514 | lrm 0.2971 | dt_ms 981.6
[2026-07-06 05:19:46] step 004405 | loss 0.468481 | lrm 0.2968 | dt_ms 1001.5
[2026-07-06 05:19:47] step 004406 | loss 0.429511 | lrm 0.2965 | dt_ms 994.4
[2026-07-06 05:19:48] step 004407 | loss 0.452459 | lrm 0.2963 | dt_ms 1027.6
[2026-07-06 05:19:49] step 004408 | loss 0.488553 | lrm 0.2960 | dt_ms 997.2
[2026-07-06 05:19:50] step 004409 | loss 0.461923 | lrm 0.2957 | dt_ms 1014.9
[2026-07-06 05:19:51] step 004410 | loss 0.503509 | lrm 0.2954 | dt_ms 1009.3
[2026-07-06 05:19:52] step 004411 | loss 0.459441 | lrm 0.2952 | dt_ms 980.4
[2026-07-06 05:19:53] step 004412 | loss 0.482197 | lrm 0.2949 | dt_ms 1015.3
[2026-07-06 05:19:54] step 004413 | loss 0.369053 | lrm 0.2946 | dt_ms 971.5
[2026-07-06 05:19:55] step 004414 | loss 0.413776 | lrm 0.2943 | dt_ms 986.8
[2026-07-06 05:19:56] step 004415 | loss 0.415601 | lrm 0.2940 | dt_ms 1009.0
[2026-07-06 05:19:57] step 004416 | loss 0.374133 | lrm 0.2938 | dt_ms 1039.1
[2026-07-06 05:19:58] step 004417 | loss 0.559445 | lrm 0.2935 | dt_ms 1022.1
[2026-07-06 05:19:59] step 004418 | loss 0.543740 | lrm 0.2932 | dt_ms 979.8
[2026-07-06 05:20:00] step 004419 | loss 0.493266 | lrm 0.2929 | dt_ms 985.7
[2026-07-06 05:20:01] step 004420 | loss 0.454362 | lrm 0.2927 | dt_ms 1048.2
[2026-07-06 05:20:02] step 004421 | loss 0.363027 | lrm 0.2924 | dt_ms 971.5
[2026-07-06 05:20:03] step 004422 | loss 0.352684 | lrm 0.2921 | dt_ms 1020.9
[2026-07-06 05:20:04] step 004423 | loss 0.507261 | lrm 0.2918 | dt_ms 993.1
[2026-07-06 05:20:05] step 004424 | loss 0.388327 | lrm 0.2916 | dt_ms 986.7
[2026-07-06 05:20:06] step 004425 | loss 0.457804 | lrm 0.2913 | dt_ms 1035.3
[2026-07-06 05:20:07] step 004426 | loss 0.405392 | lrm 0.2910 | dt_ms 998.8
[2026-07-06 05:20:08] step 004427 | loss 0.365103 | lrm 0.2907 | dt_ms 1031.2
[2026-07-06 05:20:09] step 004428 | loss 0.389712 | lrm 0.2905 | dt_ms 1024.2
[2026-07-06 05:20:10] step 004429 | loss 0.464673 | lrm 0.2902 | dt_ms 1000.9
[2026-07-06 05:20:11] step 004430 | loss 0.581955 | lrm 0.2899 | dt_ms 998.7
[2026-07-06 05:20:12] step 004431 | loss 0.442946 | lrm 0.2896 | dt_ms 1000.8
[2026-07-06 05:20:13] step 004432 | loss 0.456755 | lrm 0.2894 | dt_ms 997.0
[2026-07-06 05:20:14] step 004433 | loss 0.412589 | lrm 0.2891 | dt_ms 1011.8
[2026-07-06 05:20:15] step 004434 | loss 0.380717 | lrm 0.2888 | dt_ms 965.6
[2026-07-06 05:20:16] step 004435 | loss 0.355678 | lrm 0.2885 | dt_ms 1049.1
[2026-07-06 05:20:17] step 004436 | loss 0.412092 | lrm 0.2883 | dt_ms 1005.5
[2026-07-06 05:20:18] step 004437 | loss 0.560415 | lrm 0.2880 | dt_ms 1025.1
[2026-07-06 05:20:19] step 004438 | loss 0.500305 | lrm 0.2877 | dt_ms 1001.3
[2026-07-06 05:20:20] step 004439 | loss 0.491101 | lrm 0.2874 | dt_ms 1003.2
[2026-07-06 05:20:21] step 004440 | loss 0.388317 | lrm 0.2872 | dt_ms 980.9
[2026-07-06 05:20:22] step 004441 | loss 0.403227 | lrm 0.2869 | dt_ms 1006.7
[2026-07-06 05:20:23] step 004442 | loss 0.386641 | lrm 0.2866 | dt_ms 982.3
[2026-07-06 05:20:24] step 004443 | loss 0.449043 | lrm 0.2863 | dt_ms 1012.5
[2026-07-06 05:20:25] step 004444 | loss 0.505587 | lrm 0.2861 | dt_ms 1045.1
[2026-07-06 05:20:26] step 004445 | loss 0.521519 | lrm 0.2858 | dt_ms 993.1
[2026-07-06 05:20:27] step 004446 | loss 0.492127 | lrm 0.2855 | dt_ms 1018.0
[2026-07-06 05:20:28] step 004447 | loss 0.491496 | lrm 0.2852 | dt_ms 1035.8
[2026-07-06 05:20:29] step 004448 | loss 0.417237 | lrm 0.2849 | dt_ms 988.7
[2026-07-06 05:20:30] step 004449 | loss 0.430768 | lrm 0.2847 | dt_ms 964.7
[2026-07-06 05:20:31] step 004450 | loss 0.522079 | lrm 0.2844 | dt_ms 1023.3
[2026-07-06 05:20:32] step 004451 | loss 0.495955 | lrm 0.2841 | dt_ms 1004.3
[2026-07-06 05:20:33] step 004452 | loss 0.488840 | lrm 0.2838 | dt_ms 1051.5
[2026-07-06 05:20:34] step 004453 | loss 0.373029 | lrm 0.2836 | dt_ms 1002.6
[2026-07-06 05:20:35] step 004454 | loss 0.364869 | lrm 0.2833 | dt_ms 958.1
[2026-07-06 05:20:36] step 004455 | loss 0.350872 | lrm 0.2830 | dt_ms 1016.1
[2026-07-06 05:20:37] step 004456 | loss 0.539000 | lrm 0.2827 | dt_ms 989.7
[2026-07-06 05:20:38] step 004457 | loss 0.483727 | lrm 0.2825 | dt_ms 1043.3
[2026-07-06 05:20:39] step 004458 | loss 0.472977 | lrm 0.2822 | dt_ms 992.1
[2026-07-06 05:20:40] step 004459 | loss 0.418750 | lrm 0.2819 | dt_ms 1011.8
[2026-07-06 05:20:41] step 004460 | loss 0.439041 | lrm 0.2816 | dt_ms 977.8
[2026-07-06 05:20:42] step 004461 | loss 0.373269 | lrm 0.2814 | dt_ms 958.3
[2026-07-06 05:20:43] step 004462 | loss 0.360404 | lrm 0.2811 | dt_ms 1025.0
[2026-07-06 05:20:44] step 004463 | loss 0.384403 | lrm 0.2808 | dt_ms 977.1
[2026-07-06 05:20:45] step 004464 | loss 0.387538 | lrm 0.2805 | dt_ms 988.5
[2026-07-06 05:20:46] step 004465 | loss 0.506242 | lrm 0.2803 | dt_ms 1008.3
[2026-07-06 05:20:47] step 004466 | loss 0.453268 | lrm 0.2800 | dt_ms 1044.3
[2026-07-06 05:20:48] step 004467 | loss 0.478179 | lrm 0.2797 | dt_ms 1039.3
[2026-07-06 05:20:49] step 004468 | loss 0.465754 | lrm 0.2794 | dt_ms 1006.8
[2026-07-06 05:20:50] step 004469 | loss 0.375703 | lrm 0.2792 | dt_ms 1014.4
[2026-07-06 05:20:51] step 004470 | loss 0.444658 | lrm 0.2789 | dt_ms 995.1
[2026-07-06 05:20:52] step 004471 | loss 0.551853 | lrm 0.2786 | dt_ms 1033.8
[2026-07-06 05:20:53] step 004472 | loss 0.417527 | lrm 0.2783 | dt_ms 1041.6
[2026-07-06 05:20:54] step 004473 | loss 0.508668 | lrm 0.2781 | dt_ms 966.9
[2026-07-06 05:20:55] step 004474 | loss 0.467938 | lrm 0.2778 | dt_ms 963.7
[2026-07-06 05:20:56] step 004475 | loss 0.370915 | lrm 0.2775 | dt_ms 994.6
[2026-07-06 05:20:57] step 004476 | loss 0.405201 | lrm 0.2772 | dt_ms 1013.5
[2026-07-06 05:20:58] step 004477 | loss 0.346973 | lrm 0.2770 | dt_ms 994.5
[2026-07-06 05:20:59] step 004478 | loss 0.477596 | lrm 0.2767 | dt_ms 1024.9
[2026-07-06 05:21:00] step 004479 | loss 0.524425 | lrm 0.2764 | dt_ms 1044.1
[2026-07-06 05:21:01] step 004480 | loss 0.474227 | lrm 0.2761 | dt_ms 1007.6
[2026-07-06 05:21:02] step 004481 | loss 0.492157 | lrm 0.2758 | dt_ms 1006.1
[2026-07-06 05:21:03] step 004482 | loss 0.425145 | lrm 0.2756 | dt_ms 996.5
[2026-07-06 05:21:04] step 004483 | loss 0.408087 | lrm 0.2753 | dt_ms 1047.9
[2026-07-06 05:21:05] step 004484 | loss 0.324690 | lrm 0.2750 | dt_ms 1001.3
[2026-07-06 05:21:06] step 004485 | loss 0.401775 | lrm 0.2747 | dt_ms 1011.6
[2026-07-06 05:21:07] step 004486 | loss 0.471148 | lrm 0.2745 | dt_ms 990.9
[2026-07-06 05:21:08] step 004487 | loss 0.484375 | lrm 0.2742 | dt_ms 1019.7
[2026-07-06 05:21:09] step 004488 | loss 0.496141 | lrm 0.2739 | dt_ms 994.4
[2026-07-06 05:21:10] step 004489 | loss 0.486637 | lrm 0.2736 | dt_ms 1027.9
[2026-07-06 05:21:11] step 004490 | loss 0.419213 | lrm 0.2734 | dt_ms 1023.8
[2026-07-06 05:21:12] step 004491 | loss 0.354774 | lrm 0.2731 | dt_ms 1010.1
[2026-07-06 05:21:13] step 004492 | loss 0.369539 | lrm 0.2728 | dt_ms 973.4
[2026-07-06 05:21:14] step 004493 | loss 0.434284 | lrm 0.2725 | dt_ms 1006.6
[2026-07-06 05:21:15] step 004494 | loss 0.517786 | lrm 0.2723 | dt_ms 1014.4
[2026-07-06 05:21:16] step 004495 | loss 0.455498 | lrm 0.2720 | dt_ms 1013.1
[2026-07-06 05:21:17] step 004496 | loss 0.463155 | lrm 0.2717 | dt_ms 1003.0
[2026-07-06 05:21:18] step 004497 | loss 0.409735 | lrm 0.2714 | dt_ms 976.8
[2026-07-06 05:21:19] step 004498 | loss 0.418307 | lrm 0.2712 | dt_ms 1019.0
[2026-07-06 05:21:20] step 004499 | loss 0.450466 | lrm 0.2709 | dt_ms 1015.4
[2026-07-06 05:21:21] step 004500 | loss 0.473867 | lrm 0.2706 | dt_ms 1064.0
[2026-07-06 05:21:22] step 004501 | loss 0.465579 | lrm 0.2703 | dt_ms 980.0
[2026-07-06 05:21:23] step 004502 | loss 0.523185 | lrm 0.2701 | dt_ms 1026.8
[2026-07-06 05:21:24] step 004503 | loss 0.474853 | lrm 0.2698 | dt_ms 984.6
[2026-07-06 05:21:25] step 004504 | loss 0.360944 | lrm 0.2695 | dt_ms 1007.9
[2026-07-06 05:21:26] step 004505 | loss 0.552843 | lrm 0.2692 | dt_ms 1012.9
[2026-07-06 05:21:27] step 004506 | loss 0.500877 | lrm 0.2690 | dt_ms 974.5
[2026-07-06 05:21:28] step 004507 | loss 0.505322 | lrm 0.2687 | dt_ms 1065.7
[2026-07-06 05:21:29] step 004508 | loss 0.425709 | lrm 0.2684 | dt_ms 1040.8
[2026-07-06 05:21:30] step 004509 | loss 0.400477 | lrm 0.2681 | dt_ms 1006.4
[2026-07-06 05:21:31] step 004510 | loss 0.370530 | lrm 0.2679 | dt_ms 1013.6
[2026-07-06 05:21:32] step 004511 | loss 0.369960 | lrm 0.2676 | dt_ms 974.4
[2026-07-06 05:21:33] step 004512 | loss 0.385599 | lrm 0.2673 | dt_ms 1041.8
[2026-07-06 05:21:34] step 004513 | loss 0.512731 | lrm 0.2670 | dt_ms 1015.5
[2026-07-06 05:21:35] step 004514 | loss 0.457272 | lrm 0.2667 | dt_ms 970.4
[2026-07-06 05:21:36] step 004515 | loss 0.511113 | lrm 0.2665 | dt_ms 1054.7
[2026-07-06 05:21:37] step 004516 | loss 0.394254 | lrm 0.2662 | dt_ms 975.0
[2026-07-06 05:21:38] step 004517 | loss 0.457859 | lrm 0.2659 | dt_ms 987.5
[2026-07-06 05:21:39] step 004518 | loss 0.365215 | lrm 0.2656 | dt_ms 971.2
[2026-07-06 05:21:40] step 004519 | loss 0.438616 | lrm 0.2654 | dt_ms 999.6
[2026-07-06 05:21:41] step 004520 | loss 0.430084 | lrm 0.2651 | dt_ms 997.8
[2026-07-06 05:21:42] step 004521 | loss 0.530921 | lrm 0.2648 | dt_ms 1011.0
[2026-07-06 05:21:43] step 004522 | loss 0.462660 | lrm 0.2645 | dt_ms 1017.5
[2026-07-06 05:21:44] step 004523 | loss 0.333968 | lrm 0.2643 | dt_ms 981.4
[2026-07-06 05:21:45] step 004524 | loss 0.407482 | lrm 0.2640 | dt_ms 978.6
[2026-07-06 05:21:46] step 004525 | loss 0.406521 | lrm 0.2637 | dt_ms 1040.9
[2026-07-06 05:21:47] step 004526 | loss 0.480249 | lrm 0.2634 | dt_ms 983.8
[2026-07-06 05:21:48] step 004527 | loss 0.490735 | lrm 0.2632 | dt_ms 1037.1
[2026-07-06 05:21:49] step 004528 | loss 0.450485 | lrm 0.2629 | dt_ms 967.3
[2026-07-06 05:21:50] step 004529 | loss 0.371731 | lrm 0.2626 | dt_ms 1022.2
[2026-07-06 05:21:51] step 004530 | loss 0.439410 | lrm 0.2623 | dt_ms 971.2
[2026-07-06 05:21:52] step 004531 | loss 0.471752 | lrm 0.2621 | dt_ms 1008.5
[2026-07-06 05:21:53] step 004532 | loss 0.353185 | lrm 0.2618 | dt_ms 972.6
[2026-07-06 05:21:54] step 004533 | loss 0.432848 | lrm 0.2615 | dt_ms 1019.9
[2026-07-06 05:21:55] step 004534 | loss 0.503096 | lrm 0.2612 | dt_ms 993.2
[2026-07-06 05:21:56] step 004535 | loss 0.499811 | lrm 0.2610 | dt_ms 982.1
[2026-07-06 05:21:57] step 004536 | loss 0.502767 | lrm 0.2607 | dt_ms 981.8
[2026-07-06 05:21:58] step 004537 | loss 0.469118 | lrm 0.2604 | dt_ms 1008.1
[2026-07-06 05:21:59] step 004538 | loss 0.394679 | lrm 0.2601 | dt_ms 999.1
[2026-07-06 05:22:00] step 004539 | loss 0.479857 | lrm 0.2599 | dt_ms 983.3
[2026-07-06 05:22:01] step 004540 | loss 0.482169 | lrm 0.2596 | dt_ms 1004.6
[2026-07-06 05:22:02] step 004541 | loss 0.437665 | lrm 0.2593 | dt_ms 979.2
[2026-07-06 05:22:03] step 004542 | loss 0.424715 | lrm 0.2590 | dt_ms 985.7
[2026-07-06 05:22:04] step 004543 | loss 0.425178 | lrm 0.2588 | dt_ms 994.0
[2026-07-06 05:22:05] step 004544 | loss 0.442147 | lrm 0.2585 | dt_ms 997.1
[2026-07-06 05:22:06] step 004545 | loss 0.403134 | lrm 0.2582 | dt_ms 1043.6
[2026-07-06 05:22:07] step 004546 | loss 0.495705 | lrm 0.2579 | dt_ms 1032.7
[2026-07-06 05:22:08] step 004547 | loss 0.425001 | lrm 0.2576 | dt_ms 1015.2
[2026-07-06 05:22:09] step 004548 | loss 0.549217 | lrm 0.2574 | dt_ms 1007.9
[2026-07-06 05:22:10] step 004549 | loss 0.486212 | lrm 0.2571 | dt_ms 990.5
[2026-07-06 05:22:11] step 004550 | loss 0.461374 | lrm 0.2568 | dt_ms 1052.3
[2026-07-06 05:22:12] step 004551 | loss 0.415380 | lrm 0.2565 | dt_ms 999.6
[2026-07-06 05:22:13] step 004552 | loss 0.388237 | lrm 0.2563 | dt_ms 1026.6
[2026-07-06 05:22:14] step 004553 | loss 0.436825 | lrm 0.2560 | dt_ms 996.0
[2026-07-06 05:22:15] step 004554 | loss 0.535360 | lrm 0.2557 | dt_ms 1009.2
[2026-07-06 05:22:16] step 004555 | loss 0.466469 | lrm 0.2554 | dt_ms 994.1
[2026-07-06 05:22:17] step 004556 | loss 0.434479 | lrm 0.2552 | dt_ms 974.6
[2026-07-06 05:22:18] step 004557 | loss 0.381330 | lrm 0.2549 | dt_ms 1037.4
[2026-07-06 05:22:19] step 004558 | loss 0.346979 | lrm 0.2546 | dt_ms 974.7
[2026-07-06 05:22:20] step 004559 | loss 0.368862 | lrm 0.2543 | dt_ms 1065.1
[2026-07-06 05:22:21] step 004560 | loss 0.471004 | lrm 0.2541 | dt_ms 1023.4
[2026-07-06 05:22:22] step 004561 | loss 0.471485 | lrm 0.2538 | dt_ms 995.4
[2026-07-06 05:22:24] step 004562 | loss 0.523480 | lrm 0.2535 | dt_ms 1059.6
[2026-07-06 05:22:25] step 004563 | loss 0.440896 | lrm 0.2532 | dt_ms 988.8
[2026-07-06 05:22:26] step 004564 | loss 0.497084 | lrm 0.2530 | dt_ms 981.9
[2026-07-06 05:22:26] step 004565 | loss 0.402297 | lrm 0.2527 | dt_ms 964.1
[2026-07-06 05:22:27] step 004566 | loss 0.475072 | lrm 0.2524 | dt_ms 1012.5
[2026-07-06 05:22:29] step 004567 | loss 0.494718 | lrm 0.2521 | dt_ms 1029.4
[2026-07-06 05:22:30] step 004568 | loss 0.406490 | lrm 0.2519 | dt_ms 983.1
[2026-07-06 05:22:31] step 004569 | loss 0.553999 | lrm 0.2516 | dt_ms 1020.4
[2026-07-06 05:22:34] step 004570 | loss 0.403199 | lrm 0.2513 | dt_ms 3539.3
[2026-07-06 05:22:35] step 004571 | loss 0.441386 | lrm 0.2510 | dt_ms 989.9
[2026-07-06 05:22:36] step 004572 | loss 0.589543 | lrm 0.2508 | dt_ms 1001.9
[2026-07-06 05:22:37] step 004573 | loss 0.530442 | lrm 0.2505 | dt_ms 967.0
[2026-07-06 05:22:38] step 004574 | loss 0.444251 | lrm 0.2502 | dt_ms 1004.9
[2026-07-06 05:22:39] step 004575 | loss 0.398174 | lrm 0.2499 | dt_ms 1002.6
[2026-07-06 05:22:40] step 004576 | loss 0.400604 | lrm 0.2497 | dt_ms 1017.2
[2026-07-06 05:22:41] step 004577 | loss 0.370078 | lrm 0.2494 | dt_ms 1026.9
[2026-07-06 05:22:42] step 004578 | loss 0.324119 | lrm 0.2491 | dt_ms 978.1
[2026-07-06 05:22:43] step 004579 | loss 0.403142 | lrm 0.2488 | dt_ms 1002.0
[2026-07-06 05:22:44] step 004580 | loss 0.388661 | lrm 0.2485 | dt_ms 998.5
[2026-07-06 05:22:45] step 004581 | loss 0.506424 | lrm 0.2483 | dt_ms 1006.6
[2026-07-06 05:22:46] step 004582 | loss 0.468357 | lrm 0.2480 | dt_ms 975.5
[2026-07-06 05:22:47] step 004583 | loss 0.507754 | lrm 0.2477 | dt_ms 1023.0
[2026-07-06 05:22:48] step 004584 | loss 0.426758 | lrm 0.2474 | dt_ms 1001.6
[2026-07-06 05:22:49] step 004585 | loss 0.387835 | lrm 0.2472 | dt_ms 983.8
[2026-07-06 05:22:50] step 004586 | loss 0.504836 | lrm 0.2469 | dt_ms 1017.1
[2026-07-06 05:22:51] step 004587 | loss 0.465130 | lrm 0.2466 | dt_ms 1007.7
[2026-07-06 05:22:52] step 004588 | loss 0.461061 | lrm 0.2463 | dt_ms 988.5
[2026-07-06 05:22:53] step 004589 | loss 0.481383 | lrm 0.2461 | dt_ms 1003.3
[2026-07-06 05:22:54] step 004590 | loss 0.390630 | lrm 0.2458 | dt_ms 969.8
[2026-07-06 05:22:55] step 004591 | loss 0.410637 | lrm 0.2455 | dt_ms 1022.1
[2026-07-06 05:22:56] step 004592 | loss 0.400496 | lrm 0.2452 | dt_ms 994.8
[2026-07-06 05:22:57] step 004593 | loss 0.464258 | lrm 0.2450 | dt_ms 1034.2
[2026-07-06 05:22:58] step 004594 | loss 0.491510 | lrm 0.2447 | dt_ms 1018.4
[2026-07-06 05:22:59] step 004595 | loss 0.412445 | lrm 0.2444 | dt_ms 976.8
[2026-07-06 05:23:00] step 004596 | loss 0.449929 | lrm 0.2441 | dt_ms 1013.6
[2026-07-06 05:23:01] step 004597 | loss 0.354258 | lrm 0.2439 | dt_ms 987.0
[2026-07-06 05:23:02] step 004598 | loss 0.415740 | lrm 0.2436 | dt_ms 985.3
[2026-07-06 05:23:03] step 004599 | loss 0.465153 | lrm 0.2433 | dt_ms 1071.1
[2026-07-06 05:23:04] step 004600 | loss 0.475417 | lrm 0.2430 | dt_ms 980.9
[2026-07-06 05:23:05] step 004601 | loss 0.411901 | lrm 0.2428 | dt_ms 1014.5
[2026-07-06 05:23:06] step 004602 | loss 0.445710 | lrm 0.2425 | dt_ms 1007.0
[2026-07-06 05:23:07] step 004603 | loss 0.402558 | lrm 0.2422 | dt_ms 1031.8
[2026-07-06 05:23:08] step 004604 | loss 0.494386 | lrm 0.2419 | dt_ms 1048.1
[2026-07-06 05:23:09] step 004605 | loss 0.428435 | lrm 0.2417 | dt_ms 994.2
[2026-07-06 05:23:10] step 004606 | loss 0.486864 | lrm 0.2414 | dt_ms 990.0
[2026-07-06 05:23:11] step 004607 | loss 0.423491 | lrm 0.2411 | dt_ms 1009.7
[2026-07-06 05:23:12] step 004608 | loss 0.444918 | lrm 0.2408 | dt_ms 992.3
[2026-07-06 05:23:13] step 004609 | loss 0.506628 | lrm 0.2406 | dt_ms 1015.0
[2026-07-06 05:23:14] step 004610 | loss 0.461788 | lrm 0.2403 | dt_ms 1022.6
[2026-07-06 05:23:15] step 004611 | loss 0.387700 | lrm 0.2400 | dt_ms 1020.4
[2026-07-06 05:23:16] step 004612 | loss 0.349868 | lrm 0.2397 | dt_ms 982.3
[2026-07-06 05:23:17] step 004613 | loss 0.528847 | lrm 0.2394 | dt_ms 1049.0
[2026-07-06 05:23:18] step 004614 | loss 0.450202 | lrm 0.2392 | dt_ms 999.4
[2026-07-06 05:23:19] step 004615 | loss 0.464977 | lrm 0.2389 | dt_ms 997.8
[2026-07-06 05:23:20] step 004616 | loss 0.554957 | lrm 0.2386 | dt_ms 1015.9
[2026-07-06 05:23:21] step 004617 | loss 0.480154 | lrm 0.2383 | dt_ms 995.4
[2026-07-06 05:23:22] step 004618 | loss 0.451118 | lrm 0.2381 | dt_ms 1051.5
[2026-07-06 05:23:23] step 004619 | loss 0.377629 | lrm 0.2378 | dt_ms 1017.1
[2026-07-06 05:23:24] step 004620 | loss 0.463263 | lrm 0.2375 | dt_ms 1025.9
[2026-07-06 05:23:25] step 004621 | loss 0.400436 | lrm 0.2372 | dt_ms 987.4
[2026-07-06 05:23:26] step 004622 | loss 0.490016 | lrm 0.2370 | dt_ms 992.4
[2026-07-06 05:23:27] step 004623 | loss 0.450000 | lrm 0.2367 | dt_ms 1015.4
[2026-07-06 05:23:28] step 004624 | loss 0.404346 | lrm 0.2364 | dt_ms 1018.3
[2026-07-06 05:23:29] step 004625 | loss 0.310507 | lrm 0.2361 | dt_ms 1004.9
[2026-07-06 05:23:30] step 004626 | loss 0.339115 | lrm 0.2359 | dt_ms 1022.3
[2026-07-06 05:23:31] step 004627 | loss 0.469175 | lrm 0.2356 | dt_ms 989.4
[2026-07-06 05:23:32] step 004628 | loss 0.468525 | lrm 0.2353 | dt_ms 983.3
[2026-07-06 05:23:33] step 004629 | loss 0.469221 | lrm 0.2350 | dt_ms 1034.8
[2026-07-06 05:23:34] step 004630 | loss 0.406029 | lrm 0.2348 | dt_ms 988.3
[2026-07-06 05:23:35] step 004631 | loss 0.459787 | lrm 0.2345 | dt_ms 1008.8
[2026-07-06 05:23:36] step 004632 | loss 0.394500 | lrm 0.2342 | dt_ms 1003.4
[2026-07-06 05:23:37] step 004633 | loss 0.453992 | lrm 0.2339 | dt_ms 992.4
[2026-07-06 05:23:39] step 004634 | loss 0.439311 | lrm 0.2337 | dt_ms 1029.6
[2026-07-06 05:23:39] step 004635 | loss 0.426258 | lrm 0.2334 | dt_ms 966.4
[2026-07-06 05:23:40] step 004636 | loss 0.428286 | lrm 0.2331 | dt_ms 1021.2
[2026-07-06 05:23:42] step 004637 | loss 0.362874 | lrm 0.2328 | dt_ms 1049.5
[2026-07-06 05:23:43] step 004638 | loss 0.386969 | lrm 0.2326 | dt_ms 991.1
[2026-07-06 05:23:44] step 004639 | loss 0.428959 | lrm 0.2323 | dt_ms 1022.1
[2026-07-06 05:23:45] step 004640 | loss 0.477034 | lrm 0.2320 | dt_ms 989.5
[2026-07-06 05:23:46] step 004641 | loss 0.465215 | lrm 0.2317 | dt_ms 1037.4
[2026-07-06 05:23:47] step 004642 | loss 0.471907 | lrm 0.2315 | dt_ms 997.0
[2026-07-06 05:23:48] step 004643 | loss 0.525954 | lrm 0.2312 | dt_ms 1037.4
[2026-07-06 05:23:49] step 004644 | loss 0.349070 | lrm 0.2309 | dt_ms 991.8
[2026-07-06 05:23:50] step 004645 | loss 0.504868 | lrm 0.2306 | dt_ms 989.2
[2026-07-06 05:23:51] step 004646 | loss 0.463634 | lrm 0.2303 | dt_ms 983.2
[2026-07-06 05:23:52] step 004647 | loss 0.496923 | lrm 0.2301 | dt_ms 1008.3
[2026-07-06 05:23:53] step 004648 | loss 0.462174 | lrm 0.2298 | dt_ms 1012.9
[2026-07-06 05:23:54] step 004649 | loss 0.465005 | lrm 0.2295 | dt_ms 1006.7
[2026-07-06 05:23:55] step 004650 | loss 0.442480 | lrm 0.2292 | dt_ms 1011.6
[2026-07-06 05:23:56] step 004651 | loss 0.359258 | lrm 0.2290 | dt_ms 1018.2
[2026-07-06 05:23:57] step 004652 | loss 0.363079 | lrm 0.2287 | dt_ms 1032.2
[2026-07-06 05:23:58] step 004653 | loss 0.361419 | lrm 0.2284 | dt_ms 1005.0
[2026-07-06 05:23:59] step 004654 | loss 0.463414 | lrm 0.2281 | dt_ms 1019.3
[2026-07-06 05:24:00] step 004655 | loss 0.364925 | lrm 0.2279 | dt_ms 1017.5
[2026-07-06 05:24:01] step 004656 | loss 0.424956 | lrm 0.2276 | dt_ms 1004.7
[2026-07-06 05:24:02] step 004657 | loss 0.466859 | lrm 0.2273 | dt_ms 994.8
[2026-07-06 05:24:03] step 004658 | loss 0.394476 | lrm 0.2270 | dt_ms 1045.6
[2026-07-06 05:24:04] step 004659 | loss 0.426545 | lrm 0.2268 | dt_ms 1009.3
[2026-07-06 05:24:05] step 004660 | loss 0.396125 | lrm 0.2265 | dt_ms 1014.2
[2026-07-06 05:24:06] step 004661 | loss 0.412156 | lrm 0.2262 | dt_ms 1057.7
[2026-07-06 05:24:07] step 004662 | loss 0.395183 | lrm 0.2259 | dt_ms 990.4
[2026-07-06 05:24:08] step 004663 | loss 0.465203 | lrm 0.2257 | dt_ms 1009.6
[2026-07-06 05:24:09] step 004664 | loss 0.563877 | lrm 0.2254 | dt_ms 967.5
[2026-07-06 05:24:10] step 004665 | loss 0.411110 | lrm 0.2251 | dt_ms 1034.4
[2026-07-06 05:24:11] step 004666 | loss 0.369701 | lrm 0.2248 | dt_ms 988.2
[2026-07-06 05:24:12] step 004667 | loss 0.403702 | lrm 0.2246 | dt_ms 997.7
[2026-07-06 05:24:13] step 004668 | loss 0.528652 | lrm 0.2243 | dt_ms 1014.1
[2026-07-06 05:24:14] step 004669 | loss 0.396759 | lrm 0.2240 | dt_ms 987.7
[2026-07-06 05:24:15] step 004670 | loss 0.462476 | lrm 0.2237 | dt_ms 984.0
[2026-07-06 05:24:16] step 004671 | loss 0.399166 | lrm 0.2235 | dt_ms 1016.6
[2026-07-06 05:24:17] step 004672 | loss 0.479669 | lrm 0.2232 | dt_ms 999.8
[2026-07-06 05:24:18] step 004673 | loss 0.348026 | lrm 0.2229 | dt_ms 1030.5
[2026-07-06 05:24:19] step 004674 | loss 0.360256 | lrm 0.2226 | dt_ms 960.2
[2026-07-06 05:24:20] step 004675 | loss 0.413888 | lrm 0.2224 | dt_ms 1005.0
[2026-07-06 05:24:21] step 004676 | loss 0.420236 | lrm 0.2221 | dt_ms 1013.2
[2026-07-06 05:24:22] step 004677 | loss 0.464719 | lrm 0.2218 | dt_ms 980.0
[2026-07-06 05:24:23] step 004678 | loss 0.466904 | lrm 0.2215 | dt_ms 1060.2
[2026-07-06 05:24:24] step 004679 | loss 0.540505 | lrm 0.2212 | dt_ms 1031.5
[2026-07-06 05:24:25] step 004680 | loss 0.492418 | lrm 0.2210 | dt_ms 1014.4
[2026-07-06 05:24:26] step 004681 | loss 0.350548 | lrm 0.2207 | dt_ms 1039.2
[2026-07-06 05:24:27] step 004682 | loss 0.433578 | lrm 0.2204 | dt_ms 995.1
[2026-07-06 05:24:28] step 004683 | loss 0.375627 | lrm 0.2201 | dt_ms 1004.2
[2026-07-06 05:24:32] step 004684 | loss 0.588380 | lrm 0.2199 | dt_ms 4180.2
[2026-07-06 05:24:33] step 004685 | loss 0.412297 | lrm 0.2196 | dt_ms 1016.9
[2026-07-06 05:24:34] step 004686 | loss 0.365341 | lrm 0.2193 | dt_ms 1048.1
[2026-07-06 05:24:35] step 004687 | loss 0.375328 | lrm 0.2190 | dt_ms 1013.8
[2026-07-06 05:24:36] step 004688 | loss 0.452462 | lrm 0.2188 | dt_ms 1029.4
[2026-07-06 05:24:37] step 004689 | loss 0.396683 | lrm 0.2185 | dt_ms 998.5
[2026-07-06 05:24:38] step 004690 | loss 0.383089 | lrm 0.2182 | dt_ms 1028.1
[2026-07-06 05:24:39] step 004691 | loss 0.417132 | lrm 0.2179 | dt_ms 985.0
[2026-07-06 05:24:40] step 004692 | loss 0.446579 | lrm 0.2177 | dt_ms 1017.1
[2026-07-06 05:24:41] step 004693 | loss 0.385329 | lrm 0.2174 | dt_ms 968.4
[2026-07-06 05:24:42] step 004694 | loss 0.392119 | lrm 0.2171 | dt_ms 1068.0
[2026-07-06 05:24:43] step 004695 | loss 0.419335 | lrm 0.2168 | dt_ms 1000.1
[2026-07-06 05:24:44] step 004696 | loss 0.364566 | lrm 0.2166 | dt_ms 993.7
[2026-07-06 05:24:45] step 004697 | loss 0.483984 | lrm 0.2163 | dt_ms 1019.1
[2026-07-06 05:24:46] step 004698 | loss 0.451568 | lrm 0.2160 | dt_ms 1003.8
[2026-07-06 05:24:47] step 004699 | loss 0.467054 | lrm 0.2157 | dt_ms 983.1
[2026-07-06 05:24:48] step 004700 | loss 0.497917 | lrm 0.2155 | dt_ms 993.8
[2026-07-06 05:24:49] step 004701 | loss 0.473714 | lrm 0.2152 | dt_ms 1016.1
[2026-07-06 05:24:50] step 004702 | loss 0.422256 | lrm 0.2149 | dt_ms 993.7
[2026-07-06 05:24:51] step 004703 | loss 0.411271 | lrm 0.2146 | dt_ms 1033.1
[2026-07-06 05:24:52] step 004704 | loss 0.371808 | lrm 0.2144 | dt_ms 1008.9
[2026-07-06 05:24:53] step 004705 | loss 0.463545 | lrm 0.2141 | dt_ms 1041.3
[2026-07-06 05:24:54] step 004706 | loss 0.521658 | lrm 0.2138 | dt_ms 1019.5
[2026-07-06 05:24:55] step 004707 | loss 0.402852 | lrm 0.2135 | dt_ms 986.4
[2026-07-06 05:24:56] step 004708 | loss 0.430480 | lrm 0.2133 | dt_ms 1012.8
[2026-07-06 05:24:57] step 004709 | loss 0.421551 | lrm 0.2130 | dt_ms 964.7
[2026-07-06 05:24:58] step 004710 | loss 0.501103 | lrm 0.2127 | dt_ms 1030.8
[2026-07-06 05:24:59] step 004711 | loss 0.431196 | lrm 0.2124 | dt_ms 1019.2
[2026-07-06 05:25:00] step 004712 | loss 0.515406 | lrm 0.2121 | dt_ms 1013.7
[2026-07-06 05:25:02] step 004713 | loss 0.484460 | lrm 0.2119 | dt_ms 1035.7
[2026-07-06 05:25:05] step 004714 | loss 0.433672 | lrm 0.2116 | dt_ms 3494.8
[2026-07-06 05:25:06] step 004715 | loss 0.391834 | lrm 0.2113 | dt_ms 1027.0
[2026-07-06 05:25:07] step 004716 | loss 0.439787 | lrm 0.2110 | dt_ms 991.8
[2026-07-06 05:25:08] step 004717 | loss 0.382113 | lrm 0.2108 | dt_ms 985.8
[2026-07-06 05:25:09] step 004718 | loss 0.526519 | lrm 0.2105 | dt_ms 978.6
[2026-07-06 05:25:10] step 004719 | loss 0.399795 | lrm 0.2102 | dt_ms 1011.4
[2026-07-06 05:25:11] step 004720 | loss 0.455716 | lrm 0.2099 | dt_ms 1002.7
[2026-07-06 05:25:12] step 004721 | loss 0.439267 | lrm 0.2097 | dt_ms 1034.4
[2026-07-06 05:25:13] step 004722 | loss 0.381541 | lrm 0.2094 | dt_ms 1011.4
[2026-07-06 05:25:14] step 004723 | loss 0.426074 | lrm 0.2091 | dt_ms 1014.6
[2026-07-06 05:25:15] step 004724 | loss 0.372377 | lrm 0.2088 | dt_ms 1008.2
[2026-07-06 05:25:16] step 004725 | loss 0.424728 | lrm 0.2086 | dt_ms 1007.9
[2026-07-06 05:25:17] step 004726 | loss 0.466887 | lrm 0.2083 | dt_ms 994.8
[2026-07-06 05:25:18] step 004727 | loss 0.437517 | lrm 0.2080 | dt_ms 1037.1
[2026-07-06 05:25:19] step 004728 | loss 0.528108 | lrm 0.2077 | dt_ms 1014.1
[2026-07-06 05:25:20] step 004729 | loss 0.433866 | lrm 0.2075 | dt_ms 1078.8
[2026-07-06 05:25:21] step 004730 | loss 0.362341 | lrm 0.2072 | dt_ms 1016.8
[2026-07-06 05:25:22] step 004731 | loss 0.376096 | lrm 0.2069 | dt_ms 1042.8
[2026-07-06 05:25:23] step 004732 | loss 0.431736 | lrm 0.2066 | dt_ms 1015.1
[2026-07-06 05:25:24] step 004733 | loss 0.556362 | lrm 0.2064 | dt_ms 992.1
[2026-07-06 05:25:25] step 004734 | loss 0.493626 | lrm 0.2061 | dt_ms 1004.1
[2026-07-06 05:25:26] step 004735 | loss 0.379418 | lrm 0.2058 | dt_ms 987.9
[2026-07-06 05:25:27] step 004736 | loss 0.457321 | lrm 0.2055 | dt_ms 966.3
[2026-07-06 05:25:28] step 004737 | loss 0.406690 | lrm 0.2053 | dt_ms 1024.1
[2026-07-06 05:25:29] step 004738 | loss 0.437651 | lrm 0.2050 | dt_ms 1026.0
[2026-07-06 05:25:30] step 004739 | loss 0.465707 | lrm 0.2047 | dt_ms 1001.6
[2026-07-06 05:25:31] step 004740 | loss 0.491432 | lrm 0.2044 | dt_ms 1006.4
[2026-07-06 05:25:32] step 004741 | loss 0.481486 | lrm 0.2042 | dt_ms 1013.9
[2026-07-06 05:25:33] step 004742 | loss 0.439424 | lrm 0.2039 | dt_ms 980.9
[2026-07-06 05:25:34] step 004743 | loss 0.374533 | lrm 0.2036 | dt_ms 1036.8
[2026-07-06 05:25:35] step 004744 | loss 0.360089 | lrm 0.2033 | dt_ms 998.4
[2026-07-06 05:25:36] step 004745 | loss 0.358272 | lrm 0.2030 | dt_ms 1031.3
[2026-07-06 05:25:37] step 004746 | loss 0.440868 | lrm 0.2028 | dt_ms 1023.9
[2026-07-06 05:25:38] step 004747 | loss 0.435249 | lrm 0.2025 | dt_ms 1007.0
[2026-07-06 05:25:39] step 004748 | loss 0.424264 | lrm 0.2022 | dt_ms 1038.1
[2026-07-06 05:25:40] step 004749 | loss 0.485987 | lrm 0.2019 | dt_ms 998.2
[2026-07-06 05:25:41] step 004750 | loss 0.377321 | lrm 0.2017 | dt_ms 1053.4
[2026-07-06 05:25:42] step 004751 | loss 0.464653 | lrm 0.2014 | dt_ms 1001.1
[2026-07-06 05:25:44] step 004752 | loss 0.373542 | lrm 0.2011 | dt_ms 1026.0
[2026-07-06 05:25:45] step 004753 | loss 0.470880 | lrm 0.2008 | dt_ms 1017.2
[2026-07-06 05:25:46] step 004754 | loss 0.465262 | lrm 0.2006 | dt_ms 1083.6
[2026-07-06 05:25:47] step 004755 | loss 0.508240 | lrm 0.2003 | dt_ms 992.2
[2026-07-06 05:25:48] step 004756 | loss 0.362149 | lrm 0.2000 | dt_ms 1050.0
[2026-07-06 05:25:49] step 004757 | loss 0.349218 | lrm 0.1997 | dt_ms 1028.7
[2026-07-06 05:25:50] step 004758 | loss 0.404989 | lrm 0.1995 | dt_ms 996.2
[2026-07-06 05:25:51] step 004759 | loss 0.512327 | lrm 0.1992 | dt_ms 1054.3
[2026-07-06 05:25:52] step 004760 | loss 0.508303 | lrm 0.1989 | dt_ms 1054.3
[2026-07-06 05:25:53] step 004761 | loss 0.423955 | lrm 0.1986 | dt_ms 978.3
[2026-07-06 05:25:56] step 004762 | loss 0.482265 | lrm 0.1984 | dt_ms 3532.1
[2026-07-06 05:25:57] step 004763 | loss 0.447271 | lrm 0.1981 | dt_ms 983.6
[2026-07-06 05:25:58] step 004764 | loss 0.327192 | lrm 0.1978 | dt_ms 1019.9
[2026-07-06 05:25:59] step 004765 | loss 0.444212 | lrm 0.1975 | dt_ms 1025.1
[2026-07-06 05:26:00] step 004766 | loss 0.494355 | lrm 0.1973 | dt_ms 1002.2
[2026-07-06 05:26:01] step 004767 | loss 0.467906 | lrm 0.1970 | dt_ms 1044.0
[2026-07-06 05:26:02] step 004768 | loss 0.517488 | lrm 0.1967 | dt_ms 992.8
[2026-07-06 05:26:03] step 004769 | loss 0.417433 | lrm 0.1964 | dt_ms 962.5
[2026-07-06 05:26:04] step 004770 | loss 0.370358 | lrm 0.1962 | dt_ms 991.0
[2026-07-06 05:26:05] step 004771 | loss 0.370975 | lrm 0.1959 | dt_ms 1023.9
[2026-07-06 05:26:06] step 004772 | loss 0.483299 | lrm 0.1956 | dt_ms 1026.6
[2026-07-06 05:26:07] step 004773 | loss 0.356224 | lrm 0.1953 | dt_ms 997.2
[2026-07-06 05:26:08] step 004774 | loss 0.497577 | lrm 0.1951 | dt_ms 1052.2
[2026-07-06 05:26:09] step 004775 | loss 0.457648 | lrm 0.1948 | dt_ms 1039.3
[2026-07-06 05:26:10] step 004776 | loss 0.442100 | lrm 0.1945 | dt_ms 999.7
[2026-07-06 05:26:11] step 004777 | loss 0.408664 | lrm 0.1942 | dt_ms 958.4
[2026-07-06 05:26:12] step 004778 | loss 0.452912 | lrm 0.1939 | dt_ms 1021.5
[2026-07-06 05:26:13] step 004779 | loss 0.361132 | lrm 0.1937 | dt_ms 999.3
[2026-07-06 05:26:14] step 004780 | loss 0.404559 | lrm 0.1934 | dt_ms 1003.5
[2026-07-06 05:26:15] step 004781 | loss 0.442357 | lrm 0.1931 | dt_ms 978.1
[2026-07-06 05:26:18] step 004782 | loss 0.491774 | lrm 0.1928 | dt_ms 2844.7
[2026-07-06 05:26:19] step 004783 | loss 0.478941 | lrm 0.1926 | dt_ms 951.7
[2026-07-06 05:26:20] step 004784 | loss 0.489469 | lrm 0.1923 | dt_ms 1040.5
[2026-07-06 05:26:21] step 004785 | loss 0.359453 | lrm 0.1920 | dt_ms 983.8
[2026-07-06 05:26:22] step 004786 | loss 0.535695 | lrm 0.1917 | dt_ms 1022.7
[2026-07-06 05:26:23] step 004787 | loss 0.478778 | lrm 0.1915 | dt_ms 1037.4
[2026-07-06 05:26:24] step 004788 | loss 0.459900 | lrm 0.1912 | dt_ms 970.2
[2026-07-06 05:26:25] step 004789 | loss 0.529383 | lrm 0.1909 | dt_ms 1025.2
[2026-07-06 05:26:26] step 004790 | loss 0.478635 | lrm 0.1906 | dt_ms 1001.0
[2026-07-06 05:26:27] step 004791 | loss 0.396143 | lrm 0.1904 | dt_ms 977.1
[2026-07-06 05:26:28] step 004792 | loss 0.381677 | lrm 0.1901 | dt_ms 1027.2
[2026-07-06 05:26:29] step 004793 | loss 0.395802 | lrm 0.1898 | dt_ms 1005.6
[2026-07-06 05:26:30] step 004794 | loss 0.383698 | lrm 0.1895 | dt_ms 1058.6
[2026-07-06 05:26:31] step 004795 | loss 0.505866 | lrm 0.1893 | dt_ms 1039.5
[2026-07-06 05:26:32] step 004796 | loss 0.529407 | lrm 0.1890 | dt_ms 1016.5
[2026-07-06 05:26:33] step 004797 | loss 0.448270 | lrm 0.1887 | dt_ms 986.3
[2026-07-06 05:26:34] step 004798 | loss 0.443174 | lrm 0.1884 | dt_ms 1034.0
[2026-07-06 05:26:36] step 004799 | loss 0.461591 | lrm 0.1882 | dt_ms 1054.7
[2026-07-06 05:26:37] step 004800 | loss 0.374114 | lrm 0.1879 | dt_ms 1013.3
[2026-07-06 05:26:38] step 004801 | loss 0.441191 | lrm 0.1876 | dt_ms 1004.0
[2026-07-06 05:26:39] step 004802 | loss 0.481551 | lrm 0.1873 | dt_ms 1015.3
[2026-07-06 05:26:40] step 004803 | loss 0.450377 | lrm 0.1871 | dt_ms 992.7
[2026-07-06 05:26:41] step 004804 | loss 0.453297 | lrm 0.1868 | dt_ms 990.8
[2026-07-06 05:26:42] step 004805 | loss 0.419616 | lrm 0.1865 | dt_ms 1093.7
[2026-07-06 05:26:43] step 004806 | loss 0.417989 | lrm 0.1862 | dt_ms 988.3
[2026-07-06 05:26:44] step 004807 | loss 0.416330 | lrm 0.1860 | dt_ms 1036.9
[2026-07-06 05:26:45] step 004808 | loss 0.541421 | lrm 0.1857 | dt_ms 986.7
[2026-07-06 05:26:46] step 004809 | loss 0.430838 | lrm 0.1854 | dt_ms 1035.8
[2026-07-06 05:26:47] step 004810 | loss 0.432966 | lrm 0.1851 | dt_ms 1061.6
[2026-07-06 05:26:48] step 004811 | loss 0.510442 | lrm 0.1848 | dt_ms 984.0
[2026-07-06 05:26:49] step 004812 | loss 0.467851 | lrm 0.1846 | dt_ms 1018.9
[2026-07-06 05:26:50] step 004813 | loss 0.349619 | lrm 0.1843 | dt_ms 1018.5
[2026-07-06 05:26:51] step 004814 | loss 0.503144 | lrm 0.1840 | dt_ms 1030.4
[2026-07-06 05:26:52] step 004815 | loss 0.520472 | lrm 0.1837 | dt_ms 1002.4
[2026-07-06 05:26:53] step 004816 | loss 0.432588 | lrm 0.1835 | dt_ms 1015.7
[2026-07-06 05:26:54] step 004817 | loss 0.393171 | lrm 0.1832 | dt_ms 987.7
[2026-07-06 05:26:55] step 004818 | loss 0.389390 | lrm 0.1829 | dt_ms 1033.7
[2026-07-06 05:26:56] step 004819 | loss 0.415336 | lrm 0.1826 | dt_ms 1016.1
[2026-07-06 05:26:57] step 004820 | loss 0.403384 | lrm 0.1824 | dt_ms 1025.2
[2026-07-06 05:26:58] step 004821 | loss 0.460533 | lrm 0.1821 | dt_ms 1007.0
[2026-07-06 05:26:59] step 004822 | loss 0.410184 | lrm 0.1818 | dt_ms 1016.6
[2026-07-06 05:27:00] step 004823 | loss 0.453034 | lrm 0.1815 | dt_ms 1041.2
[2026-07-06 05:27:01] step 004824 | loss 0.511983 | lrm 0.1813 | dt_ms 995.2
[2026-07-06 05:27:02] step 004825 | loss 0.461790 | lrm 0.1810 | dt_ms 999.9
[2026-07-06 05:27:03] step 004826 | loss 0.478464 | lrm 0.1807 | dt_ms 1059.7
[2026-07-06 05:27:04] step 004827 | loss 0.405366 | lrm 0.1804 | dt_ms 1033.6
[2026-07-06 05:27:05] step 004828 | loss 0.302724 | lrm 0.1802 | dt_ms 1045.7
[2026-07-06 05:27:06] step 004829 | loss 0.342579 | lrm 0.1799 | dt_ms 1025.5
[2026-07-06 05:27:07] step 004830 | loss 0.481217 | lrm 0.1796 | dt_ms 978.2
[2026-07-06 05:27:08] step 004831 | loss 0.470961 | lrm 0.1793 | dt_ms 1025.8
[2026-07-06 05:27:09] step 004832 | loss 0.469276 | lrm 0.1791 | dt_ms 984.3
[2026-07-06 05:27:10] step 004833 | loss 0.376902 | lrm 0.1788 | dt_ms 1027.5
[2026-07-06 05:27:11] step 004834 | loss 0.381721 | lrm 0.1785 | dt_ms 1077.6
[2026-07-06 05:27:12] step 004835 | loss 0.492086 | lrm 0.1782 | dt_ms 1011.5
[2026-07-06 05:27:13] step 004836 | loss 0.505166 | lrm 0.1780 | dt_ms 1047.9
[2026-07-06 05:27:14] step 004837 | loss 0.476574 | lrm 0.1777 | dt_ms 1004.3
[2026-07-06 05:27:15] step 004838 | loss 0.429219 | lrm 0.1774 | dt_ms 1009.7
[2026-07-06 05:27:16] step 004839 | loss 0.391327 | lrm 0.1771 | dt_ms 1033.6
[2026-07-06 05:27:17] step 004840 | loss 0.351960 | lrm 0.1769 | dt_ms 997.6
[2026-07-06 05:27:18] step 004841 | loss 0.381357 | lrm 0.1766 | dt_ms 1012.6
[2026-07-06 05:27:19] step 004842 | loss 0.336049 | lrm 0.1763 | dt_ms 1003.6
[2026-07-06 05:27:20] step 004843 | loss 0.409043 | lrm 0.1760 | dt_ms 1026.2
[2026-07-06 05:27:21] step 004844 | loss 0.466300 | lrm 0.1757 | dt_ms 1014.6
[2026-07-06 05:27:22] step 004845 | loss 0.420641 | lrm 0.1755 | dt_ms 989.6
[2026-07-06 05:27:23] step 004846 | loss 0.429073 | lrm 0.1752 | dt_ms 1060.7
[2026-07-06 05:27:24] step 004847 | loss 0.445016 | lrm 0.1749 | dt_ms 1034.2
[2026-07-06 05:27:25] step 004848 | loss 0.392690 | lrm 0.1746 | dt_ms 1010.2
[2026-07-06 05:27:26] step 004849 | loss 0.388172 | lrm 0.1744 | dt_ms 1021.3
[2026-07-06 05:27:27] step 004850 | loss 0.516904 | lrm 0.1741 | dt_ms 1009.6
[2026-07-06 05:27:28] step 004851 | loss 0.512612 | lrm 0.1738 | dt_ms 989.3
[2026-07-06 05:27:30] step 004852 | loss 0.429553 | lrm 0.1735 | dt_ms 1046.9
[2026-07-06 05:27:31] step 004853 | loss 0.461017 | lrm 0.1733 | dt_ms 1052.8
[2026-07-06 05:27:32] step 004854 | loss 0.421282 | lrm 0.1730 | dt_ms 988.4
[2026-07-06 05:27:33] step 004855 | loss 0.362726 | lrm 0.1727 | dt_ms 1011.3
[2026-07-06 05:27:34] step 004856 | loss 0.518936 | lrm 0.1724 | dt_ms 1006.6
[2026-07-06 05:27:35] step 004857 | loss 0.416105 | lrm 0.1722 | dt_ms 1002.7
[2026-07-06 05:27:36] step 004858 | loss 0.438755 | lrm 0.1719 | dt_ms 1033.4
[2026-07-06 05:27:37] step 004859 | loss 0.421739 | lrm 0.1716 | dt_ms 996.0
[2026-07-06 05:27:38] step 004860 | loss 0.393888 | lrm 0.1713 | dt_ms 1016.8
[2026-07-06 05:27:39] step 004861 | loss 0.373224 | lrm 0.1711 | dt_ms 1017.5
[2026-07-06 05:27:40] step 004862 | loss 0.423173 | lrm 0.1708 | dt_ms 991.6
[2026-07-06 05:27:41] step 004863 | loss 0.457320 | lrm 0.1705 | dt_ms 1003.9
[2026-07-06 05:27:42] step 004864 | loss 0.455046 | lrm 0.1702 | dt_ms 1045.6
[2026-07-06 05:27:43] step 004865 | loss 0.432730 | lrm 0.1700 | dt_ms 1022.5
[2026-07-06 05:27:44] step 004866 | loss 0.387519 | lrm 0.1697 | dt_ms 1030.7
[2026-07-06 05:27:45] step 004867 | loss 0.419908 | lrm 0.1694 | dt_ms 1016.8
[2026-07-06 05:27:46] step 004868 | loss 0.290790 | lrm 0.1691 | dt_ms 1000.6
[2026-07-06 05:27:47] step 004869 | loss 0.352772 | lrm 0.1689 | dt_ms 1019.1
[2026-07-06 05:27:48] step 004870 | loss 0.493656 | lrm 0.1686 | dt_ms 1002.8
[2026-07-06 05:27:49] step 004871 | loss 0.350998 | lrm 0.1683 | dt_ms 1009.0
[2026-07-06 05:27:50] step 004872 | loss 0.454890 | lrm 0.1680 | dt_ms 972.2
[2026-07-06 05:27:51] step 004873 | loss 0.435481 | lrm 0.1678 | dt_ms 1071.1
[2026-07-06 05:27:52] step 004874 | loss 0.363568 | lrm 0.1675 | dt_ms 1057.0
[2026-07-06 05:27:53] step 004875 | loss 0.434790 | lrm 0.1672 | dt_ms 1017.0
[2026-07-06 05:27:54] step 004876 | loss 0.443261 | lrm 0.1669 | dt_ms 1043.8
[2026-07-06 05:27:55] step 004877 | loss 0.449707 | lrm 0.1666 | dt_ms 1028.1
[2026-07-06 05:27:56] step 004878 | loss 0.436939 | lrm 0.1664 | dt_ms 987.7
[2026-07-06 05:27:57] step 004879 | loss 0.429592 | lrm 0.1661 | dt_ms 1067.4
[2026-07-06 05:27:58] step 004880 | loss 0.412717 | lrm 0.1658 | dt_ms 979.4
[2026-07-06 05:27:59] step 004881 | loss 0.406010 | lrm 0.1655 | dt_ms 1045.1
[2026-07-06 05:28:00] step 004882 | loss 0.496860 | lrm 0.1653 | dt_ms 1020.5
[2026-07-06 05:28:01] step 004883 | loss 0.457963 | lrm 0.1650 | dt_ms 990.0
[2026-07-06 05:28:02] step 004884 | loss 0.365194 | lrm 0.1647 | dt_ms 1011.6
[2026-07-06 05:28:03] step 004885 | loss 0.383357 | lrm 0.1644 | dt_ms 1010.9
[2026-07-06 05:28:04] step 004886 | loss 0.409260 | lrm 0.1642 | dt_ms 1010.1
[2026-07-06 05:28:05] step 004887 | loss 0.396135 | lrm 0.1639 | dt_ms 1057.4
[2026-07-06 05:28:06] step 004888 | loss 0.415242 | lrm 0.1636 | dt_ms 976.1
[2026-07-06 05:28:07] step 004889 | loss 0.361483 | lrm 0.1633 | dt_ms 1046.6
[2026-07-06 05:28:08] step 004890 | loss 0.393906 | lrm 0.1631 | dt_ms 1000.3
[2026-07-06 05:28:09] step 004891 | loss 0.435612 | lrm 0.1628 | dt_ms 1003.4
[2026-07-06 05:28:10] step 004892 | loss 0.409051 | lrm 0.1625 | dt_ms 1027.4
[2026-07-06 05:28:11] step 004893 | loss 0.458776 | lrm 0.1622 | dt_ms 1004.5
[2026-07-06 05:28:12] step 004894 | loss 0.402872 | lrm 0.1620 | dt_ms 1030.0
[2026-07-06 05:28:13] step 004895 | loss 0.467057 | lrm 0.1617 | dt_ms 1000.2
[2026-07-06 05:28:14] step 004896 | loss 0.373385 | lrm 0.1614 | dt_ms 1086.8
[2026-07-06 05:28:15] step 004897 | loss 0.527917 | lrm 0.1611 | dt_ms 1057.8
[2026-07-06 05:28:16] step 004898 | loss 0.409784 | lrm 0.1609 | dt_ms 998.9
[2026-07-06 05:28:17] step 004899 | loss 0.477271 | lrm 0.1606 | dt_ms 1049.7
[2026-07-06 05:28:18] step 004900 | loss 0.512219 | lrm 0.1603 | dt_ms 1005.0
[2026-07-06 05:28:19] step 004901 | loss 0.410867 | lrm 0.1600 | dt_ms 1004.0
[2026-07-06 05:28:20] step 004902 | loss 0.399813 | lrm 0.1598 | dt_ms 1019.6
[2026-07-06 05:28:22] step 004903 | loss 0.334861 | lrm 0.1595 | dt_ms 1010.3
[2026-07-06 05:28:23] step 004904 | loss 0.410409 | lrm 0.1592 | dt_ms 1086.9
[2026-07-06 05:28:24] step 004905 | loss 0.517422 | lrm 0.1589 | dt_ms 982.7
[2026-07-06 05:28:25] step 004906 | loss 0.452430 | lrm 0.1587 | dt_ms 989.4
[2026-07-06 05:28:26] step 004907 | loss 0.407320 | lrm 0.1584 | dt_ms 1059.0
[2026-07-06 05:28:27] step 004908 | loss 0.516775 | lrm 0.1581 | dt_ms 1003.8
[2026-07-06 05:28:28] step 004909 | loss 0.382185 | lrm 0.1578 | dt_ms 1032.4
[2026-07-06 05:28:29] step 004910 | loss 0.436757 | lrm 0.1575 | dt_ms 989.1
[2026-07-06 05:28:30] step 004911 | loss 0.403196 | lrm 0.1573 | dt_ms 1011.8
[2026-07-06 05:28:31] step 004912 | loss 0.424596 | lrm 0.1570 | dt_ms 972.8
[2026-07-06 05:28:32] step 004913 | loss 0.363842 | lrm 0.1567 | dt_ms 992.8
[2026-07-06 05:28:33] step 004914 | loss 0.381430 | lrm 0.1564 | dt_ms 1044.0
[2026-07-06 05:28:34] step 004915 | loss 0.448029 | lrm 0.1562 | dt_ms 965.4
[2026-07-06 05:28:35] step 004916 | loss 0.452447 | lrm 0.1559 | dt_ms 1020.2
[2026-07-06 05:28:36] step 004917 | loss 0.392862 | lrm 0.1556 | dt_ms 994.4
[2026-07-06 05:28:37] step 004918 | loss 0.409840 | lrm 0.1553 | dt_ms 1021.2
[2026-07-06 05:28:38] step 004919 | loss 0.422900 | lrm 0.1551 | dt_ms 1000.9
[2026-07-06 05:28:39] step 004920 | loss 0.391603 | lrm 0.1548 | dt_ms 997.7
[2026-07-06 05:28:40] step 004921 | loss 0.452781 | lrm 0.1545 | dt_ms 972.0
[2026-07-06 05:28:41] step 004922 | loss 0.419228 | lrm 0.1542 | dt_ms 1008.0
[2026-07-06 05:28:42] step 004923 | loss 0.462080 | lrm 0.1540 | dt_ms 1036.7
[2026-07-06 05:28:43] step 004924 | loss 0.402029 | lrm 0.1537 | dt_ms 1000.9
[2026-07-06 05:28:44] step 004925 | loss 0.424010 | lrm 0.1534 | dt_ms 1005.7
[2026-07-06 05:28:45] step 004926 | loss 0.453466 | lrm 0.1531 | dt_ms 995.2
[2026-07-06 05:28:46] step 004927 | loss 0.423842 | lrm 0.1529 | dt_ms 1006.4
[2026-07-06 05:28:47] step 004928 | loss 0.450638 | lrm 0.1526 | dt_ms 970.3
[2026-07-06 05:28:48] step 004929 | loss 0.426266 | lrm 0.1523 | dt_ms 983.2
[2026-07-06 05:28:49] step 004930 | loss 0.369114 | lrm 0.1520 | dt_ms 1057.7
[2026-07-06 05:28:50] step 004931 | loss 0.326483 | lrm 0.1518 | dt_ms 1008.5
[2026-07-06 05:28:51] step 004932 | loss 0.406914 | lrm 0.1515 | dt_ms 993.1
[2026-07-06 05:28:52] step 004933 | loss 0.408663 | lrm 0.1512 | dt_ms 1005.0
[2026-07-06 05:28:53] step 004934 | loss 0.419375 | lrm 0.1509 | dt_ms 1000.9
[2026-07-06 05:28:54] step 004935 | loss 0.487004 | lrm 0.1507 | dt_ms 1025.7
[2026-07-06 05:28:55] step 004936 | loss 0.479735 | lrm 0.1504 | dt_ms 1003.7
[2026-07-06 05:28:56] step 004937 | loss 0.453754 | lrm 0.1501 | dt_ms 984.0
[2026-07-06 05:28:57] step 004938 | loss 0.356607 | lrm 0.1498 | dt_ms 1029.6
[2026-07-06 05:28:58] step 004939 | loss 0.412306 | lrm 0.1496 | dt_ms 1023.4
[2026-07-06 05:28:59] step 004940 | loss 0.348216 | lrm 0.1493 | dt_ms 1006.7
[2026-07-06 05:29:00] step 004941 | loss 0.546047 | lrm 0.1490 | dt_ms 1051.0
[2026-07-06 05:29:01] step 004942 | loss 0.465755 | lrm 0.1487 | dt_ms 1024.1
[2026-07-06 05:29:02] step 004943 | loss 0.467747 | lrm 0.1484 | dt_ms 1007.7
[2026-07-06 05:29:03] step 004944 | loss 0.469100 | lrm 0.1482 | dt_ms 989.8
[2026-07-06 05:29:04] step 004945 | loss 0.441898 | lrm 0.1479 | dt_ms 978.1
[2026-07-06 05:29:05] step 004946 | loss 0.354854 | lrm 0.1476 | dt_ms 1000.7
[2026-07-06 05:29:06] step 004947 | loss 0.426629 | lrm 0.1473 | dt_ms 959.2
[2026-07-06 05:29:07] step 004948 | loss 0.422502 | lrm 0.1471 | dt_ms 1082.1
[2026-07-06 05:29:08] step 004949 | loss 0.448905 | lrm 0.1468 | dt_ms 1012.2
[2026-07-06 05:29:09] step 004950 | loss 0.455339 | lrm 0.1465 | dt_ms 1018.8
[2026-07-06 05:29:10] step 004951 | loss 0.460341 | lrm 0.1462 | dt_ms 992.9
[2026-07-06 05:29:11] step 004952 | loss 0.424044 | lrm 0.1460 | dt_ms 987.6
[2026-07-06 05:29:12] step 004953 | loss 0.373280 | lrm 0.1457 | dt_ms 1029.0
[2026-07-06 05:29:13] step 004954 | loss 0.419429 | lrm 0.1454 | dt_ms 1003.8
[2026-07-06 05:29:14] step 004955 | loss 0.456543 | lrm 0.1451 | dt_ms 1044.3
[2026-07-06 05:29:15] step 004956 | loss 0.444298 | lrm 0.1449 | dt_ms 1033.8
[2026-07-06 05:29:16] step 004957 | loss 0.430682 | lrm 0.1446 | dt_ms 1030.9
[2026-07-06 05:29:17] step 004958 | loss 0.350136 | lrm 0.1443 | dt_ms 1019.2
[2026-07-06 05:29:18] step 004959 | loss 0.440044 | lrm 0.1440 | dt_ms 1035.5
[2026-07-06 05:29:19] step 004960 | loss 0.542207 | lrm 0.1438 | dt_ms 1015.4
[2026-07-06 05:29:20] step 004961 | loss 0.479713 | lrm 0.1435 | dt_ms 1018.2
[2026-07-06 05:29:21] step 004962 | loss 0.454004 | lrm 0.1432 | dt_ms 1037.2
[2026-07-06 05:29:22] step 004963 | loss 0.513099 | lrm 0.1429 | dt_ms 1000.4
[2026-07-06 05:29:23] step 004964 | loss 0.345592 | lrm 0.1427 | dt_ms 963.8
[2026-07-06 05:29:24] step 004965 | loss 0.402903 | lrm 0.1424 | dt_ms 1039.2
[2026-07-06 05:29:25] step 004966 | loss 0.330901 | lrm 0.1421 | dt_ms 982.0
[2026-07-06 05:29:26] step 004967 | loss 0.422958 | lrm 0.1418 | dt_ms 990.7
[2026-07-06 05:29:27] step 004968 | loss 0.399943 | lrm 0.1416 | dt_ms 1009.2
[2026-07-06 05:29:28] step 004969 | loss 0.478501 | lrm 0.1413 | dt_ms 1020.0
[2026-07-06 05:29:29] step 004970 | loss 0.533693 | lrm 0.1410 | dt_ms 996.4
[2026-07-06 05:29:30] step 004971 | loss 0.406061 | lrm 0.1407 | dt_ms 988.1
[2026-07-06 05:29:31] step 004972 | loss 0.423905 | lrm 0.1404 | dt_ms 1020.7
[2026-07-06 05:29:32] step 004973 | loss 0.414240 | lrm 0.1402 | dt_ms 1030.6
[2026-07-06 05:29:33] step 004974 | loss 0.431420 | lrm 0.1399 | dt_ms 1003.0
[2026-07-06 05:29:34] step 004975 | loss 0.462088 | lrm 0.1396 | dt_ms 990.4
[2026-07-06 05:29:35] step 004976 | loss 0.395946 | lrm 0.1393 | dt_ms 1011.0
[2026-07-06 05:29:36] step 004977 | loss 0.415248 | lrm 0.1391 | dt_ms 995.7
[2026-07-06 05:29:37] step 004978 | loss 0.360666 | lrm 0.1388 | dt_ms 1012.6
[2026-07-06 05:29:38] step 004979 | loss 0.350604 | lrm 0.1385 | dt_ms 977.3
[2026-07-06 05:29:39] step 004980 | loss 0.437336 | lrm 0.1382 | dt_ms 1010.2
[2026-07-06 05:29:40] step 004981 | loss 0.466077 | lrm 0.1380 | dt_ms 963.5
[2026-07-06 05:29:41] step 004982 | loss 0.456066 | lrm 0.1377 | dt_ms 1036.3
[2026-07-06 05:29:42] step 004983 | loss 0.398565 | lrm 0.1374 | dt_ms 982.8
[2026-07-06 05:29:43] step 004984 | loss 0.386334 | lrm 0.1371 | dt_ms 1016.9
[2026-07-06 05:29:44] step 004985 | loss 0.363594 | lrm 0.1369 | dt_ms 1027.7
[2026-07-06 05:29:45] step 004986 | loss 0.422605 | lrm 0.1366 | dt_ms 979.8
[2026-07-06 05:29:46] step 004987 | loss 0.340076 | lrm 0.1363 | dt_ms 1005.3
[2026-07-06 05:29:47] step 004988 | loss 0.388372 | lrm 0.1360 | dt_ms 986.3
[2026-07-06 05:29:48] step 004989 | loss 0.462986 | lrm 0.1358 | dt_ms 1093.2
[2026-07-06 05:29:49] step 004990 | loss 0.481157 | lrm 0.1355 | dt_ms 979.3
[2026-07-06 05:29:50] step 004991 | loss 0.400419 | lrm 0.1352 | dt_ms 1049.8
[2026-07-06 05:29:51] step 004992 | loss 0.363916 | lrm 0.1349 | dt_ms 1002.5
[2026-07-06 05:29:52] step 004993 | loss 0.333978 | lrm 0.1347 | dt_ms 1014.0
[2026-07-06 05:29:53] step 004994 | loss 0.404605 | lrm 0.1344 | dt_ms 1026.7
[2026-07-06 05:29:54] step 004995 | loss 0.524290 | lrm 0.1341 | dt_ms 1009.3
[2026-07-06 05:29:55] step 004996 | loss 0.387509 | lrm 0.1338 | dt_ms 974.5
[2026-07-06 05:29:56] step 004997 | loss 0.511526 | lrm 0.1336 | dt_ms 1022.5
[2026-07-06 05:29:57] step 004998 | loss 0.413005 | lrm 0.1333 | dt_ms 1054.8
[2026-07-06 05:29:58] step 004999 | loss 0.411470 | lrm 0.1330 | dt_ms 1023.5
[2026-07-06 05:30:01] step 005000 | loss 0.423130 | lrm 0.1327 | dt_ms 1077.0
[2026-07-06 05:30:02] step 005001 | loss 0.416822 | lrm 0.1325 | dt_ms 1041.6
[2026-07-06 05:30:03] step 005002 | loss 0.577122 | lrm 0.1322 | dt_ms 999.7
[2026-07-06 05:30:04] step 005003 | loss 0.473966 | lrm 0.1319 | dt_ms 1048.5
[2026-07-06 05:30:05] step 005004 | loss 0.408153 | lrm 0.1316 | dt_ms 1020.3
[2026-07-06 05:30:06] step 005005 | loss 0.395202 | lrm 0.1313 | dt_ms 988.5
[2026-07-06 05:30:07] step 005006 | loss 0.343776 | lrm 0.1311 | dt_ms 981.5
[2026-07-06 05:30:08] step 005007 | loss 0.462566 | lrm 0.1308 | dt_ms 1026.1
[2026-07-06 05:30:09] step 005008 | loss 0.513002 | lrm 0.1305 | dt_ms 1035.4
[2026-07-06 05:30:10] step 005009 | loss 0.500806 | lrm 0.1302 | dt_ms 1022.5
[2026-07-06 05:30:11] step 005010 | loss 0.405909 | lrm 0.1300 | dt_ms 1036.0
[2026-07-06 05:30:12] step 005011 | loss 0.411641 | lrm 0.1297 | dt_ms 1036.6
[2026-07-06 05:30:13] step 005012 | loss 0.400226 | lrm 0.1294 | dt_ms 1012.1
[2026-07-06 05:30:14] step 005013 | loss 0.439986 | lrm 0.1291 | dt_ms 996.8
[2026-07-06 05:30:15] step 005014 | loss 0.363834 | lrm 0.1289 | dt_ms 1047.4
[2026-07-06 05:30:16] step 005015 | loss 0.396659 | lrm 0.1286 | dt_ms 1005.4
[2026-07-06 05:30:17] step 005016 | loss 0.485522 | lrm 0.1283 | dt_ms 1021.1
[2026-07-06 05:30:18] step 005017 | loss 0.406210 | lrm 0.1280 | dt_ms 1047.8
[2026-07-06 05:30:19] step 005018 | loss 0.457455 | lrm 0.1278 | dt_ms 1038.2
[2026-07-06 05:30:20] step 005019 | loss 0.487254 | lrm 0.1275 | dt_ms 1009.1
[2026-07-06 05:30:21] step 005020 | loss 0.400532 | lrm 0.1272 | dt_ms 1044.4
[2026-07-06 05:30:22] step 005021 | loss 0.436874 | lrm 0.1269 | dt_ms 1035.1
[2026-07-06 05:30:23] step 005022 | loss 0.367059 | lrm 0.1267 | dt_ms 1014.2
[2026-07-06 05:30:24] step 005023 | loss 0.470398 | lrm 0.1264 | dt_ms 1015.9
[2026-07-06 05:30:25] step 005024 | loss 0.450661 | lrm 0.1261 | dt_ms 1046.8
[2026-07-06 05:30:26] step 005025 | loss 0.458973 | lrm 0.1258 | dt_ms 963.6
[2026-07-06 05:30:27] step 005026 | loss 0.460439 | lrm 0.1256 | dt_ms 1074.2
[2026-07-06 05:30:28] step 005027 | loss 0.416447 | lrm 0.1253 | dt_ms 995.5
[2026-07-06 05:30:29] step 005028 | loss 0.341714 | lrm 0.1250 | dt_ms 1051.9
[2026-07-06 05:30:30] step 005029 | loss 0.457786 | lrm 0.1247 | dt_ms 1010.3
[2026-07-06 05:30:31] step 005030 | loss 0.406456 | lrm 0.1245 | dt_ms 1031.0
[2026-07-06 05:30:32] step 005031 | loss 0.459976 | lrm 0.1242 | dt_ms 1005.3
[2026-07-06 05:30:33] step 005032 | loss 0.461037 | lrm 0.1239 | dt_ms 976.7
[2026-07-06 05:30:34] step 005033 | loss 0.426509 | lrm 0.1236 | dt_ms 1012.9
[2026-07-06 05:30:35] step 005034 | loss 0.361389 | lrm 0.1234 | dt_ms 998.4
[2026-07-06 05:30:36] step 005035 | loss 0.304869 | lrm 0.1231 | dt_ms 1012.2
[2026-07-06 05:30:37] step 005036 | loss 0.374773 | lrm 0.1228 | dt_ms 1029.9
[2026-07-06 05:30:39] step 005037 | loss 0.398793 | lrm 0.1225 | dt_ms 1014.9
[2026-07-06 05:30:40] step 005038 | loss 0.492870 | lrm 0.1222 | dt_ms 1032.0
[2026-07-06 05:30:41] step 005039 | loss 0.438237 | lrm 0.1220 | dt_ms 1012.1
[2026-07-06 05:30:42] step 005040 | loss 0.398650 | lrm 0.1217 | dt_ms 993.2
[2026-07-06 05:30:43] step 005041 | loss 0.432335 | lrm 0.1214 | dt_ms 1037.5
[2026-07-06 05:30:44] step 005042 | loss 0.445676 | lrm 0.1211 | dt_ms 1014.0
[2026-07-06 05:30:45] step 005043 | loss 0.389466 | lrm 0.1209 | dt_ms 1046.0
[2026-07-06 05:30:46] step 005044 | loss 0.475437 | lrm 0.1206 | dt_ms 1046.2
[2026-07-06 05:30:47] step 005045 | loss 0.500277 | lrm 0.1203 | dt_ms 1000.8
[2026-07-06 05:30:48] step 005046 | loss 0.513297 | lrm 0.1200 | dt_ms 1017.6
[2026-07-06 05:30:49] step 005047 | loss 0.443284 | lrm 0.1198 | dt_ms 967.7
[2026-07-06 05:30:50] step 005048 | loss 0.348736 | lrm 0.1195 | dt_ms 1039.6
[2026-07-06 05:30:51] step 005049 | loss 0.360228 | lrm 0.1192 | dt_ms 1041.2
[2026-07-06 05:30:52] step 005050 | loss 0.582180 | lrm 0.1189 | dt_ms 985.1
[2026-07-06 05:30:53] step 005051 | loss 0.477502 | lrm 0.1187 | dt_ms 968.3
[2026-07-06 05:30:54] step 005052 | loss 0.417425 | lrm 0.1184 | dt_ms 1023.8
[2026-07-06 05:30:55] step 005053 | loss 0.332906 | lrm 0.1181 | dt_ms 988.5
[2026-07-06 05:30:56] step 005054 | loss 0.373588 | lrm 0.1178 | dt_ms 978.3
[2026-07-06 05:30:57] step 005055 | loss 0.339707 | lrm 0.1176 | dt_ms 994.8
[2026-07-06 05:30:58] step 005056 | loss 0.432079 | lrm 0.1173 | dt_ms 988.4
[2026-07-06 05:30:59] step 005057 | loss 0.369756 | lrm 0.1170 | dt_ms 962.0
[2026-07-06 05:31:00] step 005058 | loss 0.505492 | lrm 0.1167 | dt_ms 1045.0
[2026-07-06 05:31:01] step 005059 | loss 0.494029 | lrm 0.1165 | dt_ms 1017.4
[2026-07-06 05:31:02] step 005060 | loss 0.458287 | lrm 0.1162 | dt_ms 999.0
[2026-07-06 05:31:03] step 005061 | loss 0.421148 | lrm 0.1159 | dt_ms 996.4
[2026-07-06 05:31:04] step 005062 | loss 0.371453 | lrm 0.1156 | dt_ms 1008.5
[2026-07-06 05:31:05] step 005063 | loss 0.357972 | lrm 0.1154 | dt_ms 1018.7
[2026-07-06 05:31:06] step 005064 | loss 0.510164 | lrm 0.1151 | dt_ms 1022.9
[2026-07-06 05:31:07] step 005065 | loss 0.374691 | lrm 0.1148 | dt_ms 1007.6
[2026-07-06 05:31:08] step 005066 | loss 0.419494 | lrm 0.1145 | dt_ms 1015.3
[2026-07-06 05:31:09] step 005067 | loss 0.493506 | lrm 0.1143 | dt_ms 1089.9
[2026-07-06 05:31:10] step 005068 | loss 0.425792 | lrm 0.1140 | dt_ms 993.7
[2026-07-06 05:31:11] step 005069 | loss 0.338848 | lrm 0.1137 | dt_ms 1041.4
[2026-07-06 05:31:12] step 005070 | loss 0.415948 | lrm 0.1134 | dt_ms 1008.2
[2026-07-06 05:31:13] step 005071 | loss 0.350564 | lrm 0.1131 | dt_ms 1031.1
[2026-07-06 05:31:14] step 005072 | loss 0.471865 | lrm 0.1129 | dt_ms 972.1
[2026-07-06 05:31:15] step 005073 | loss 0.426617 | lrm 0.1126 | dt_ms 1039.4
[2026-07-06 05:31:16] step 005074 | loss 0.426104 | lrm 0.1123 | dt_ms 992.0
[2026-07-06 05:31:17] step 005075 | loss 0.408788 | lrm 0.1120 | dt_ms 1039.1
[2026-07-06 05:31:18] step 005076 | loss 0.332774 | lrm 0.1118 | dt_ms 1021.7
[2026-07-06 05:31:19] step 005077 | loss 0.461517 | lrm 0.1115 | dt_ms 1008.1
[2026-07-06 05:31:20] step 005078 | loss 0.491797 | lrm 0.1112 | dt_ms 1006.2
[2026-07-06 05:31:21] step 005079 | loss 0.466408 | lrm 0.1109 | dt_ms 982.5
[2026-07-06 05:31:22] step 005080 | loss 0.510769 | lrm 0.1107 | dt_ms 1023.8
[2026-07-06 05:31:23] step 005081 | loss 0.418252 | lrm 0.1104 | dt_ms 1007.5
[2026-07-06 05:31:24] step 005082 | loss 0.372062 | lrm 0.1101 | dt_ms 1002.6
[2026-07-06 05:31:25] step 005083 | loss 0.324353 | lrm 0.1098 | dt_ms 1011.9
[2026-07-06 05:31:26] step 005084 | loss 0.406906 | lrm 0.1096 | dt_ms 1013.5
[2026-07-06 05:31:27] step 005085 | loss 0.373584 | lrm 0.1093 | dt_ms 1034.9
[2026-07-06 05:31:28] step 005086 | loss 0.467566 | lrm 0.1090 | dt_ms 1010.2
[2026-07-06 05:31:29] step 005087 | loss 0.425554 | lrm 0.1087 | dt_ms 1026.2
[2026-07-06 05:31:30] step 005088 | loss 0.404516 | lrm 0.1085 | dt_ms 989.5
[2026-07-06 05:31:31] step 005089 | loss 0.446927 | lrm 0.1082 | dt_ms 1006.5
[2026-07-06 05:31:32] step 005090 | loss 0.351372 | lrm 0.1079 | dt_ms 1040.4
[2026-07-06 05:31:33] step 005091 | loss 0.403301 | lrm 0.1076 | dt_ms 991.1
[2026-07-06 05:31:34] step 005092 | loss 0.464841 | lrm 0.1074 | dt_ms 1030.2
[2026-07-06 05:31:35] step 005093 | loss 0.409707 | lrm 0.1071 | dt_ms 1080.2
[2026-07-06 05:31:36] step 005094 | loss 0.438961 | lrm 0.1068 | dt_ms 1014.1
[2026-07-06 05:31:37] step 005095 | loss 0.432695 | lrm 0.1065 | dt_ms 1001.7
[2026-07-06 05:31:38] step 005096 | loss 0.476653 | lrm 0.1063 | dt_ms 1013.0
[2026-07-06 05:31:39] step 005097 | loss 0.429125 | lrm 0.1060 | dt_ms 1043.7
[2026-07-06 05:31:40] step 005098 | loss 0.364149 | lrm 0.1057 | dt_ms 997.8
[2026-07-06 05:31:41] step 005099 | loss 0.461776 | lrm 0.1054 | dt_ms 1026.1
[2026-07-06 05:31:42] step 005100 | loss 0.393357 | lrm 0.1052 | dt_ms 1000.0
[2026-07-06 05:31:43] step 005101 | loss 0.509547 | lrm 0.1049 | dt_ms 1009.2
[2026-07-06 05:31:44] step 005102 | loss 0.356951 | lrm 0.1046 | dt_ms 1034.5
[2026-07-06 05:31:45] step 005103 | loss 0.357212 | lrm 0.1043 | dt_ms 1008.8
[2026-07-06 05:31:46] step 005104 | loss 0.309618 | lrm 0.1040 | dt_ms 1017.9
[2026-07-06 05:31:48] step 005105 | loss 0.460276 | lrm 0.1038 | dt_ms 1041.2
[2026-07-06 05:31:49] step 005106 | loss 0.327341 | lrm 0.1035 | dt_ms 1001.3
[2026-07-06 05:31:50] step 005107 | loss 0.422691 | lrm 0.1032 | dt_ms 1038.2
[2026-07-06 05:31:51] step 005108 | loss 0.421493 | lrm 0.1029 | dt_ms 1035.2
[2026-07-06 05:31:52] step 005109 | loss 0.404952 | lrm 0.1027 | dt_ms 1017.7
[2026-07-06 05:31:53] step 005110 | loss 0.429921 | lrm 0.1024 | dt_ms 996.5
[2026-07-06 05:31:54] step 005111 | loss 0.416971 | lrm 0.1021 | dt_ms 1041.4
[2026-07-06 05:31:55] step 005112 | loss 0.389331 | lrm 0.1018 | dt_ms 1009.6
[2026-07-06 05:31:56] step 005113 | loss 0.451128 | lrm 0.1016 | dt_ms 990.8
[2026-07-06 05:31:57] step 005114 | loss 0.538507 | lrm 0.1013 | dt_ms 1033.9
[2026-07-06 05:31:58] step 005115 | loss 0.511763 | lrm 0.1010 | dt_ms 1045.5
[2026-07-06 05:31:59] step 005116 | loss 0.418289 | lrm 0.1007 | dt_ms 1068.9
[2026-07-06 05:32:00] step 005117 | loss 0.437548 | lrm 0.1005 | dt_ms 992.3
[2026-07-06 05:32:01] step 005118 | loss 0.511161 | lrm 0.1002 | dt_ms 1071.8
[2026-07-06 05:32:02] step 005119 | loss 0.379328 | lrm 0.0999 | dt_ms 1029.2
[2026-07-06 05:32:03] step 005120 | loss 0.446340 | lrm 0.0996 | dt_ms 987.2
[2026-07-06 05:32:04] step 005121 | loss 0.499859 | lrm 0.0994 | dt_ms 988.1
[2026-07-06 05:32:05] step 005122 | loss 0.506181 | lrm 0.0991 | dt_ms 1036.3
[2026-07-06 05:32:06] step 005123 | loss 0.409148 | lrm 0.0988 | dt_ms 989.9
[2026-07-06 05:32:07] step 005124 | loss 0.489307 | lrm 0.0985 | dt_ms 1053.4
[2026-07-06 05:32:08] step 005125 | loss 0.384743 | lrm 0.0983 | dt_ms 1050.3
[2026-07-06 05:32:09] step 005126 | loss 0.397539 | lrm 0.0980 | dt_ms 1044.4
[2026-07-06 05:32:10] step 005127 | loss 0.504373 | lrm 0.0977 | dt_ms 1018.1
[2026-07-06 05:32:11] step 005128 | loss 0.405845 | lrm 0.0974 | dt_ms 1030.8
[2026-07-06 05:32:12] step 005129 | loss 0.460647 | lrm 0.0972 | dt_ms 987.5
[2026-07-06 05:32:13] step 005130 | loss 0.416266 | lrm 0.0969 | dt_ms 1066.6
[2026-07-06 05:32:14] step 005131 | loss 0.369522 | lrm 0.0966 | dt_ms 998.6
[2026-07-06 05:32:15] step 005132 | loss 0.432736 | lrm 0.0963 | dt_ms 1017.7
[2026-07-06 05:32:16] step 005133 | loss 0.382105 | lrm 0.0961 | dt_ms 988.1
[2026-07-06 05:32:17] step 005134 | loss 0.326835 | lrm 0.0958 | dt_ms 1007.1
[2026-07-06 05:32:18] step 005135 | loss 0.348115 | lrm 0.0955 | dt_ms 1069.0
[2026-07-06 05:32:22] step 005136 | loss 0.483256 | lrm 0.0952 | dt_ms 3454.9
[2026-07-06 05:32:23] step 005137 | loss 0.391202 | lrm 0.0949 | dt_ms 1013.1
[2026-07-06 05:32:24] step 005138 | loss 0.484195 | lrm 0.0947 | dt_ms 992.3
[2026-07-06 05:32:25] step 005139 | loss 0.447484 | lrm 0.0944 | dt_ms 1034.0
[2026-07-06 05:32:26] step 005140 | loss 0.408497 | lrm 0.0941 | dt_ms 983.1
[2026-07-06 05:32:27] step 005141 | loss 0.377418 | lrm 0.0938 | dt_ms 1053.8
[2026-07-06 05:32:28] step 005142 | loss 0.440006 | lrm 0.0936 | dt_ms 1087.4
[2026-07-06 05:32:29] step 005143 | loss 0.489123 | lrm 0.0933 | dt_ms 1042.2
[2026-07-06 05:32:30] step 005144 | loss 0.431371 | lrm 0.0930 | dt_ms 1044.1
[2026-07-06 05:32:31] step 005145 | loss 0.476139 | lrm 0.0927 | dt_ms 1016.0
[2026-07-06 05:32:32] step 005146 | loss 0.425721 | lrm 0.0925 | dt_ms 1065.0
[2026-07-06 05:32:33] step 005147 | loss 0.409022 | lrm 0.0922 | dt_ms 999.2
[2026-07-06 05:32:34] step 005148 | loss 0.412982 | lrm 0.0919 | dt_ms 997.4
[2026-07-06 05:32:35] step 005149 | loss 0.498001 | lrm 0.0916 | dt_ms 1013.7
[2026-07-06 05:32:36] step 005150 | loss 0.460042 | lrm 0.0914 | dt_ms 990.0
[2026-07-06 05:32:37] step 005151 | loss 0.423475 | lrm 0.0911 | dt_ms 1015.2
[2026-07-06 05:32:38] step 005152 | loss 0.337495 | lrm 0.0908 | dt_ms 1030.8
[2026-07-06 05:32:39] step 005153 | loss 0.428808 | lrm 0.0905 | dt_ms 1065.3
[2026-07-06 05:32:40] step 005154 | loss 0.358486 | lrm 0.0903 | dt_ms 1012.7
[2026-07-06 05:32:41] step 005155 | loss 0.404802 | lrm 0.0900 | dt_ms 996.1
[2026-07-06 05:32:42] step 005156 | loss 0.321938 | lrm 0.0897 | dt_ms 1034.7
[2026-07-06 05:32:43] step 005157 | loss 0.414646 | lrm 0.0894 | dt_ms 1002.4
[2026-07-06 05:32:44] step 005158 | loss 0.451658 | lrm 0.0892 | dt_ms 977.9
[2026-07-06 05:32:45] step 005159 | loss 0.521297 | lrm 0.0889 | dt_ms 979.6
[2026-07-06 05:32:46] step 005160 | loss 0.434156 | lrm 0.0886 | dt_ms 1027.2
[2026-07-06 05:32:47] step 005161 | loss 0.420165 | lrm 0.0883 | dt_ms 1017.3
[2026-07-06 05:32:48] step 005162 | loss 0.383473 | lrm 0.0881 | dt_ms 1072.5
[2026-07-06 05:32:49] step 005163 | loss 0.314518 | lrm 0.0878 | dt_ms 991.3
[2026-07-06 05:32:50] step 005164 | loss 0.389148 | lrm 0.0875 | dt_ms 1035.9
[2026-07-06 05:32:51] step 005165 | loss 0.478243 | lrm 0.0872 | dt_ms 1007.5
[2026-07-06 05:32:52] step 005166 | loss 0.525532 | lrm 0.0870 | dt_ms 985.4
[2026-07-06 05:32:53] step 005167 | loss 0.443009 | lrm 0.0867 | dt_ms 1065.8
[2026-07-06 05:32:54] step 005168 | loss 0.381126 | lrm 0.0864 | dt_ms 978.1
[2026-07-06 05:32:55] step 005169 | loss 0.334681 | lrm 0.0861 | dt_ms 1053.3
[2026-07-06 05:32:56] step 005170 | loss 0.398376 | lrm 0.0858 | dt_ms 1026.7
[2026-07-06 05:32:57] step 005171 | loss 0.356110 | lrm 0.0856 | dt_ms 1034.5
[2026-07-06 05:32:58] step 005172 | loss 0.371121 | lrm 0.0853 | dt_ms 995.0
[2026-07-06 05:32:59] step 005173 | loss 0.395229 | lrm 0.0850 | dt_ms 1026.0
[2026-07-06 05:33:00] step 005174 | loss 0.395753 | lrm 0.0847 | dt_ms 1003.6
[2026-07-06 05:33:02] step 005175 | loss 0.418086 | lrm 0.0845 | dt_ms 1048.4
[2026-07-06 05:33:03] step 005176 | loss 0.448460 | lrm 0.0842 | dt_ms 1033.4
[2026-07-06 05:33:04] step 005177 | loss 0.499825 | lrm 0.0839 | dt_ms 986.6
[2026-07-06 05:33:05] step 005178 | loss 0.488179 | lrm 0.0836 | dt_ms 991.8
[2026-07-06 05:33:06] step 005179 | loss 0.431180 | lrm 0.0834 | dt_ms 1021.4
[2026-07-06 05:33:07] step 005180 | loss 0.326580 | lrm 0.0831 | dt_ms 1013.2
[2026-07-06 05:33:08] step 005181 | loss 0.390195 | lrm 0.0828 | dt_ms 1038.6
[2026-07-06 05:33:09] step 005182 | loss 0.336259 | lrm 0.0825 | dt_ms 1002.8
[2026-07-06 05:33:10] step 005183 | loss 0.377459 | lrm 0.0823 | dt_ms 1039.4
[2026-07-06 05:33:11] step 005184 | loss 0.394232 | lrm 0.0820 | dt_ms 1058.8
[2026-07-06 05:33:12] step 005185 | loss 0.440300 | lrm 0.0817 | dt_ms 969.1
[2026-07-06 05:33:13] step 005186 | loss 0.491730 | lrm 0.0814 | dt_ms 1060.3
[2026-07-06 05:33:14] step 005187 | loss 0.484349 | lrm 0.0812 | dt_ms 1025.2
[2026-07-06 05:33:15] step 005188 | loss 0.385898 | lrm 0.0809 | dt_ms 1054.0
[2026-07-06 05:33:16] step 005189 | loss 0.338029 | lrm 0.0806 | dt_ms 1019.5
[2026-07-06 05:33:17] step 005190 | loss 0.374457 | lrm 0.0803 | dt_ms 1024.1
[2026-07-06 05:33:18] step 005191 | loss 0.496542 | lrm 0.0801 | dt_ms 1014.5
[2026-07-06 05:33:19] step 005192 | loss 0.465305 | lrm 0.0798 | dt_ms 1001.2
[2026-07-06 05:33:20] step 005193 | loss 0.416476 | lrm 0.0795 | dt_ms 1039.4
[2026-07-06 05:33:21] step 005194 | loss 0.396040 | lrm 0.0792 | dt_ms 1023.4
[2026-07-06 05:33:22] step 005195 | loss 0.368713 | lrm 0.0790 | dt_ms 1111.0
[2026-07-06 05:33:23] step 005196 | loss 0.433753 | lrm 0.0787 | dt_ms 1013.9
[2026-07-06 05:33:24] step 005197 | loss 0.375420 | lrm 0.0784 | dt_ms 1001.1
[2026-07-06 05:33:25] step 005198 | loss 0.483887 | lrm 0.0781 | dt_ms 1030.0
[2026-07-06 05:33:26] step 005199 | loss 0.403107 | lrm 0.0779 | dt_ms 1017.6
[2026-07-06 05:33:27] step 005200 | loss 0.431624 | lrm 0.0776 | dt_ms 1000.6
[2026-07-06 05:33:28] step 005201 | loss 0.495859 | lrm 0.0773 | dt_ms 1043.2
[2026-07-06 05:33:29] step 005202 | loss 0.421536 | lrm 0.0770 | dt_ms 1000.8
[2026-07-06 05:33:30] step 005203 | loss 0.371235 | lrm 0.0767 | dt_ms 1012.4
[2026-07-06 05:33:31] step 005204 | loss 0.453377 | lrm 0.0765 | dt_ms 1065.9
[2026-07-06 05:33:32] step 005205 | loss 0.306114 | lrm 0.0762 | dt_ms 1011.2
[2026-07-06 05:33:33] step 005206 | loss 0.567689 | lrm 0.0759 | dt_ms 1030.2
[2026-07-06 05:33:34] step 005207 | loss 0.380183 | lrm 0.0756 | dt_ms 1034.2
[2026-07-06 05:33:35] step 005208 | loss 0.414530 | lrm 0.0754 | dt_ms 1019.6
[2026-07-06 05:33:36] step 005209 | loss 0.461916 | lrm 0.0751 | dt_ms 990.9
[2026-07-06 05:33:37] step 005210 | loss 0.424791 | lrm 0.0748 | dt_ms 978.1
[2026-07-06 05:33:38] step 005211 | loss 0.363903 | lrm 0.0745 | dt_ms 1002.6
[2026-07-06 05:33:39] step 005212 | loss 0.359900 | lrm 0.0743 | dt_ms 989.9
[2026-07-06 05:33:40] step 005213 | loss 0.517989 | lrm 0.0740 | dt_ms 1011.8
[2026-07-06 05:33:41] step 005214 | loss 0.451813 | lrm 0.0737 | dt_ms 994.4
[2026-07-06 05:33:42] step 005215 | loss 0.442761 | lrm 0.0734 | dt_ms 1055.2
[2026-07-06 05:33:43] step 005216 | loss 0.387609 | lrm 0.0732 | dt_ms 1018.8
[2026-07-06 05:33:44] step 005217 | loss 0.360386 | lrm 0.0729 | dt_ms 1023.3
[2026-07-06 05:33:45] step 005218 | loss 0.359467 | lrm 0.0726 | dt_ms 998.9
[2026-07-06 05:33:46] step 005219 | loss 0.496811 | lrm 0.0723 | dt_ms 1014.4
[2026-07-06 05:33:47] step 005220 | loss 0.432415 | lrm 0.0721 | dt_ms 992.3
[2026-07-06 05:33:48] step 005221 | loss 0.522928 | lrm 0.0718 | dt_ms 1020.7
[2026-07-06 05:33:49] step 005222 | loss 0.446048 | lrm 0.0715 | dt_ms 1000.4
[2026-07-06 05:33:49] run stopped at step 5222: GPU-hour budget exhausted (12.001/12 GPU-h; 1.500h wall x 8 ranks). Saving final checkpoint.
[2026-07-06 05:37:30] saved checkpoint model_005223 -> /fast/rolmedo/nanoswe/base_checkpoints/d24_12hr_pIIItok/pt
[2026-07-06 05:37:31] run complete @ step 5223: 89.75 min training time; 12.001/12 GPU-h used; stopped by GPU-hour budget
[2026-07-06 05:38:16] vllm export model.safetensors sha256=232dd005d2e0d3f22502d858fcb0a3468ac5946431f85e0c720dd556c4a22470 -> /fast/rolmedo/nanoswe/base_checkpoints/d24_12hr_pIIItok/vllm
